Method,Job,AnalyzeLaunchVariance,EvaluateOverhead,MaxAbsoluteError,MaxRelativeError,MinInvokeCount,MinIterationTime,OutlierMode,Affinity,EnvironmentVariables,Jit,LargeAddressAware,Platform,PowerPlanMode,Runtime,AllowVeryLargeObjects,Concurrent,CpuGroups,Force,HeapAffinitizeMask,HeapCount,NoAffinitize,RetainVm,Server,Arguments,BuildConfiguration,Clock,EngineFactory,NuGetReferences,Toolchain,IsMutator,InvocationCount,IterationCount,IterationTime,LaunchCount,MaxIterationCount,MaxWarmupIterationCount,MemoryRandomization,MinIterationCount,MinWarmupIterationCount,RunStrategy,UnrollFactor,WarmupCount,Namespace,Categories,Count,Mean,Error,StdDev,StdErr,Median,Min,Q1,Q3,Max,Op/s,CI99.9% Margin,Iterations,Kurtosis,MValue,Skewness,Rank,LogicalGroup,Baseline,Completed Work Items,Lock Contentions,Code Size,Exceptions,Gen0,Gen1,Allocated
'HasItems: With Count',Job-FRJBZZ,False,True,Default,Default,Default,Default,Default,111111111111,Empty,RyuJit,Default,X64,8c5e7fda-e8bf-4a96-9a85-a6e23a8c635c,.NET 8.0,False,True,False,True,Default,Default,False,False,True,Default,Default,Default,Default,Default,Default,Default,Default,Default,Default,Default,Default,Default,Default,Default,Default,Default,16,Default,DotNetTips.Spargine.Extensions.BenchmarkTests,Collections,16,0.2378 ns,0.0059 ns,0.0055 ns,0.0014 ns,0.2375 ns,0.2310 ns,0.2341 ns,0.2404 ns,0.2486 ns,"4,205,484,894.9",7.499 ns,15.00,2.013,2.000,0.5219,2,*,No,0.0000,0.0000,43 B,0.0000,0.0000,0.0000,0 B
'HasItems: With Count',Job-FRJBZZ,False,True,Default,Default,Default,Default,Default,111111111111,Empty,RyuJit,Default,X64,8c5e7fda-e8bf-4a96-9a85-a6e23a8c635c,.NET 8.0,False,True,False,True,Default,Default,False,False,True,Default,Default,Default,Default,Default,Default,Default,Default,Default,Default,Default,Default,Default,Default,Default,Default,Default,16,Default,DotNetTips.Spargine.Extensions.BenchmarkTests,Collections,32,0.0029 ns,0.0046 ns,0.0043 ns,0.0011 ns,0.0009 ns,0.0000 ns,0.0000 ns,0.0048 ns,0.0144 ns,"344,383,496,407.8",7.499 ns,15.00,3.974,2.200,1.4102,1,*,No,0.0000,0.0000,43 B,0.0000,0.0000,0.0000,0 B
'HasItems: With Count',Job-FRJBZZ,False,True,Default,Default,Default,Default,Default,111111111111,Empty,RyuJit,Default,X64,8c5e7fda-e8bf-4a96-9a85-a6e23a8c635c,.NET 8.0,False,True,False,True,Default,Default,False,False,True,Default,Default,Default,Default,Default,Default,Default,Default,Default,Default,Default,Default,Default,Default,Default,Default,Default,16,Default,DotNetTips.Spargine.Extensions.BenchmarkTests,Collections,64,0.2379 ns,0.0094 ns,0.0083 ns,0.0022 ns,0.2353 ns,0.2295 ns,0.2324 ns,0.2420 ns,0.2595 ns,"4,203,525,954.2",6.999 ns,14.00,3.620,2.250,1.1667,2,*,No,0.0000,0.0000,43 B,0.0000,0.0000,0.0000,0 B
'HasItems: With Count',Job-FRJBZZ,False,True,Default,Default,Default,Default,Default,111111111111,Empty,RyuJit,Default,X64,8c5e7fda-e8bf-4a96-9a85-a6e23a8c635c,.NET 8.0,False,True,False,True,Default,Default,False,False,True,Default,Default,Default,Default,Default,Default,Default,Default,Default,Default,Default,Default,Default,Default,Default,Default,Default,16,Default,DotNetTips.Spargine.Extensions.BenchmarkTests,Collections,128,0.2424 ns,0.0081 ns,0.0076 ns,0.0020 ns,0.2419 ns,0.2311 ns,0.2363 ns,0.2489 ns,0.2548 ns,"4,125,849,706.7",7.499 ns,15.00,1.577,2.000,0.1313,2,*,No,0.0000,0.0000,43 B,0.0000,0.0000,0.0000,0 B
'HasItems: With Count',Job-FRJBZZ,False,True,Default,Default,Default,Default,Default,111111111111,Empty,RyuJit,Default,X64,8c5e7fda-e8bf-4a96-9a85-a6e23a8c635c,.NET 8.0,False,True,False,True,Default,Default,False,False,True,Default,Default,Default,Default,Default,Default,Default,Default,Default,Default,Default,Default,Default,Default,Default,Default,Default,16,Default,DotNetTips.Spargine.Extensions.BenchmarkTests,Collections,256,0.2420 ns,0.0059 ns,0.0055 ns,0.0014 ns,0.2411 ns,0.2302 ns,0.2380 ns,0.2462 ns,0.2508 ns,"4,132,555,018.5",7.499 ns,15.00,2.201,2.000,-0.3380,2,*,No,0.0000,0.0000,43 B,0.0000,0.0000,0.0000,0 B
'HasItems: With Count',Job-FRJBZZ,False,True,Default,Default,Default,Default,Default,111111111111,Empty,RyuJit,Default,X64,8c5e7fda-e8bf-4a96-9a85-a6e23a8c635c,.NET 8.0,False,True,False,True,Default,Default,False,False,True,Default,Default,Default,Default,Default,Default,Default,Default,Default,Default,Default,Default,Default,Default,Default,Default,Default,16,Default,DotNetTips.Spargine.Extensions.BenchmarkTests,Collections,512,0.2347 ns,0.0070 ns,0.0062 ns,0.0017 ns,0.2340 ns,0.2266 ns,0.2303 ns,0.2379 ns,0.2454 ns,"4,260,052,152.0",6.999 ns,14.00,1.701,2.000,0.3145,2,*,No,0.0000,0.0000,43 B,0.0000,0.0000,0.0000,0 B
'HasItems: With Count',Job-FRJBZZ,False,True,Default,Default,Default,Default,Default,111111111111,Empty,RyuJit,Default,X64,8c5e7fda-e8bf-4a96-9a85-a6e23a8c635c,.NET 8.0,False,True,False,True,Default,Default,False,False,True,Default,Default,Default,Default,Default,Default,Default,Default,Default,Default,Default,Default,Default,Default,Default,Default,Default,16,Default,DotNetTips.Spargine.Extensions.BenchmarkTests,Collections,1024,0.0070 ns,0.0070 ns,0.0065 ns,0.0017 ns,0.0084 ns,0.0000 ns,0.0005 ns,0.0109 ns,0.0211 ns,"142,091,240,452.2",7.499 ns,15.00,2.068,2.286,0.4425,1,*,No,0.0000,0.0000,43 B,0.0000,0.0000,0.0000,0 B
'HasItems: With Count',Job-FRJBZZ,False,True,Default,Default,Default,Default,Default,111111111111,Empty,RyuJit,Default,X64,8c5e7fda-e8bf-4a96-9a85-a6e23a8c635c,.NET 8.0,False,True,False,True,Default,Default,False,False,True,Default,Default,Default,Default,Default,Default,Default,Default,Default,Default,Default,Default,Default,Default,Default,Default,Default,16,Default,DotNetTips.Spargine.Extensions.BenchmarkTests,Collections,2048,0.2397 ns,0.0065 ns,0.0061 ns,0.0016 ns,0.2394 ns,0.2292 ns,0.2359 ns,0.2436 ns,0.2517 ns,"4,171,391,761.7",7.499 ns,15.00,2.093,2.000,0.2233,2,*,No,0.0000,0.0000,43 B,0.0000,0.0000,0.0000,0 B
'HasItems: With Predicate',Job-FRJBZZ,False,True,Default,Default,Default,Default,Default,111111111111,Empty,RyuJit,Default,X64,8c5e7fda-e8bf-4a96-9a85-a6e23a8c635c,.NET 8.0,False,True,False,True,Default,Default,False,False,True,Default,Default,Default,Default,Default,Default,Default,Default,Default,Default,Default,Default,Default,Default,Default,Default,Default,16,Default,DotNetTips.Spargine.Extensions.BenchmarkTests,Collections,16,101.1191 ns,0.8731 ns,0.8167 ns,0.2109 ns,100.9104 ns,99.7667 ns,100.5857 ns,101.6607 ns,102.4843 ns,"9,889,327.2",7.395 ns,15.00,1.654,2.000,0.0791,3,*,No,0.0000,0.0000,"1,511 B",0.0000,0.0019,0.0000,176 B
'HasItems: With Predicate',Job-FRJBZZ,False,True,Default,Default,Default,Default,Default,111111111111,Empty,RyuJit,Default,X64,8c5e7fda-e8bf-4a96-9a85-a6e23a8c635c,.NET 8.0,False,True,False,True,Default,Default,False,False,True,Default,Default,Default,Default,Default,Default,Default,Default,Default,Default,Default,Default,Default,Default,Default,Default,Default,16,Default,DotNetTips.Spargine.Extensions.BenchmarkTests,Collections,32,107.7256 ns,0.4991 ns,0.4669 ns,0.1205 ns,107.7605 ns,106.8688 ns,107.3733 ns,107.8827 ns,108.5479 ns,"9,282,848.3",7.440 ns,15.00,2.134,2.000,0.1703,4,*,No,0.0000,0.0000,"1,510 B",0.0000,0.0020,0.0000,192 B
'HasItems: With Predicate',Job-FRJBZZ,False,True,Default,Default,Default,Default,Default,111111111111,Empty,RyuJit,Default,X64,8c5e7fda-e8bf-4a96-9a85-a6e23a8c635c,.NET 8.0,False,True,False,True,Default,Default,False,False,True,Default,Default,Default,Default,Default,Default,Default,Default,Default,Default,Default,Default,Default,Default,Default,Default,Default,16,Default,DotNetTips.Spargine.Extensions.BenchmarkTests,Collections,64,123.0770 ns,1.1724 ns,1.0966 ns,0.2831 ns,123.0526 ns,121.5237 ns,122.1654 ns,123.9667 ns,124.7646 ns,"8,124,994.1",7.358 ns,15.00,1.394,2.000,0.1661,5,*,No,0.0000,0.0000,"1,510 B",0.0000,0.0021,0.0000,208 B
'HasItems: With Predicate',Job-FRJBZZ,False,True,Default,Default,Default,Default,Default,111111111111,Empty,RyuJit,Default,X64,8c5e7fda-e8bf-4a96-9a85-a6e23a8c635c,.NET 8.0,False,True,False,True,Default,Default,False,False,True,Default,Default,Default,Default,Default,Default,Default,Default,Default,Default,Default,Default,Default,Default,Default,Default,Default,16,Default,DotNetTips.Spargine.Extensions.BenchmarkTests,Collections,128,124.3265 ns,0.9240 ns,0.8643 ns,0.2232 ns,124.3325 ns,122.9820 ns,123.7466 ns,124.7265 ns,125.9376 ns,"8,043,335.5",7.388 ns,15.00,1.959,2.000,0.1270,5,*,No,0.0000,0.0000,"1,510 B",0.0000,0.0024,0.0000,224 B
'HasItems: With Predicate',Job-FRJBZZ,False,True,Default,Default,Default,Default,Default,111111111111,Empty,RyuJit,Default,X64,8c5e7fda-e8bf-4a96-9a85-a6e23a8c635c,.NET 8.0,False,True,False,True,Default,Default,False,False,True,Default,Default,Default,Default,Default,Default,Default,Default,Default,Default,Default,Default,Default,Default,Default,Default,Default,16,Default,DotNetTips.Spargine.Extensions.BenchmarkTests,Collections,256,125.5664 ns,1.1812 ns,1.0471 ns,0.2798 ns,125.6373 ns,123.7992 ns,124.9831 ns,126.3683 ns,127.0843 ns,"7,963,915.6",6.860 ns,14.00,1.836,2.000,-0.2055,5,*,No,0.0000,0.0000,"1,511 B",0.0000,0.0026,0.0000,240 B
'HasItems: With Predicate',Job-FRJBZZ,False,True,Default,Default,Default,Default,Default,111111111111,Empty,RyuJit,Default,X64,8c5e7fda-e8bf-4a96-9a85-a6e23a8c635c,.NET 8.0,False,True,False,True,Default,Default,False,False,True,Default,Default,Default,Default,Default,Default,Default,Default,Default,Default,Default,Default,Default,Default,Default,Default,Default,16,Default,DotNetTips.Spargine.Extensions.BenchmarkTests,Collections,512,130.8997 ns,1.1781 ns,1.1020 ns,0.2845 ns,130.8925 ns,128.3857 ns,130.2920 ns,131.5493 ns,132.8156 ns,"7,639,438.0",7.358 ns,15.00,2.881,2.000,-0.3048,6,*,No,0.0000,0.0000,"1,511 B",0.0000,0.0026,0.0000,256 B
'HasItems: With Predicate',Job-FRJBZZ,False,True,Default,Default,Default,Default,Default,111111111111,Empty,RyuJit,Default,X64,8c5e7fda-e8bf-4a96-9a85-a6e23a8c635c,.NET 8.0,False,True,False,True,Default,Default,False,False,True,Default,Default,Default,Default,Default,Default,Default,Default,Default,Default,Default,Default,Default,Default,Default,Default,Default,16,Default,DotNetTips.Spargine.Extensions.BenchmarkTests,Collections,1024,146.8312 ns,0.6943 ns,0.6155 ns,0.1645 ns,146.7620 ns,145.7869 ns,146.3904 ns,147.3373 ns,147.8802 ns,"6,810,542.5",6.918 ns,14.00,1.585,2.000,0.0287,7,*,No,0.0000,0.0000,"1,379 B",0.0000,0.0029,0.0000,272 B
'HasItems: With Predicate',Job-FRJBZZ,False,True,Default,Default,Default,Default,Default,111111111111,Empty,RyuJit,Default,X64,8c5e7fda-e8bf-4a96-9a85-a6e23a8c635c,.NET 8.0,False,True,False,True,Default,Default,False,False,True,Default,Default,Default,Default,Default,Default,Default,Default,Default,Default,Default,Default,Default,Default,Default,Default,Default,16,Default,DotNetTips.Spargine.Extensions.BenchmarkTests,Collections,2048,147.4929 ns,0.7163 ns,0.6700 ns,0.1730 ns,147.2984 ns,146.7431 ns,146.9886 ns,147.9231 ns,148.7965 ns,"6,779,989.2",7.413 ns,15.00,2.083,2.000,0.7270,7,*,No,0.0000,0.0000,"1,510 B",0.0000,0.0031,0.0000,288 B
DoesNotHaveItems,Job-FRJBZZ,False,True,Default,Default,Default,Default,Default,111111111111,Empty,RyuJit,Default,X64,8c5e7fda-e8bf-4a96-9a85-a6e23a8c635c,.NET 8.0,False,True,False,True,Default,Default,False,False,True,Default,Default,Default,Default,Default,Default,Default,Default,Default,Default,Default,Default,Default,Default,Default,Default,Default,16,Default,DotNetTips.Spargine.Extensions.BenchmarkTests,Collections,16,0.2382 ns,0.0097 ns,0.0086 ns,0.0023 ns,0.2371 ns,0.2248 ns,0.2333 ns,0.2423 ns,0.2549 ns,"4,198,489,369.1",6.999 ns,14.00,2.231,2.500,0.3717,2,*,No,0.0000,0.0000,41 B,0.0000,0.0000,0.0000,0 B
DoesNotHaveItems,Job-FRJBZZ,False,True,Default,Default,Default,Default,Default,111111111111,Empty,RyuJit,Default,X64,8c5e7fda-e8bf-4a96-9a85-a6e23a8c635c,.NET 8.0,False,True,False,True,Default,Default,False,False,True,Default,Default,Default,Default,Default,Default,Default,Default,Default,Default,Default,Default,Default,Default,Default,Default,Default,16,Default,DotNetTips.Spargine.Extensions.BenchmarkTests,Collections,32,0.2407 ns,0.0069 ns,0.0064 ns,0.0017 ns,0.2415 ns,0.2296 ns,0.2367 ns,0.2455 ns,0.2522 ns,"4,153,763,484.7",7.499 ns,15.00,1.983,2.000,-0.1277,2,*,No,0.0000,0.0000,41 B,0.0000,0.0000,0.0000,0 B
DoesNotHaveItems,Job-FRJBZZ,False,True,Default,Default,Default,Default,Default,111111111111,Empty,RyuJit,Default,X64,8c5e7fda-e8bf-4a96-9a85-a6e23a8c635c,.NET 8.0,False,True,False,True,Default,Default,False,False,True,Default,Default,Default,Default,Default,Default,Default,Default,Default,Default,Default,Default,Default,Default,Default,Default,Default,16,Default,DotNetTips.Spargine.Extensions.BenchmarkTests,Collections,64,0.2382 ns,0.0102 ns,0.0096 ns,0.0025 ns,0.2380 ns,0.2271 ns,0.2310 ns,0.2416 ns,0.2570 ns,"4,197,533,914.9",7.499 ns,15.00,2.407,2.250,0.6494,2,*,No,0.0000,0.0000,41 B,0.0000,0.0000,0.0000,0 B
DoesNotHaveItems,Job-FRJBZZ,False,True,Default,Default,Default,Default,Default,111111111111,Empty,RyuJit,Default,X64,8c5e7fda-e8bf-4a96-9a85-a6e23a8c635c,.NET 8.0,False,True,False,True,Default,Default,False,False,True,Default,Default,Default,Default,Default,Default,Default,Default,Default,Default,Default,Default,Default,Default,Default,Default,Default,16,Default,DotNetTips.Spargine.Extensions.BenchmarkTests,Collections,128,0.0019 ns,0.0031 ns,0.0029 ns,0.0007 ns,0.0001 ns,0.0000 ns,0.0000 ns,0.0028 ns,0.0082 ns,"519,713,439,000.5",7.500 ns,15.00,2.574,2.200,1.1117,1,*,No,0.0000,0.0000,41 B,0.0000,0.0000,0.0000,0 B
DoesNotHaveItems,Job-FRJBZZ,False,True,Default,Default,Default,Default,Default,111111111111,Empty,RyuJit,Default,X64,8c5e7fda-e8bf-4a96-9a85-a6e23a8c635c,.NET 8.0,False,True,False,True,Default,Default,False,False,True,Default,Default,Default,Default,Default,Default,Default,Default,Default,Default,Default,Default,Default,Default,Default,Default,Default,16,Default,DotNetTips.Spargine.Extensions.BenchmarkTests,Collections,256,0.0048 ns,0.0076 ns,0.0071 ns,0.0018 ns,0.0000 ns,0.0000 ns,0.0000 ns,0.0086 ns,0.0195 ns,"206,251,887,063.1",7.499 ns,15.00,2.124,2.727,0.9511,1,*,No,0.0000,0.0000,41 B,0.0000,0.0000,0.0000,0 B
DoesNotHaveItems,Job-FRJBZZ,False,True,Default,Default,Default,Default,Default,111111111111,Empty,RyuJit,Default,X64,8c5e7fda-e8bf-4a96-9a85-a6e23a8c635c,.NET 8.0,False,True,False,True,Default,Default,False,False,True,Default,Default,Default,Default,Default,Default,Default,Default,Default,Default,Default,Default,Default,Default,Default,Default,Default,16,Default,DotNetTips.Spargine.Extensions.BenchmarkTests,Collections,512,0.2390 ns,0.0053 ns,0.0050 ns,0.0013 ns,0.2385 ns,0.2317 ns,0.2359 ns,0.2424 ns,0.2499 ns,"4,183,482,942.0",7.499 ns,15.00,2.396,2.000,0.3448,2,*,No,0.0000,0.0000,41 B,0.0000,0.0000,0.0000,0 B
DoesNotHaveItems,Job-FRJBZZ,False,True,Default,Default,Default,Default,Default,111111111111,Empty,RyuJit,Default,X64,8c5e7fda-e8bf-4a96-9a85-a6e23a8c635c,.NET 8.0,False,True,False,True,Default,Default,False,False,True,Default,Default,Default,Default,Default,Default,Default,Default,Default,Default,Default,Default,Default,Default,Default,Default,Default,16,Default,DotNetTips.Spargine.Extensions.BenchmarkTests,Collections,1024,0.2383 ns,0.0051 ns,0.0048 ns,0.0012 ns,0.2388 ns,0.2263 ns,0.2369 ns,0.2416 ns,0.2441 ns,"4,196,166,923.3",7.499 ns,15.00,3.336,2.000,-0.9089,2,*,No,0.0000,0.0000,41 B,0.0000,0.0000,0.0000,0 B
DoesNotHaveItems,Job-FRJBZZ,False,True,Default,Default,Default,Default,Default,111111111111,Empty,RyuJit,Default,X64,8c5e7fda-e8bf-4a96-9a85-a6e23a8c635c,.NET 8.0,False,True,False,True,Default,Default,False,False,True,Default,Default,Default,Default,Default,Default,Default,Default,Default,Default,Default,Default,Default,Default,Default,Default,Default,16,Default,DotNetTips.Spargine.Extensions.BenchmarkTests,Collections,2048,0.2434 ns,0.0115 ns,0.0108 ns,0.0028 ns,0.2424 ns,0.2287 ns,0.2359 ns,0.2478 ns,0.2641 ns,"4,108,484,813.7",7.499 ns,15.00,2.335,2.000,0.5716,2,*,No,0.0000,0.0000,41 B,0.0000,0.0000,0.0000,0 B
HasItems,Job-FRJBZZ,False,True,Default,Default,Default,Default,Default,111111111111,Empty,RyuJit,Default,X64,8c5e7fda-e8bf-4a96-9a85-a6e23a8c635c,.NET 8.0,False,True,False,True,Default,Default,False,False,True,Default,Default,Default,Default,Default,Default,Default,Default,Default,Default,Default,Default,Default,Default,Default,Default,Default,16,Default,DotNetTips.Spargine.Extensions.BenchmarkTests,Collections,16,0.0053 ns,0.0064 ns,0.0060 ns,0.0015 ns,0.0009 ns,0.0000 ns,0.0000 ns,0.0103 ns,0.0151 ns,"189,390,715,624.6",7.499 ns,15.00,1.242,3.250,0.3373,1,*,No,0.0000,0.0000,38 B,0.0000,0.0000,0.0000,0 B
HasItems,Job-FRJBZZ,False,True,Default,Default,Default,Default,Default,111111111111,Empty,RyuJit,Default,X64,8c5e7fda-e8bf-4a96-9a85-a6e23a8c635c,.NET 8.0,False,True,False,True,Default,Default,False,False,True,Default,Default,Default,Default,Default,Default,Default,Default,Default,Default,Default,Default,Default,Default,Default,Default,Default,16,Default,DotNetTips.Spargine.Extensions.BenchmarkTests,Collections,32,0.2401 ns,0.0032 ns,0.0027 ns,0.0007 ns,0.2400 ns,0.2341 ns,0.2394 ns,0.2416 ns,0.2440 ns,"4,165,614,332.6",6.500 ns,13.00,2.653,2.000,-0.6776,2,*,No,0.0000,0.0000,38 B,0.0000,0.0000,0.0000,0 B
HasItems,Job-FRJBZZ,False,True,Default,Default,Default,Default,Default,111111111111,Empty,RyuJit,Default,X64,8c5e7fda-e8bf-4a96-9a85-a6e23a8c635c,.NET 8.0,False,True,False,True,Default,Default,False,False,True,Default,Default,Default,Default,Default,Default,Default,Default,Default,Default,Default,Default,Default,Default,Default,Default,Default,16,Default,DotNetTips.Spargine.Extensions.BenchmarkTests,Collections,64,0.2444 ns,0.0122 ns,0.0114 ns,0.0029 ns,0.2401 ns,0.2315 ns,0.2364 ns,0.2533 ns,0.2648 ns,"4,092,060,875.2",7.499 ns,15.00,1.814,2.600,0.6450,2,*,No,0.0000,0.0000,38 B,0.0000,0.0000,0.0000,0 B
HasItems,Job-FRJBZZ,False,True,Default,Default,Default,Default,Default,111111111111,Empty,RyuJit,Default,X64,8c5e7fda-e8bf-4a96-9a85-a6e23a8c635c,.NET 8.0,False,True,False,True,Default,Default,False,False,True,Default,Default,Default,Default,Default,Default,Default,Default,Default,Default,Default,Default,Default,Default,Default,Default,Default,16,Default,DotNetTips.Spargine.Extensions.BenchmarkTests,Collections,128,0.2367 ns,0.0062 ns,0.0058 ns,0.0015 ns,0.2352 ns,0.2276 ns,0.2323 ns,0.2412 ns,0.2466 ns,"4,225,627,343.0",7.499 ns,15.00,1.624,2.000,0.0796,2,*,No,0.0000,0.0000,38 B,0.0000,0.0000,0.0000,0 B
HasItems,Job-FRJBZZ,False,True,Default,Default,Default,Default,Default,111111111111,Empty,RyuJit,Default,X64,8c5e7fda-e8bf-4a96-9a85-a6e23a8c635c,.NET 8.0,False,True,False,True,Default,Default,False,False,True,Default,Default,Default,Default,Default,Default,Default,Default,Default,Default,Default,Default,Default,Default,Default,Default,Default,16,Default,DotNetTips.Spargine.Extensions.BenchmarkTests,Collections,256,0.0003 ns,0.0011 ns,0.0010 ns,0.0003 ns,0.0000 ns,0.0000 ns,0.0000 ns,0.0000 ns,0.0038 ns,"3,131,781,784,242.0",7.500 ns,15.00,9.905,2.000,2.8251,1,*,No,0.0000,0.0000,38 B,0.0000,0.0000,0.0000,0 B
HasItems,Job-FRJBZZ,False,True,Default,Default,Default,Default,Default,111111111111,Empty,RyuJit,Default,X64,8c5e7fda-e8bf-4a96-9a85-a6e23a8c635c,.NET 8.0,False,True,False,True,Default,Default,False,False,True,Default,Default,Default,Default,Default,Default,Default,Default,Default,Default,Default,Default,Default,Default,Default,Default,Default,16,Default,DotNetTips.Spargine.Extensions.BenchmarkTests,Collections,512,0.2367 ns,0.0068 ns,0.0060 ns,0.0016 ns,0.2364 ns,0.2245 ns,0.2345 ns,0.2391 ns,0.2475 ns,"4,224,183,735.4",6.999 ns,14.00,2.620,2.000,-0.1243,2,*,No,0.0000,0.0000,38 B,0.0000,0.0000,0.0000,0 B
HasItems,Job-FRJBZZ,False,True,Default,Default,Default,Default,Default,111111111111,Empty,RyuJit,Default,X64,8c5e7fda-e8bf-4a96-9a85-a6e23a8c635c,.NET 8.0,False,True,False,True,Default,Default,False,False,True,Default,Default,Default,Default,Default,Default,Default,Default,Default,Default,Default,Default,Default,Default,Default,Default,Default,16,Default,DotNetTips.Spargine.Extensions.BenchmarkTests,Collections,1024,0.2381 ns,0.0065 ns,0.0058 ns,0.0015 ns,0.2378 ns,0.2274 ns,0.2354 ns,0.2429 ns,0.2462 ns,"4,200,394,806.9",6.999 ns,14.00,1.927,2.000,-0.2693,2,*,No,0.0000,0.0000,38 B,0.0000,0.0000,0.0000,0 B
HasItems,Job-FRJBZZ,False,True,Default,Default,Default,Default,Default,111111111111,Empty,RyuJit,Default,X64,8c5e7fda-e8bf-4a96-9a85-a6e23a8c635c,.NET 8.0,False,True,False,True,Default,Default,False,False,True,Default,Default,Default,Default,Default,Default,Default,Default,Default,Default,Default,Default,Default,Default,Default,Default,Default,16,Default,DotNetTips.Spargine.Extensions.BenchmarkTests,Collections,2048,0.2416 ns,0.0086 ns,0.0080 ns,0.0021 ns,0.2420 ns,0.2263 ns,0.2366 ns,0.2453 ns,0.2544 ns,"4,139,211,100.3",7.499 ns,15.00,2.132,2.000,-0.0478,2,*,No,0.0000,0.0000,38 B,0.0000,0.0000,0.0000,0 B
ToImmutable,Job-FRJBZZ,False,True,Default,Default,Default,Default,Default,111111111111,Empty,RyuJit,Default,X64,8c5e7fda-e8bf-4a96-9a85-a6e23a8c635c,.NET 8.0,False,True,False,True,Default,Default,False,False,True,Default,Default,Default,Default,Default,Default,Default,Default,Default,Default,Default,Default,Default,Default,Default,Default,Default,16,Default,DotNetTips.Spargine.Extensions.BenchmarkTests,Collections,16,"1,155.8487 ns",4.7128 ns,4.4084 ns,1.1382 ns,"1,155.1279 ns","1,147.9563 ns","1,153.1921 ns","1,160.0932 ns","1,162.0245 ns","865,165.1",6.931 ns,15.00,1.690,2.000,0.0720,12,*,No,0.0000,0.0000,970 B,0.0000,0.0286,0.0000,2696 B
ToImmutable,Job-FRJBZZ,False,True,Default,Default,Default,Default,Default,111111111111,Empty,RyuJit,Default,X64,8c5e7fda-e8bf-4a96-9a85-a6e23a8c635c,.NET 8.0,False,True,False,True,Default,Default,False,False,True,Default,Default,Default,Default,Default,Default,Default,Default,Default,Default,Default,Default,Default,Default,Default,Default,Default,16,Default,DotNetTips.Spargine.Extensions.BenchmarkTests,Collections,32,"2,185.3482 ns",23.2709 ns,21.7676 ns,5.6204 ns,"2,187.1788 ns","2,145.5391 ns","2,174.5707 ns","2,198.8461 ns","2,222.5941 ns","457,593.0",4.690 ns,15.00,2.044,2.000,-0.1727,17,*,No,0.0000,0.0000,970 B,0.0000,0.0496,0.0000,4792 B
ToImmutable,Job-FRJBZZ,False,True,Default,Default,Default,Default,Default,111111111111,Empty,RyuJit,Default,X64,8c5e7fda-e8bf-4a96-9a85-a6e23a8c635c,.NET 8.0,False,True,False,True,Default,Default,False,False,True,Default,Default,Default,Default,Default,Default,Default,Default,Default,Default,Default,Default,Default,Default,Default,Default,Default,16,Default,DotNetTips.Spargine.Extensions.BenchmarkTests,Collections,64,"4,230.0627 ns",33.8411 ns,31.6550 ns,8.1733 ns,"4,234.6062 ns","4,174.6826 ns","4,201.5995 ns","4,252.1923 ns","4,277.1660 ns","236,403.1",3.413 ns,15.00,1.661,2.000,-0.1868,18,*,No,0.0000,0.0000,970 B,0.0000,0.0916,0.0000,8936 B
ToImmutable,Job-FRJBZZ,False,True,Default,Default,Default,Default,Default,111111111111,Empty,RyuJit,Default,X64,8c5e7fda-e8bf-4a96-9a85-a6e23a8c635c,.NET 8.0,False,True,False,True,Default,Default,False,False,True,Default,Default,Default,Default,Default,Default,Default,Default,Default,Default,Default,Default,Default,Default,Default,Default,Default,16,Default,DotNetTips.Spargine.Extensions.BenchmarkTests,Collections,128,"8,241.3349 ns",96.3064 ns,90.0851 ns,23.2599 ns,"8,248.5558 ns","8,072.4632 ns","8,186.5501 ns","8,319.6609 ns","8,380.7930 ns","121,339.6",-4.130 ns,15.00,1.778,2.000,-0.1910,19,*,No,0.0000,0.0000,970 B,0.0000,0.1831,0.0000,17176 B
ToImmutable,Job-FRJBZZ,False,True,Default,Default,Default,Default,Default,111111111111,Empty,RyuJit,Default,X64,8c5e7fda-e8bf-4a96-9a85-a6e23a8c635c,.NET 8.0,False,True,False,True,Default,Default,False,False,True,Default,Default,Default,Default,Default,Default,Default,Default,Default,Default,Default,Default,Default,Default,Default,Default,Default,16,Default,DotNetTips.Spargine.Extensions.BenchmarkTests,Collections,256,"16,513.7501 ns",76.8155 ns,68.0949 ns,18.1991 ns,"16,485.8688 ns","16,417.1982 ns","16,479.6165 ns","16,565.2794 ns","16,647.7585 ns","60,555.6",-2.100 ns,14.00,1.998,2.000,0.6196,20,*,No,0.0000,0.0000,970 B,0.0000,0.3662,0.0000,33608 B
ToImmutable,Job-FRJBZZ,False,True,Default,Default,Default,Default,Default,111111111111,Empty,RyuJit,Default,X64,8c5e7fda-e8bf-4a96-9a85-a6e23a8c635c,.NET 8.0,False,True,False,True,Default,Default,False,False,True,Default,Default,Default,Default,Default,Default,Default,Default,Default,Default,Default,Default,Default,Default,Default,Default,Default,16,Default,DotNetTips.Spargine.Extensions.BenchmarkTests,Collections,512,"32,871.7179 ns",293.1379 ns,274.2013 ns,70.7985 ns,"32,815.5151 ns","32,481.8909 ns","32,684.6710 ns","33,046.8811 ns","33,377.6672 ns","30,421.3",-27.899 ns,15.00,1.882,2.000,0.4674,21,*,No,0.0000,0.0000,970 B,0.0000,0.6714,0.0000,66424 B
ToImmutable,Job-FRJBZZ,False,True,Default,Default,Default,Default,Default,111111111111,Empty,RyuJit,Default,X64,8c5e7fda-e8bf-4a96-9a85-a6e23a8c635c,.NET 8.0,False,True,False,True,Default,Default,False,False,True,Default,Default,Default,Default,Default,Default,Default,Default,Default,Default,Default,Default,Default,Default,Default,Default,Default,16,Default,DotNetTips.Spargine.Extensions.BenchmarkTests,Collections,1024,"66,942.8760 ns",489.4047 ns,457.7895 ns,118.2007 ns,"67,033.4961 ns","66,131.7749 ns","66,557.5867 ns","67,270.3552 ns","67,568.9087 ns","14,938.1",-51.600 ns,15.00,1.667,2.000,-0.3384,22,*,No,0.0000,0.0000,970 B,0.0000,1.3428,0.0000,132008 B
ToImmutable,Job-FRJBZZ,False,True,Default,Default,Default,Default,Default,111111111111,Empty,RyuJit,Default,X64,8c5e7fda-e8bf-4a96-9a85-a6e23a8c635c,.NET 8.0,False,True,False,True,Default,Default,False,False,True,Default,Default,Default,Default,Default,Default,Default,Default,Default,Default,Default,Default,Default,Default,Default,Default,Default,16,Default,DotNetTips.Spargine.Extensions.BenchmarkTests,Collections,2048,"138,130.4036 ns","1,151.1184 ns","1,076.7569 ns",278.0174 ns,"137,957.3242 ns","136,101.6846 ns","137,450.1221 ns","138,815.1733 ns","139,971.2891 ns","7,239.5",-131.509 ns,15.00,2.044,2.000,0.0388,23,*,No,0.0000,0.0000,970 B,0.0000,2.6855,0.4883,263128 B
Upsert,Job-FRJBZZ,False,True,Default,Default,Default,Default,Default,111111111111,Empty,RyuJit,Default,X64,8c5e7fda-e8bf-4a96-9a85-a6e23a8c635c,.NET 8.0,False,True,False,True,Default,Default,False,False,True,Default,Default,Default,Default,Default,Default,Default,Default,Default,Default,Default,Default,Default,Default,Default,Default,Default,16,Default,DotNetTips.Spargine.Extensions.BenchmarkTests,Collections,16,706.8881 ns,4.8932 ns,4.5771 ns,1.1818 ns,706.3309 ns,700.6363 ns,702.7678 ns,709.9722 ns,716.0737 ns,"1,414,651.0",6.909 ns,15.00,1.932,2.000,0.2760,9,*,No,0.0000,0.0000,554 B,0.0000,0.0000,0.0000,56 B
Upsert,Job-FRJBZZ,False,True,Default,Default,Default,Default,Default,111111111111,Empty,RyuJit,Default,X64,8c5e7fda-e8bf-4a96-9a85-a6e23a8c635c,.NET 8.0,False,True,False,True,Default,Default,False,False,True,Default,Default,Default,Default,Default,Default,Default,Default,Default,Default,Default,Default,Default,Default,Default,Default,Default,16,Default,DotNetTips.Spargine.Extensions.BenchmarkTests,Collections,32,613.4682 ns,3.6042 ns,3.3714 ns,0.8705 ns,614.2068 ns,606.6109 ns,610.9804 ns,615.4765 ns,618.3274 ns,"1,630,076.4",7.065 ns,15.00,1.995,2.000,-0.3275,8,*,No,0.0000,0.0000,554 B,0.0000,0.0000,0.0000,56 B
Upsert,Job-FRJBZZ,False,True,Default,Default,Default,Default,Default,111111111111,Empty,RyuJit,Default,X64,8c5e7fda-e8bf-4a96-9a85-a6e23a8c635c,.NET 8.0,False,True,False,True,Default,Default,False,False,True,Default,Default,Default,Default,Default,Default,Default,Default,Default,Default,Default,Default,Default,Default,Default,Default,Default,16,Default,DotNetTips.Spargine.Extensions.BenchmarkTests,Collections,64,888.1326 ns,8.0277 ns,7.5091 ns,1.9388 ns,885.9883 ns,876.3688 ns,883.0277 ns,892.1135 ns,902.3697 ns,"1,125,958.0",6.531 ns,15.00,2.142,2.000,0.4571,10,*,No,0.0000,0.0000,554 B,0.0000,0.0000,0.0000,56 B
Upsert,Job-FRJBZZ,False,True,Default,Default,Default,Default,Default,111111111111,Empty,RyuJit,Default,X64,8c5e7fda-e8bf-4a96-9a85-a6e23a8c635c,.NET 8.0,False,True,False,True,Default,Default,False,False,True,Default,Default,Default,Default,Default,Default,Default,Default,Default,Default,Default,Default,Default,Default,Default,Default,Default,16,Default,DotNetTips.Spargine.Extensions.BenchmarkTests,Collections,128,981.2412 ns,5.6496 ns,5.0083 ns,1.3385 ns,982.1299 ns,971.3852 ns,977.9341 ns,984.5873 ns,987.6875 ns,"1,019,117.4",6.331 ns,14.00,1.884,2.000,-0.4019,11,*,No,0.0000,0.0000,554 B,0.0000,0.0000,0.0000,56 B
Upsert,Job-FRJBZZ,False,True,Default,Default,Default,Default,Default,111111111111,Empty,RyuJit,Default,X64,8c5e7fda-e8bf-4a96-9a85-a6e23a8c635c,.NET 8.0,False,True,False,True,Default,Default,False,False,True,Default,Default,Default,Default,Default,Default,Default,Default,Default,Default,Default,Default,Default,Default,Default,Default,Default,16,Default,DotNetTips.Spargine.Extensions.BenchmarkTests,Collections,256,"1,247.3255 ns",8.5808 ns,7.1654 ns,1.9873 ns,"1,249.2788 ns","1,231.7871 ns","1,245.1653 ns","1,251.4055 ns","1,256.5483 ns","801,715.4",5.506 ns,13.00,2.559,2.000,-0.7998,13,*,No,0.0000,0.0000,554 B,0.0000,0.0000,0.0000,56 B
Upsert,Job-FRJBZZ,False,True,Default,Default,Default,Default,Default,111111111111,Empty,RyuJit,Default,X64,8c5e7fda-e8bf-4a96-9a85-a6e23a8c635c,.NET 8.0,False,True,False,True,Default,Default,False,False,True,Default,Default,Default,Default,Default,Default,Default,Default,Default,Default,Default,Default,Default,Default,Default,Default,Default,16,Default,DotNetTips.Spargine.Extensions.BenchmarkTests,Collections,512,"1,327.2716 ns",6.1906 ns,5.7907 ns,1.4951 ns,"1,326.0305 ns","1,318.8118 ns","1,322.6095 ns","1,331.3123 ns","1,339.3251 ns","753,425.3",6.752 ns,15.00,2.039,2.000,0.4402,14,*,No,0.0000,0.0000,554 B,0.0000,0.0000,0.0000,56 B
Upsert,Job-FRJBZZ,False,True,Default,Default,Default,Default,Default,111111111111,Empty,RyuJit,Default,X64,8c5e7fda-e8bf-4a96-9a85-a6e23a8c635c,.NET 8.0,False,True,False,True,Default,Default,False,False,True,Default,Default,Default,Default,Default,Default,Default,Default,Default,Default,Default,Default,Default,Default,Default,Default,Default,16,Default,DotNetTips.Spargine.Extensions.BenchmarkTests,Collections,1024,"1,467.7444 ns",5.6546 ns,5.0126 ns,1.3397 ns,"1,468.8740 ns","1,452.4099 ns","1,466.6875 ns","1,470.7162 ns","1,472.6509 ns","681,317.5",6.330 ns,14.00,6.400,2.000,-1.9193,15,*,No,0.0000,0.0000,554 B,0.0000,0.0000,0.0000,56 B
Upsert,Job-FRJBZZ,False,True,Default,Default,Default,Default,Default,111111111111,Empty,RyuJit,Default,X64,8c5e7fda-e8bf-4a96-9a85-a6e23a8c635c,.NET 8.0,False,True,False,True,Default,Default,False,False,True,Default,Default,Default,Default,Default,Default,Default,Default,Default,Default,Default,Default,Default,Default,Default,Default,Default,16,Default,DotNetTips.Spargine.Extensions.BenchmarkTests,Collections,2048,"1,567.6557 ns",9.7337 ns,9.1049 ns,2.3509 ns,"1,567.2039 ns","1,554.2397 ns","1,561.9150 ns","1,572.8339 ns","1,585.6140 ns","637,895.2",6.325 ns,15.00,2.132,2.000,0.2718,16,*,No,0.0000,0.0000,554 B,0.0000,0.0000,0.0000,56 B
