Method,Job,AnalyzeLaunchVariance,EvaluateOverhead,MaxAbsoluteError,MaxRelativeError,MinInvokeCount,MinIterationTime,OutlierMode,Affinity,EnvironmentVariables,Jit,LargeAddressAware,Platform,PowerPlanMode,Runtime,AllowVeryLargeObjects,Concurrent,CpuGroups,Force,HeapAffinitizeMask,HeapCount,NoAffinitize,RetainVm,Server,Arguments,BuildConfiguration,Clock,EngineFactory,NuGetReferences,Toolchain,IsMutator,InvocationCount,IterationCount,IterationTime,LaunchCount,MaxIterationCount,MaxWarmupIterationCount,MemoryRandomization,MinIterationCount,MinWarmupIterationCount,RunStrategy,UnrollFactor,WarmupCount,Namespace,Categories,Count,Mean,Error,StdDev,StdErr,Median,Min,Q1,Q3,Max,Op/s,CI99.9% Margin,Iterations,Kurtosis,MValue,Skewness,Rank,LogicalGroup,Baseline,Completed Work Items,Lock Contentions,Gen0,Exceptions,Code Size,Gen1,Allocated
'HasItems: With Count',Job-LNCZTW,False,True,Default,Default,Default,Default,Default,111111111111,Empty,RyuJit,Default,X64,8c5e7fda-e8bf-4a96-9a85-a6e23a8c635c,.NET 8.0,False,True,False,True,Default,Default,False,False,True,Default,Default,Default,Default,Default,Default,Default,Default,Default,Default,Default,Default,Default,Default,Default,Default,Default,16,Default,DotNetTips.Spargine.Extensions.BenchmarkTests,Collections,16,57.589 ns,0.2313 ns,0.2164 ns,0.0559 ns,57.568 ns,57.288 ns,57.443 ns,57.692 ns,58.031 ns,"17,364,425.5",0.2313 ns,15.00,2.071,2.000,0.4016,16,*,No,0.0000,0.0000,0.0004,0.0000,310 B,0.0000,40 B
'HasItems: With Count',Job-LNCZTW,False,True,Default,Default,Default,Default,Default,111111111111,Empty,RyuJit,Default,X64,8c5e7fda-e8bf-4a96-9a85-a6e23a8c635c,.NET 8.0,False,True,False,True,Default,Default,False,False,True,Default,Default,Default,Default,Default,Default,Default,Default,Default,Default,Default,Default,Default,Default,Default,Default,Default,16,Default,DotNetTips.Spargine.Extensions.BenchmarkTests,Collections,32,102.165 ns,0.2685 ns,0.2511 ns,0.0648 ns,102.148 ns,101.768 ns,101.979 ns,102.300 ns,102.754 ns,"9,788,119.5",0.2685 ns,15.00,2.765,2.000,0.5824,24,*,No,0.0000,0.0000,0.0004,0.0000,310 B,0.0000,40 B
'HasItems: With Count',Job-LNCZTW,False,True,Default,Default,Default,Default,Default,111111111111,Empty,RyuJit,Default,X64,8c5e7fda-e8bf-4a96-9a85-a6e23a8c635c,.NET 8.0,False,True,False,True,Default,Default,False,False,True,Default,Default,Default,Default,Default,Default,Default,Default,Default,Default,Default,Default,Default,Default,Default,Default,Default,16,Default,DotNetTips.Spargine.Extensions.BenchmarkTests,Collections,64,172.746 ns,0.4472 ns,0.3734 ns,0.1036 ns,172.861 ns,171.831 ns,172.657 ns,172.944 ns,173.368 ns,"5,788,843.3",0.4472 ns,13.00,3.505,2.000,-0.8223,31,*,No,0.0000,0.0000,0.0002,0.0000,310 B,0.0000,40 B
'HasItems: With Count',Job-LNCZTW,False,True,Default,Default,Default,Default,Default,111111111111,Empty,RyuJit,Default,X64,8c5e7fda-e8bf-4a96-9a85-a6e23a8c635c,.NET 8.0,False,True,False,True,Default,Default,False,False,True,Default,Default,Default,Default,Default,Default,Default,Default,Default,Default,Default,Default,Default,Default,Default,Default,Default,16,Default,DotNetTips.Spargine.Extensions.BenchmarkTests,Collections,128,312.322 ns,1.0437 ns,0.9763 ns,0.2521 ns,312.212 ns,310.910 ns,311.584 ns,313.047 ns,314.125 ns,"3,201,824.6",1.0437 ns,15.00,1.763,2.000,0.2183,38,*,No,0.0000,0.0000,0.0000,0.0000,310 B,0.0000,40 B
'HasItems: With Count',Job-LNCZTW,False,True,Default,Default,Default,Default,Default,111111111111,Empty,RyuJit,Default,X64,8c5e7fda-e8bf-4a96-9a85-a6e23a8c635c,.NET 8.0,False,True,False,True,Default,Default,False,False,True,Default,Default,Default,Default,Default,Default,Default,Default,Default,Default,Default,Default,Default,Default,Default,Default,Default,16,Default,DotNetTips.Spargine.Extensions.BenchmarkTests,Collections,256,593.376 ns,3.7001 ns,3.2800 ns,0.8766 ns,594.361 ns,586.229 ns,592.455 ns,595.203 ns,597.039 ns,"1,685,270.7",3.7001 ns,14.00,2.992,2.000,-1.1321,44,*,No,0.0000,0.0000,0.0000,0.0000,310 B,0.0000,40 B
'HasItems: With Count',Job-LNCZTW,False,True,Default,Default,Default,Default,Default,111111111111,Empty,RyuJit,Default,X64,8c5e7fda-e8bf-4a96-9a85-a6e23a8c635c,.NET 8.0,False,True,False,True,Default,Default,False,False,True,Default,Default,Default,Default,Default,Default,Default,Default,Default,Default,Default,Default,Default,Default,Default,Default,Default,16,Default,DotNetTips.Spargine.Extensions.BenchmarkTests,Collections,512,"1,159.607 ns",4.5551 ns,3.8037 ns,1.0550 ns,"1,160.195 ns","1,147.826 ns","1,159.768 ns","1,161.805 ns","1,162.839 ns","862,361.4",4.5551 ns,13.00,7.154,2.000,-2.1866,50,*,No,0.0000,0.0000,0.0000,0.0000,310 B,0.0000,40 B
'HasItems: With Count',Job-LNCZTW,False,True,Default,Default,Default,Default,Default,111111111111,Empty,RyuJit,Default,X64,8c5e7fda-e8bf-4a96-9a85-a6e23a8c635c,.NET 8.0,False,True,False,True,Default,Default,False,False,True,Default,Default,Default,Default,Default,Default,Default,Default,Default,Default,Default,Default,Default,Default,Default,Default,Default,16,Default,DotNetTips.Spargine.Extensions.BenchmarkTests,Collections,1024,"2,318.085 ns",46.2921 ns,43.3017 ns,11.1804 ns,"2,294.300 ns","2,281.635 ns","2,289.280 ns","2,350.827 ns","2,411.828 ns","431,390.6",46.2921 ns,15.00,2.178,2.000,0.9306,57,*,No,0.0000,0.0000,0.0000,0.0000,310 B,0.0000,40 B
'HasItems: With Count',Job-LNCZTW,False,True,Default,Default,Default,Default,Default,111111111111,Empty,RyuJit,Default,X64,8c5e7fda-e8bf-4a96-9a85-a6e23a8c635c,.NET 8.0,False,True,False,True,Default,Default,False,False,True,Default,Default,Default,Default,Default,Default,Default,Default,Default,Default,Default,Default,Default,Default,Default,Default,Default,16,Default,DotNetTips.Spargine.Extensions.BenchmarkTests,Collections,2048,"4,555.586 ns",17.6663 ns,16.5251 ns,4.2668 ns,"4,556.891 ns","4,508.561 ns","4,551.255 ns","4,566.191 ns","4,576.535 ns","219,510.7",17.6663 ns,15.00,4.732,2.000,-1.3091,63,*,No,0.0000,0.0000,0.0000,0.0000,310 B,0.0000,40 B
'HasItems: With Predicate',Job-LNCZTW,False,True,Default,Default,Default,Default,Default,111111111111,Empty,RyuJit,Default,X64,8c5e7fda-e8bf-4a96-9a85-a6e23a8c635c,.NET 8.0,False,True,False,True,Default,Default,False,False,True,Default,Default,Default,Default,Default,Default,Default,Default,Default,Default,Default,Default,Default,Default,Default,Default,Default,16,Default,DotNetTips.Spargine.Extensions.BenchmarkTests,Collections,16,627.015 ns,3.6254 ns,3.3912 ns,0.8756 ns,627.777 ns,616.220 ns,626.802 ns,629.135 ns,629.361 ns,"1,594,858.8",3.6254 ns,15.00,6.991,2.000,-2.1135,45,*,No,0.0000,0.0000,0.0000,0.0000,767 B,0.0000,0 B
'HasItems: With Predicate',Job-LNCZTW,False,True,Default,Default,Default,Default,Default,111111111111,Empty,RyuJit,Default,X64,8c5e7fda-e8bf-4a96-9a85-a6e23a8c635c,.NET 8.0,False,True,False,True,Default,Default,False,False,True,Default,Default,Default,Default,Default,Default,Default,Default,Default,Default,Default,Default,Default,Default,Default,Default,Default,16,Default,DotNetTips.Spargine.Extensions.BenchmarkTests,Collections,32,"1,236.876 ns",6.5427 ns,5.8000 ns,1.5501 ns,"1,237.947 ns","1,222.925 ns","1,235.866 ns","1,240.001 ns","1,244.358 ns","808,488.2",6.5427 ns,14.00,3.463,2.000,-1.1811,52,*,No,0.0000,0.0000,0.0000,0.0000,767 B,0.0000,0 B
'HasItems: With Predicate',Job-LNCZTW,False,True,Default,Default,Default,Default,Default,111111111111,Empty,RyuJit,Default,X64,8c5e7fda-e8bf-4a96-9a85-a6e23a8c635c,.NET 8.0,False,True,False,True,Default,Default,False,False,True,Default,Default,Default,Default,Default,Default,Default,Default,Default,Default,Default,Default,Default,Default,Default,Default,Default,16,Default,DotNetTips.Spargine.Extensions.BenchmarkTests,Collections,64,339.914 ns,1.8534 ns,1.7337 ns,0.4476 ns,340.347 ns,335.876 ns,339.660 ns,340.933 ns,341.876 ns,"2,941,919.6",1.8534 ns,15.00,3.330,2.000,-1.2161,39,*,No,0.0000,0.0000,0.0000,0.0000,767 B,0.0000,0 B
'HasItems: With Predicate',Job-LNCZTW,False,True,Default,Default,Default,Default,Default,111111111111,Empty,RyuJit,Default,X64,8c5e7fda-e8bf-4a96-9a85-a6e23a8c635c,.NET 8.0,False,True,False,True,Default,Default,False,False,True,Default,Default,Default,Default,Default,Default,Default,Default,Default,Default,Default,Default,Default,Default,Default,Default,Default,16,Default,DotNetTips.Spargine.Extensions.BenchmarkTests,Collections,128,"4,685.609 ns",23.4598 ns,21.9443 ns,5.6660 ns,"4,692.331 ns","4,623.667 ns","4,681.253 ns","4,697.137 ns","4,706.548 ns","213,419.4",23.4598 ns,15.00,4.569,2.000,-1.4927,64,*,No,0.0000,0.0000,0.0000,0.0000,767 B,0.0000,0 B
'HasItems: With Predicate',Job-LNCZTW,False,True,Default,Default,Default,Default,Default,111111111111,Empty,RyuJit,Default,X64,8c5e7fda-e8bf-4a96-9a85-a6e23a8c635c,.NET 8.0,False,True,False,True,Default,Default,False,False,True,Default,Default,Default,Default,Default,Default,Default,Default,Default,Default,Default,Default,Default,Default,Default,Default,Default,16,Default,DotNetTips.Spargine.Extensions.BenchmarkTests,Collections,256,"2,281.921 ns",5.5637 ns,4.9320 ns,1.3181 ns,"2,281.292 ns","2,276.405 ns","2,278.108 ns","2,284.468 ns","2,293.426 ns","438,227.3",5.5637 ns,14.00,2.681,2.000,0.7319,57,*,No,0.0000,0.0000,0.0000,0.0000,714 B,0.0000,0 B
'HasItems: With Predicate',Job-LNCZTW,False,True,Default,Default,Default,Default,Default,111111111111,Empty,RyuJit,Default,X64,8c5e7fda-e8bf-4a96-9a85-a6e23a8c635c,.NET 8.0,False,True,False,True,Default,Default,False,False,True,Default,Default,Default,Default,Default,Default,Default,Default,Default,Default,Default,Default,Default,Default,Default,Default,Default,16,Default,DotNetTips.Spargine.Extensions.BenchmarkTests,Collections,512,"1,186.828 ns",10.6779 ns,9.9881 ns,2.5789 ns,"1,189.839 ns","1,170.783 ns","1,178.825 ns","1,191.499 ns","1,204.836 ns","842,581.8",10.6779 ns,15.00,1.990,2.000,-0.1212,51,*,No,0.0000,0.0000,0.0000,0.0000,714 B,0.0000,0 B
'HasItems: With Predicate',Job-LNCZTW,False,True,Default,Default,Default,Default,Default,111111111111,Empty,RyuJit,Default,X64,8c5e7fda-e8bf-4a96-9a85-a6e23a8c635c,.NET 8.0,False,True,False,True,Default,Default,False,False,True,Default,Default,Default,Default,Default,Default,Default,Default,Default,Default,Default,Default,Default,Default,Default,Default,Default,16,Default,DotNetTips.Spargine.Extensions.BenchmarkTests,Collections,1024,"2,706.594 ns",14.2682 ns,13.3465 ns,3.4460 ns,"2,709.542 ns","2,672.855 ns","2,705.746 ns","2,714.194 ns","2,721.597 ns","369,468.1",14.2682 ns,15.00,4.022,2.000,-1.4374,59,*,No,0.0000,0.0000,0.0000,0.0000,714 B,0.0000,0 B
'HasItems: With Predicate',Job-LNCZTW,False,True,Default,Default,Default,Default,Default,111111111111,Empty,RyuJit,Default,X64,8c5e7fda-e8bf-4a96-9a85-a6e23a8c635c,.NET 8.0,False,True,False,True,Default,Default,False,False,True,Default,Default,Default,Default,Default,Default,Default,Default,Default,Default,Default,Default,Default,Default,Default,Default,Default,16,Default,DotNetTips.Spargine.Extensions.BenchmarkTests,Collections,2048,"2,445.829 ns",10.1142 ns,9.4608 ns,2.4428 ns,"2,443.876 ns","2,420.260 ns","2,442.195 ns","2,452.829 ns","2,460.071 ns","408,859.4",10.1142 ns,15.00,4.122,2.000,-0.9081,58,*,No,0.0000,0.0000,0.0000,0.0000,714 B,0.0000,0 B
'Index []',Job-LNCZTW,False,True,Default,Default,Default,Default,Default,111111111111,Empty,RyuJit,Default,X64,8c5e7fda-e8bf-4a96-9a85-a6e23a8c635c,.NET 8.0,False,True,False,True,Default,Default,False,False,True,Default,Default,Default,Default,Default,Default,Default,Default,Default,Default,Default,Default,Default,Default,Default,Default,Default,16,Default,DotNetTips.Spargine.Extensions.BenchmarkTests,"**FOR COMPARISON**,Collections",16,88.970 ns,1.3499 ns,1.2627 ns,0.3260 ns,89.243 ns,84.562 ns,88.999 ns,89.446 ns,89.994 ns,"11,239,707.7",1.3499 ns,15.00,9.952,2.000,-2.7686,21,*,No,0.0000,0.0000,0.0000,0.0000,654 B,0.0000,0 B
'Index []',Job-LNCZTW,False,True,Default,Default,Default,Default,Default,111111111111,Empty,RyuJit,Default,X64,8c5e7fda-e8bf-4a96-9a85-a6e23a8c635c,.NET 8.0,False,True,False,True,Default,Default,False,False,True,Default,Default,Default,Default,Default,Default,Default,Default,Default,Default,Default,Default,Default,Default,Default,Default,Default,16,Default,DotNetTips.Spargine.Extensions.BenchmarkTests,"**FOR COMPARISON**,Collections",32,82.913 ns,0.3994 ns,0.3736 ns,0.0965 ns,82.966 ns,82.079 ns,82.777 ns,83.142 ns,83.422 ns,"12,060,839.7",0.3994 ns,15.00,2.829,2.000,-0.8556,20,*,No,0.0000,0.0000,0.0000,0.0000,654 B,0.0000,0 B
'Index []',Job-LNCZTW,False,True,Default,Default,Default,Default,Default,111111111111,Empty,RyuJit,Default,X64,8c5e7fda-e8bf-4a96-9a85-a6e23a8c635c,.NET 8.0,False,True,False,True,Default,Default,False,False,True,Default,Default,Default,Default,Default,Default,Default,Default,Default,Default,Default,Default,Default,Default,Default,Default,Default,16,Default,DotNetTips.Spargine.Extensions.BenchmarkTests,"**FOR COMPARISON**,Collections",64,81.736 ns,0.3053 ns,0.2706 ns,0.0723 ns,81.731 ns,81.264 ns,81.560 ns,81.895 ns,82.216 ns,"12,234,524.2",0.3053 ns,14.00,1.953,2.000,0.0715,19,*,No,0.0000,0.0000,0.0000,0.0000,654 B,0.0000,0 B
'Index []',Job-LNCZTW,False,True,Default,Default,Default,Default,Default,111111111111,Empty,RyuJit,Default,X64,8c5e7fda-e8bf-4a96-9a85-a6e23a8c635c,.NET 8.0,False,True,False,True,Default,Default,False,False,True,Default,Default,Default,Default,Default,Default,Default,Default,Default,Default,Default,Default,Default,Default,Default,Default,Default,16,Default,DotNetTips.Spargine.Extensions.BenchmarkTests,"**FOR COMPARISON**,Collections",128,81.208 ns,0.2151 ns,0.1679 ns,0.0485 ns,81.197 ns,80.964 ns,81.094 ns,81.282 ns,81.557 ns,"12,314,127.4",0.2151 ns,12.00,2.298,2.000,0.5577,19,*,No,0.0000,0.0000,0.0000,0.0000,654 B,0.0000,0 B
'Index []',Job-LNCZTW,False,True,Default,Default,Default,Default,Default,111111111111,Empty,RyuJit,Default,X64,8c5e7fda-e8bf-4a96-9a85-a6e23a8c635c,.NET 8.0,False,True,False,True,Default,Default,False,False,True,Default,Default,Default,Default,Default,Default,Default,Default,Default,Default,Default,Default,Default,Default,Default,Default,Default,16,Default,DotNetTips.Spargine.Extensions.BenchmarkTests,"**FOR COMPARISON**,Collections",256,80.884 ns,0.5173 ns,0.4320 ns,0.1198 ns,81.031 ns,79.564 ns,80.901 ns,81.081 ns,81.241 ns,"12,363,452.2",0.5173 ns,13.00,6.780,2.000,-2.1358,19,*,No,0.0000,0.0000,0.0000,0.0000,654 B,0.0000,0 B
'Index []',Job-LNCZTW,False,True,Default,Default,Default,Default,Default,111111111111,Empty,RyuJit,Default,X64,8c5e7fda-e8bf-4a96-9a85-a6e23a8c635c,.NET 8.0,False,True,False,True,Default,Default,False,False,True,Default,Default,Default,Default,Default,Default,Default,Default,Default,Default,Default,Default,Default,Default,Default,Default,Default,16,Default,DotNetTips.Spargine.Extensions.BenchmarkTests,"**FOR COMPARISON**,Collections",512,80.931 ns,0.3909 ns,0.3465 ns,0.0926 ns,80.942 ns,79.929 ns,80.840 ns,81.055 ns,81.431 ns,"12,356,201.4",0.3909 ns,14.00,5.480,2.000,-1.3705,19,*,No,0.0000,0.0000,0.0000,0.0000,654 B,0.0000,0 B
'Index []',Job-LNCZTW,False,True,Default,Default,Default,Default,Default,111111111111,Empty,RyuJit,Default,X64,8c5e7fda-e8bf-4a96-9a85-a6e23a8c635c,.NET 8.0,False,True,False,True,Default,Default,False,False,True,Default,Default,Default,Default,Default,Default,Default,Default,Default,Default,Default,Default,Default,Default,Default,Default,Default,16,Default,DotNetTips.Spargine.Extensions.BenchmarkTests,"**FOR COMPARISON**,Collections",1024,80.864 ns,0.5046 ns,0.4473 ns,0.1195 ns,80.974 ns,79.723 ns,80.942 ns,81.089 ns,81.318 ns,"12,366,426.2",0.5046 ns,14.00,4.141,2.000,-1.5600,19,*,No,0.0000,0.0000,0.0000,0.0000,654 B,0.0000,0 B
'Index []',Job-LNCZTW,False,True,Default,Default,Default,Default,Default,111111111111,Empty,RyuJit,Default,X64,8c5e7fda-e8bf-4a96-9a85-a6e23a8c635c,.NET 8.0,False,True,False,True,Default,Default,False,False,True,Default,Default,Default,Default,Default,Default,Default,Default,Default,Default,Default,Default,Default,Default,Default,Default,Default,16,Default,DotNetTips.Spargine.Extensions.BenchmarkTests,"**FOR COMPARISON**,Collections",2048,80.933 ns,0.4324 ns,0.3833 ns,0.1025 ns,81.055 ns,80.011 ns,80.883 ns,81.212 ns,81.264 ns,"12,355,878.3",0.4324 ns,14.00,3.180,2.000,-1.2089,19,*,No,0.0000,0.0000,0.0000,0.0000,654 B,0.0000,0 B
AsSpan,Job-LNCZTW,False,True,Default,Default,Default,Default,Default,111111111111,Empty,RyuJit,Default,X64,8c5e7fda-e8bf-4a96-9a85-a6e23a8c635c,.NET 8.0,False,True,False,True,Default,Default,False,False,True,Default,Default,Default,Default,Default,Default,Default,Default,Default,Default,Default,Default,Default,Default,Default,Default,Default,16,Default,DotNetTips.Spargine.Extensions.BenchmarkTests,Collections,16,18.846 ns,0.0680 ns,0.0636 ns,0.0164 ns,18.855 ns,18.684 ns,18.823 ns,18.877 ns,18.952 ns,"53,060,638.3",0.0680 ns,15.00,3.580,2.000,-0.7727,8,*,No,0.0000,0.0000,0.0000,0.0000,408 B,0.0000,0 B
AsSpan,Job-LNCZTW,False,True,Default,Default,Default,Default,Default,111111111111,Empty,RyuJit,Default,X64,8c5e7fda-e8bf-4a96-9a85-a6e23a8c635c,.NET 8.0,False,True,False,True,Default,Default,False,False,True,Default,Default,Default,Default,Default,Default,Default,Default,Default,Default,Default,Default,Default,Default,Default,Default,Default,16,Default,DotNetTips.Spargine.Extensions.BenchmarkTests,Collections,32,18.905 ns,0.1109 ns,0.1038 ns,0.0268 ns,18.948 ns,18.709 ns,18.815 ns,18.966 ns,19.050 ns,"52,896,781.7",0.1109 ns,15.00,1.701,2.000,-0.4089,8,*,No,0.0000,0.0000,0.0000,0.0000,408 B,0.0000,0 B
AsSpan,Job-LNCZTW,False,True,Default,Default,Default,Default,Default,111111111111,Empty,RyuJit,Default,X64,8c5e7fda-e8bf-4a96-9a85-a6e23a8c635c,.NET 8.0,False,True,False,True,Default,Default,False,False,True,Default,Default,Default,Default,Default,Default,Default,Default,Default,Default,Default,Default,Default,Default,Default,Default,Default,16,Default,DotNetTips.Spargine.Extensions.BenchmarkTests,Collections,64,18.851 ns,0.0929 ns,0.0823 ns,0.0220 ns,18.859 ns,18.587 ns,18.850 ns,18.889 ns,18.944 ns,"53,047,310.3",0.0929 ns,14.00,7.759,2.000,-2.2043,8,*,No,0.0000,0.0000,0.0000,0.0000,408 B,0.0000,0 B
AsSpan,Job-LNCZTW,False,True,Default,Default,Default,Default,Default,111111111111,Empty,RyuJit,Default,X64,8c5e7fda-e8bf-4a96-9a85-a6e23a8c635c,.NET 8.0,False,True,False,True,Default,Default,False,False,True,Default,Default,Default,Default,Default,Default,Default,Default,Default,Default,Default,Default,Default,Default,Default,Default,Default,16,Default,DotNetTips.Spargine.Extensions.BenchmarkTests,Collections,128,18.848 ns,0.1233 ns,0.0963 ns,0.0278 ns,18.881 ns,18.581 ns,18.841 ns,18.905 ns,18.926 ns,"53,056,913.0",0.1233 ns,12.00,5.045,2.000,-1.7114,8,*,No,0.0000,0.0000,0.0000,0.0000,408 B,0.0000,0 B
AsSpan,Job-LNCZTW,False,True,Default,Default,Default,Default,Default,111111111111,Empty,RyuJit,Default,X64,8c5e7fda-e8bf-4a96-9a85-a6e23a8c635c,.NET 8.0,False,True,False,True,Default,Default,False,False,True,Default,Default,Default,Default,Default,Default,Default,Default,Default,Default,Default,Default,Default,Default,Default,Default,Default,16,Default,DotNetTips.Spargine.Extensions.BenchmarkTests,Collections,256,18.813 ns,0.0645 ns,0.0503 ns,0.0145 ns,18.789 ns,18.753 ns,18.785 ns,18.823 ns,18.918 ns,"53,155,253.0",0.0645 ns,12.00,2.763,2.000,1.0729,8,*,No,0.0000,0.0000,0.0000,0.0000,408 B,0.0000,0 B
AsSpan,Job-LNCZTW,False,True,Default,Default,Default,Default,Default,111111111111,Empty,RyuJit,Default,X64,8c5e7fda-e8bf-4a96-9a85-a6e23a8c635c,.NET 8.0,False,True,False,True,Default,Default,False,False,True,Default,Default,Default,Default,Default,Default,Default,Default,Default,Default,Default,Default,Default,Default,Default,Default,Default,16,Default,DotNetTips.Spargine.Extensions.BenchmarkTests,Collections,512,19.593 ns,0.1011 ns,0.0946 ns,0.0244 ns,19.615 ns,19.424 ns,19.510 ns,19.669 ns,19.715 ns,"51,038,333.4",0.1011 ns,15.00,1.511,2.000,-0.3084,9,*,No,0.0000,0.0000,0.0000,0.0000,408 B,0.0000,0 B
AsSpan,Job-LNCZTW,False,True,Default,Default,Default,Default,Default,111111111111,Empty,RyuJit,Default,X64,8c5e7fda-e8bf-4a96-9a85-a6e23a8c635c,.NET 8.0,False,True,False,True,Default,Default,False,False,True,Default,Default,Default,Default,Default,Default,Default,Default,Default,Default,Default,Default,Default,Default,Default,Default,Default,16,Default,DotNetTips.Spargine.Extensions.BenchmarkTests,Collections,1024,19.057 ns,0.2773 ns,0.2458 ns,0.0657 ns,19.111 ns,18.678 ns,18.869 ns,19.271 ns,19.383 ns,"52,472,952.2",0.2773 ns,14.00,1.473,2.000,-0.1911,8,*,No,0.0000,0.0000,0.0000,0.0000,408 B,0.0000,0 B
AsSpan,Job-LNCZTW,False,True,Default,Default,Default,Default,Default,111111111111,Empty,RyuJit,Default,X64,8c5e7fda-e8bf-4a96-9a85-a6e23a8c635c,.NET 8.0,False,True,False,True,Default,Default,False,False,True,Default,Default,Default,Default,Default,Default,Default,Default,Default,Default,Default,Default,Default,Default,Default,Default,Default,16,Default,DotNetTips.Spargine.Extensions.BenchmarkTests,Collections,2048,18.859 ns,0.0419 ns,0.0350 ns,0.0097 ns,18.863 ns,18.781 ns,18.838 ns,18.884 ns,18.908 ns,"53,025,254.4",0.0419 ns,13.00,2.532,2.000,-0.6566,8,*,No,0.0000,0.0000,0.0000,0.0000,408 B,0.0000,0 B
ClearNulls,Job-LNCZTW,False,True,Default,Default,Default,Default,Default,111111111111,Empty,RyuJit,Default,X64,8c5e7fda-e8bf-4a96-9a85-a6e23a8c635c,.NET 8.0,False,True,False,True,Default,Default,False,False,True,Default,Default,Default,Default,Default,Default,Default,Default,Default,Default,Default,Default,Default,Default,Default,Default,Default,16,Default,DotNetTips.Spargine.Extensions.BenchmarkTests,Collections,16,200.474 ns,1.8976 ns,1.7750 ns,0.4583 ns,201.351 ns,196.820 ns,199.354 ns,201.686 ns,202.642 ns,"4,988,173.5",1.8976 ns,15.00,2.276,2.000,-0.7962,34,*,No,0.0000,0.0000,0.0002,0.0000,887 B,0.0000,40 B
ClearNulls,Job-LNCZTW,False,True,Default,Default,Default,Default,Default,111111111111,Empty,RyuJit,Default,X64,8c5e7fda-e8bf-4a96-9a85-a6e23a8c635c,.NET 8.0,False,True,False,True,Default,Default,False,False,True,Default,Default,Default,Default,Default,Default,Default,Default,Default,Default,Default,Default,Default,Default,Default,Default,Default,16,Default,DotNetTips.Spargine.Extensions.BenchmarkTests,Collections,32,316.385 ns,1.4089 ns,1.2490 ns,0.3338 ns,316.598 ns,312.737 ns,316.028 ns,316.875 ns,318.048 ns,"3,160,705.5",1.4089 ns,14.00,5.534,2.000,-1.5171,38,*,No,0.0000,0.0000,0.0000,0.0000,887 B,0.0000,40 B
ClearNulls,Job-LNCZTW,False,True,Default,Default,Default,Default,Default,111111111111,Empty,RyuJit,Default,X64,8c5e7fda-e8bf-4a96-9a85-a6e23a8c635c,.NET 8.0,False,True,False,True,Default,Default,False,False,True,Default,Default,Default,Default,Default,Default,Default,Default,Default,Default,Default,Default,Default,Default,Default,Default,Default,16,Default,DotNetTips.Spargine.Extensions.BenchmarkTests,Collections,64,570.054 ns,3.2826 ns,3.0705 ns,0.7928 ns,570.438 ns,562.437 ns,569.464 ns,571.525 ns,573.970 ns,"1,754,220.6",3.2826 ns,15.00,3.648,2.000,-1.1748,43,*,No,0.0000,0.0000,0.0000,0.0000,887 B,0.0000,40 B
ClearNulls,Job-LNCZTW,False,True,Default,Default,Default,Default,Default,111111111111,Empty,RyuJit,Default,X64,8c5e7fda-e8bf-4a96-9a85-a6e23a8c635c,.NET 8.0,False,True,False,True,Default,Default,False,False,True,Default,Default,Default,Default,Default,Default,Default,Default,Default,Default,Default,Default,Default,Default,Default,Default,Default,16,Default,DotNetTips.Spargine.Extensions.BenchmarkTests,Collections,128,"1,074.972 ns",7.9498 ns,7.4362 ns,1.9200 ns,"1,076.397 ns","1,058.279 ns","1,073.841 ns","1,079.599 ns","1,083.121 ns","930,256.6",7.9498 ns,15.00,2.702,2.000,-0.9624,49,*,No,0.0000,0.0000,0.0000,0.0000,887 B,0.0000,40 B
ClearNulls,Job-LNCZTW,False,True,Default,Default,Default,Default,Default,111111111111,Empty,RyuJit,Default,X64,8c5e7fda-e8bf-4a96-9a85-a6e23a8c635c,.NET 8.0,False,True,False,True,Default,Default,False,False,True,Default,Default,Default,Default,Default,Default,Default,Default,Default,Default,Default,Default,Default,Default,Default,Default,Default,16,Default,DotNetTips.Spargine.Extensions.BenchmarkTests,Collections,256,"2,083.195 ns",12.5123 ns,11.7040 ns,3.0220 ns,"2,081.800 ns","2,054.505 ns","2,078.681 ns","2,092.823 ns","2,101.119 ns","480,031.8",12.5123 ns,15.00,3.061,2.000,-0.6824,56,*,No,0.0000,0.0000,0.0000,0.0000,887 B,0.0000,40 B
ClearNulls,Job-LNCZTW,False,True,Default,Default,Default,Default,Default,111111111111,Empty,RyuJit,Default,X64,8c5e7fda-e8bf-4a96-9a85-a6e23a8c635c,.NET 8.0,False,True,False,True,Default,Default,False,False,True,Default,Default,Default,Default,Default,Default,Default,Default,Default,Default,Default,Default,Default,Default,Default,Default,Default,16,Default,DotNetTips.Spargine.Extensions.BenchmarkTests,Collections,512,"3,726.523 ns",24.1926 ns,22.6298 ns,5.8430 ns,"3,729.220 ns","3,676.366 ns","3,715.742 ns","3,744.808 ns","3,755.319 ns","268,346.7",24.1926 ns,15.00,2.457,2.000,-0.5634,62,*,No,0.0000,0.0000,0.0000,0.0000,887 B,0.0000,40 B
ClearNulls,Job-LNCZTW,False,True,Default,Default,Default,Default,Default,111111111111,Empty,RyuJit,Default,X64,8c5e7fda-e8bf-4a96-9a85-a6e23a8c635c,.NET 8.0,False,True,False,True,Default,Default,False,False,True,Default,Default,Default,Default,Default,Default,Default,Default,Default,Default,Default,Default,Default,Default,Default,Default,Default,16,Default,DotNetTips.Spargine.Extensions.BenchmarkTests,Collections,1024,"8,375.038 ns",23.9188 ns,22.3737 ns,5.7769 ns,"8,368.814 ns","8,343.553 ns","8,359.896 ns","8,396.112 ns","8,409.050 ns","119,402.4",23.9188 ns,15.00,1.493,2.000,0.1553,67,*,No,0.0000,0.0000,0.0000,0.0000,887 B,0.0000,40 B
ClearNulls,Job-LNCZTW,False,True,Default,Default,Default,Default,Default,111111111111,Empty,RyuJit,Default,X64,8c5e7fda-e8bf-4a96-9a85-a6e23a8c635c,.NET 8.0,False,True,False,True,Default,Default,False,False,True,Default,Default,Default,Default,Default,Default,Default,Default,Default,Default,Default,Default,Default,Default,Default,Default,Default,16,Default,DotNetTips.Spargine.Extensions.BenchmarkTests,Collections,2048,"15,212.954 ns",104.7487 ns,97.9820 ns,25.2988 ns,"15,235.535 ns","15,004.575 ns","15,184.706 ns","15,278.516 ns","15,354.233 ns","65,733.5",104.7487 ns,15.00,2.452,2.000,-0.6926,70,*,No,0.0000,0.0000,0.0000,0.0000,887 B,0.0000,40 B
CopyToCollection,Job-LNCZTW,False,True,Default,Default,Default,Default,Default,111111111111,Empty,RyuJit,Default,X64,8c5e7fda-e8bf-4a96-9a85-a6e23a8c635c,.NET 8.0,False,True,False,True,Default,Default,False,False,True,Default,Default,Default,Default,Default,Default,Default,Default,Default,Default,Default,Default,Default,Default,Default,Default,Default,16,Default,DotNetTips.Spargine.Extensions.BenchmarkTests,Collections,16,33.632 ns,0.1949 ns,0.1728 ns,0.0462 ns,33.563 ns,33.407 ns,33.515 ns,33.772 ns,33.943 ns,"29,733,590.1",0.1949 ns,14.00,1.607,2.000,0.3926,12,*,No,0.0000,0.0000,0.0002,0.0000,464 B,0.0000,24 B
CopyToCollection,Job-LNCZTW,False,True,Default,Default,Default,Default,Default,111111111111,Empty,RyuJit,Default,X64,8c5e7fda-e8bf-4a96-9a85-a6e23a8c635c,.NET 8.0,False,True,False,True,Default,Default,False,False,True,Default,Default,Default,Default,Default,Default,Default,Default,Default,Default,Default,Default,Default,Default,Default,Default,Default,16,Default,DotNetTips.Spargine.Extensions.BenchmarkTests,Collections,32,34.379 ns,0.1689 ns,0.1497 ns,0.0400 ns,34.423 ns,34.170 ns,34.255 ns,34.438 ns,34.722 ns,"29,087,593.2",0.1689 ns,14.00,2.603,2.000,0.4789,13,*,No,0.0000,0.0000,0.0002,0.0000,464 B,0.0000,24 B
CopyToCollection,Job-LNCZTW,False,True,Default,Default,Default,Default,Default,111111111111,Empty,RyuJit,Default,X64,8c5e7fda-e8bf-4a96-9a85-a6e23a8c635c,.NET 8.0,False,True,False,True,Default,Default,False,False,True,Default,Default,Default,Default,Default,Default,Default,Default,Default,Default,Default,Default,Default,Default,Default,Default,Default,16,Default,DotNetTips.Spargine.Extensions.BenchmarkTests,Collections,64,33.594 ns,0.2492 ns,0.2331 ns,0.0602 ns,33.656 ns,33.234 ns,33.413 ns,33.731 ns,34.018 ns,"29,767,437.3",0.2492 ns,15.00,1.850,2.000,-0.1354,12,*,No,0.0000,0.0000,0.0002,0.0000,464 B,0.0000,24 B
CopyToCollection,Job-LNCZTW,False,True,Default,Default,Default,Default,Default,111111111111,Empty,RyuJit,Default,X64,8c5e7fda-e8bf-4a96-9a85-a6e23a8c635c,.NET 8.0,False,True,False,True,Default,Default,False,False,True,Default,Default,Default,Default,Default,Default,Default,Default,Default,Default,Default,Default,Default,Default,Default,Default,Default,16,Default,DotNetTips.Spargine.Extensions.BenchmarkTests,Collections,128,33.420 ns,0.1814 ns,0.1697 ns,0.0438 ns,33.370 ns,33.107 ns,33.328 ns,33.534 ns,33.745 ns,"29,921,823.0",0.1814 ns,15.00,2.223,2.000,0.2927,12,*,No,0.0000,0.0000,0.0002,0.0000,464 B,0.0000,24 B
CopyToCollection,Job-LNCZTW,False,True,Default,Default,Default,Default,Default,111111111111,Empty,RyuJit,Default,X64,8c5e7fda-e8bf-4a96-9a85-a6e23a8c635c,.NET 8.0,False,True,False,True,Default,Default,False,False,True,Default,Default,Default,Default,Default,Default,Default,Default,Default,Default,Default,Default,Default,Default,Default,Default,Default,16,Default,DotNetTips.Spargine.Extensions.BenchmarkTests,Collections,256,32.971 ns,0.1711 ns,0.1600 ns,0.0413 ns,33.002 ns,32.670 ns,32.878 ns,33.074 ns,33.221 ns,"30,329,499.2",0.1711 ns,15.00,1.905,2.000,-0.2734,12,*,No,0.0000,0.0000,0.0002,0.0000,464 B,0.0000,24 B
CopyToCollection,Job-LNCZTW,False,True,Default,Default,Default,Default,Default,111111111111,Empty,RyuJit,Default,X64,8c5e7fda-e8bf-4a96-9a85-a6e23a8c635c,.NET 8.0,False,True,False,True,Default,Default,False,False,True,Default,Default,Default,Default,Default,Default,Default,Default,Default,Default,Default,Default,Default,Default,Default,Default,Default,16,Default,DotNetTips.Spargine.Extensions.BenchmarkTests,Collections,512,32.914 ns,0.2414 ns,0.2258 ns,0.0583 ns,32.950 ns,32.449 ns,32.780 ns,33.030 ns,33.333 ns,"30,382,063.0",0.2414 ns,15.00,2.478,2.000,-0.1474,12,*,No,0.0000,0.0000,0.0002,0.0000,464 B,0.0000,24 B
CopyToCollection,Job-LNCZTW,False,True,Default,Default,Default,Default,Default,111111111111,Empty,RyuJit,Default,X64,8c5e7fda-e8bf-4a96-9a85-a6e23a8c635c,.NET 8.0,False,True,False,True,Default,Default,False,False,True,Default,Default,Default,Default,Default,Default,Default,Default,Default,Default,Default,Default,Default,Default,Default,Default,Default,16,Default,DotNetTips.Spargine.Extensions.BenchmarkTests,Collections,1024,37.080 ns,0.2986 ns,0.2793 ns,0.0721 ns,36.967 ns,36.757 ns,36.876 ns,37.278 ns,37.619 ns,"26,968,472.8",0.2986 ns,15.00,1.816,2.000,0.6024,14,*,No,0.0000,0.0000,0.0002,0.0000,464 B,0.0000,24 B
CopyToCollection,Job-LNCZTW,False,True,Default,Default,Default,Default,Default,111111111111,Empty,RyuJit,Default,X64,8c5e7fda-e8bf-4a96-9a85-a6e23a8c635c,.NET 8.0,False,True,False,True,Default,Default,False,False,True,Default,Default,Default,Default,Default,Default,Default,Default,Default,Default,Default,Default,Default,Default,Default,Default,Default,16,Default,DotNetTips.Spargine.Extensions.BenchmarkTests,Collections,2048,32.980 ns,0.2132 ns,0.1994 ns,0.0515 ns,32.981 ns,32.648 ns,32.824 ns,33.162 ns,33.286 ns,"30,321,225.2",0.2132 ns,15.00,1.621,2.000,0.0469,12,*,No,0.0000,0.0000,0.0002,0.0000,464 B,0.0000,24 B
Count,Job-LNCZTW,False,True,Default,Default,Default,Default,Default,111111111111,Empty,RyuJit,Default,X64,8c5e7fda-e8bf-4a96-9a85-a6e23a8c635c,.NET 8.0,False,True,False,True,Default,Default,False,False,True,Default,Default,Default,Default,Default,Default,Default,Default,Default,Default,Default,Default,Default,Default,Default,Default,Default,16,Default,DotNetTips.Spargine.Extensions.BenchmarkTests,"Collections,**FOR COMPARISON**,**NEW**",16,3.057 ns,0.0167 ns,0.0130 ns,0.0038 ns,3.059 ns,3.018 ns,3.058 ns,3.064 ns,3.068 ns,"327,096,733.4",0.0167 ns,12.00,7.084,2.000,-2.2218,1,*,No,0.0000,0.0000,0.0000,0.0000,93 B,0.0000,0 B
Count,Job-LNCZTW,False,True,Default,Default,Default,Default,Default,111111111111,Empty,RyuJit,Default,X64,8c5e7fda-e8bf-4a96-9a85-a6e23a8c635c,.NET 8.0,False,True,False,True,Default,Default,False,False,True,Default,Default,Default,Default,Default,Default,Default,Default,Default,Default,Default,Default,Default,Default,Default,Default,Default,16,Default,DotNetTips.Spargine.Extensions.BenchmarkTests,"Collections,**FOR COMPARISON**,**NEW**",32,3.103 ns,0.0264 ns,0.0234 ns,0.0063 ns,3.114 ns,3.063 ns,3.086 ns,3.118 ns,3.143 ns,"322,262,081.2",0.0264 ns,14.00,1.790,2.000,-0.2393,1,*,No,0.0000,0.0000,0.0000,0.0000,93 B,0.0000,0 B
Count,Job-LNCZTW,False,True,Default,Default,Default,Default,Default,111111111111,Empty,RyuJit,Default,X64,8c5e7fda-e8bf-4a96-9a85-a6e23a8c635c,.NET 8.0,False,True,False,True,Default,Default,False,False,True,Default,Default,Default,Default,Default,Default,Default,Default,Default,Default,Default,Default,Default,Default,Default,Default,Default,16,Default,DotNetTips.Spargine.Extensions.BenchmarkTests,"Collections,**FOR COMPARISON**,**NEW**",64,3.062 ns,0.0197 ns,0.0184 ns,0.0048 ns,3.063 ns,3.016 ns,3.059 ns,3.072 ns,3.090 ns,"326,539,852.9",0.0197 ns,15.00,3.440,2.000,-0.8617,1,*,No,0.0000,0.0000,0.0000,0.0000,93 B,0.0000,0 B
Count,Job-LNCZTW,False,True,Default,Default,Default,Default,Default,111111111111,Empty,RyuJit,Default,X64,8c5e7fda-e8bf-4a96-9a85-a6e23a8c635c,.NET 8.0,False,True,False,True,Default,Default,False,False,True,Default,Default,Default,Default,Default,Default,Default,Default,Default,Default,Default,Default,Default,Default,Default,Default,Default,16,Default,DotNetTips.Spargine.Extensions.BenchmarkTests,"Collections,**FOR COMPARISON**,**NEW**",128,3.504 ns,0.0510 ns,0.0426 ns,0.0118 ns,3.522 ns,3.425 ns,3.492 ns,3.535 ns,3.541 ns,"285,412,993.2",0.0510 ns,13.00,2.073,2.000,-0.9169,2,*,No,0.0000,0.0000,0.0000,0.0000,93 B,0.0000,0 B
Count,Job-LNCZTW,False,True,Default,Default,Default,Default,Default,111111111111,Empty,RyuJit,Default,X64,8c5e7fda-e8bf-4a96-9a85-a6e23a8c635c,.NET 8.0,False,True,False,True,Default,Default,False,False,True,Default,Default,Default,Default,Default,Default,Default,Default,Default,Default,Default,Default,Default,Default,Default,Default,Default,16,Default,DotNetTips.Spargine.Extensions.BenchmarkTests,"Collections,**FOR COMPARISON**,**NEW**",256,3.075 ns,0.0284 ns,0.0265 ns,0.0069 ns,3.082 ns,3.024 ns,3.063 ns,3.093 ns,3.113 ns,"325,243,279.9",0.0284 ns,15.00,2.265,2.000,-0.7267,1,*,No,0.0000,0.0000,0.0000,0.0000,93 B,0.0000,0 B
Count,Job-LNCZTW,False,True,Default,Default,Default,Default,Default,111111111111,Empty,RyuJit,Default,X64,8c5e7fda-e8bf-4a96-9a85-a6e23a8c635c,.NET 8.0,False,True,False,True,Default,Default,False,False,True,Default,Default,Default,Default,Default,Default,Default,Default,Default,Default,Default,Default,Default,Default,Default,Default,Default,16,Default,DotNetTips.Spargine.Extensions.BenchmarkTests,"Collections,**FOR COMPARISON**,**NEW**",512,3.157 ns,0.0939 ns,0.1377 ns,0.0256 ns,3.080 ns,2.997 ns,3.063 ns,3.337 ns,3.364 ns,"316,775,536.1",0.0939 ns,29.00,1.414,3.053,0.5815,1,*,No,0.0000,0.0000,0.0000,0.0000,93 B,0.0000,0 B
Count,Job-LNCZTW,False,True,Default,Default,Default,Default,Default,111111111111,Empty,RyuJit,Default,X64,8c5e7fda-e8bf-4a96-9a85-a6e23a8c635c,.NET 8.0,False,True,False,True,Default,Default,False,False,True,Default,Default,Default,Default,Default,Default,Default,Default,Default,Default,Default,Default,Default,Default,Default,Default,Default,16,Default,DotNetTips.Spargine.Extensions.BenchmarkTests,"Collections,**FOR COMPARISON**,**NEW**",1024,3.540 ns,0.0342 ns,0.0320 ns,0.0083 ns,3.529 ns,3.504 ns,3.514 ns,3.564 ns,3.597 ns,"282,496,687.2",0.0342 ns,15.00,1.683,2.000,0.5908,2,*,No,0.0000,0.0000,0.0000,0.0000,93 B,0.0000,0 B
Count,Job-LNCZTW,False,True,Default,Default,Default,Default,Default,111111111111,Empty,RyuJit,Default,X64,8c5e7fda-e8bf-4a96-9a85-a6e23a8c635c,.NET 8.0,False,True,False,True,Default,Default,False,False,True,Default,Default,Default,Default,Default,Default,Default,Default,Default,Default,Default,Default,Default,Default,Default,Default,Default,16,Default,DotNetTips.Spargine.Extensions.BenchmarkTests,"Collections,**FOR COMPARISON**,**NEW**",2048,3.076 ns,0.0288 ns,0.0240 ns,0.0067 ns,3.081 ns,3.014 ns,3.068 ns,3.086 ns,3.115 ns,"325,145,092.0",0.0288 ns,13.00,3.937,2.000,-0.9593,1,*,No,0.0000,0.0000,0.0000,0.0000,93 B,0.0000,0 B
DoesNotHaveItems,Job-LNCZTW,False,True,Default,Default,Default,Default,Default,111111111111,Empty,RyuJit,Default,X64,8c5e7fda-e8bf-4a96-9a85-a6e23a8c635c,.NET 8.0,False,True,False,True,Default,Default,False,False,True,Default,Default,Default,Default,Default,Default,Default,Default,Default,Default,Default,Default,Default,Default,Default,Default,Default,16,Default,DotNetTips.Spargine.Extensions.BenchmarkTests,Collections,16,125.016 ns,1.5764 ns,1.4746 ns,0.3807 ns,124.411 ns,123.316 ns,124.053 ns,126.022 ns,127.678 ns,"7,998,956.6",1.5764 ns,15.00,1.821,2.000,0.6462,27,*,No,0.0000,0.0000,0.0002,0.0000,231 B,0.0000,40 B
DoesNotHaveItems,Job-LNCZTW,False,True,Default,Default,Default,Default,Default,111111111111,Empty,RyuJit,Default,X64,8c5e7fda-e8bf-4a96-9a85-a6e23a8c635c,.NET 8.0,False,True,False,True,Default,Default,False,False,True,Default,Default,Default,Default,Default,Default,Default,Default,Default,Default,Default,Default,Default,Default,Default,Default,Default,16,Default,DotNetTips.Spargine.Extensions.BenchmarkTests,Collections,32,219.833 ns,0.6925 ns,0.5407 ns,0.1561 ns,219.888 ns,218.978 ns,219.505 ns,220.179 ns,220.871 ns,"4,548,907.4",0.6925 ns,12.00,2.085,2.000,0.0817,36,*,No,0.0000,0.0000,0.0002,0.0000,231 B,0.0000,40 B
DoesNotHaveItems,Job-LNCZTW,False,True,Default,Default,Default,Default,Default,111111111111,Empty,RyuJit,Default,X64,8c5e7fda-e8bf-4a96-9a85-a6e23a8c635c,.NET 8.0,False,True,False,True,Default,Default,False,False,True,Default,Default,Default,Default,Default,Default,Default,Default,Default,Default,Default,Default,Default,Default,Default,Default,Default,16,Default,DotNetTips.Spargine.Extensions.BenchmarkTests,Collections,64,401.731 ns,2.0064 ns,1.6754 ns,0.4647 ns,401.940 ns,398.275 ns,401.331 ns,402.416 ns,405.048 ns,"2,489,231.0",2.0064 ns,13.00,2.884,2.000,-0.1996,42,*,No,0.0000,0.0000,0.0000,0.0000,231 B,0.0000,40 B
DoesNotHaveItems,Job-LNCZTW,False,True,Default,Default,Default,Default,Default,111111111111,Empty,RyuJit,Default,X64,8c5e7fda-e8bf-4a96-9a85-a6e23a8c635c,.NET 8.0,False,True,False,True,Default,Default,False,False,True,Default,Default,Default,Default,Default,Default,Default,Default,Default,Default,Default,Default,Default,Default,Default,Default,Default,16,Default,DotNetTips.Spargine.Extensions.BenchmarkTests,Collections,128,766.434 ns,4.6482 ns,4.3479 ns,1.1226 ns,767.580 ns,756.416 ns,764.560 ns,769.651 ns,771.069 ns,"1,304,744.6",4.6482 ns,15.00,2.640,2.000,-0.9516,48,*,No,0.0000,0.0000,0.0000,0.0000,231 B,0.0000,40 B
DoesNotHaveItems,Job-LNCZTW,False,True,Default,Default,Default,Default,Default,111111111111,Empty,RyuJit,Default,X64,8c5e7fda-e8bf-4a96-9a85-a6e23a8c635c,.NET 8.0,False,True,False,True,Default,Default,False,False,True,Default,Default,Default,Default,Default,Default,Default,Default,Default,Default,Default,Default,Default,Default,Default,Default,Default,16,Default,DotNetTips.Spargine.Extensions.BenchmarkTests,Collections,256,"1,531.725 ns",6.4234 ns,6.0085 ns,1.5514 ns,"1,533.397 ns","1,515.220 ns","1,531.148 ns","1,534.421 ns","1,537.734 ns","652,858.7",6.4234 ns,15.00,4.520,2.000,-1.5346,55,*,No,0.0000,0.0000,0.0000,0.0000,231 B,0.0000,40 B
DoesNotHaveItems,Job-LNCZTW,False,True,Default,Default,Default,Default,Default,111111111111,Empty,RyuJit,Default,X64,8c5e7fda-e8bf-4a96-9a85-a6e23a8c635c,.NET 8.0,False,True,False,True,Default,Default,False,False,True,Default,Default,Default,Default,Default,Default,Default,Default,Default,Default,Default,Default,Default,Default,Default,Default,Default,16,Default,DotNetTips.Spargine.Extensions.BenchmarkTests,Collections,512,"2,791.584 ns",12.6929 ns,11.8729 ns,3.0656 ns,"2,790.774 ns","2,766.957 ns","2,785.128 ns","2,799.405 ns","2,808.730 ns","358,219.5",12.6929 ns,15.00,2.219,2.000,-0.1707,60,*,No,0.0000,0.0000,0.0000,0.0000,231 B,0.0000,40 B
DoesNotHaveItems,Job-LNCZTW,False,True,Default,Default,Default,Default,Default,111111111111,Empty,RyuJit,Default,X64,8c5e7fda-e8bf-4a96-9a85-a6e23a8c635c,.NET 8.0,False,True,False,True,Default,Default,False,False,True,Default,Default,Default,Default,Default,Default,Default,Default,Default,Default,Default,Default,Default,Default,Default,Default,Default,16,Default,DotNetTips.Spargine.Extensions.BenchmarkTests,Collections,1024,"5,843.415 ns",44.3108 ns,41.4483 ns,10.7019 ns,"5,856.813 ns","5,775.736 ns","5,800.813 ns","5,876.813 ns","5,892.438 ns","171,132.8",44.3108 ns,15.00,1.447,2.000,-0.4318,65,*,No,0.0000,0.0000,0.0000,0.0000,231 B,0.0000,40 B
DoesNotHaveItems,Job-LNCZTW,False,True,Default,Default,Default,Default,Default,111111111111,Empty,RyuJit,Default,X64,8c5e7fda-e8bf-4a96-9a85-a6e23a8c635c,.NET 8.0,False,True,False,True,Default,Default,False,False,True,Default,Default,Default,Default,Default,Default,Default,Default,Default,Default,Default,Default,Default,Default,Default,Default,Default,16,Default,DotNetTips.Spargine.Extensions.BenchmarkTests,Collections,2048,"11,706.758 ns",65.0682 ns,60.8649 ns,15.7152 ns,"11,724.504 ns","11,538.081 ns","11,700.564 ns","11,738.833 ns","11,762.791 ns","85,420.7",65.0682 ns,15.00,4.592,2.000,-1.5860,68,*,No,0.0000,0.0000,0.0000,0.0000,231 B,0.0000,40 B
FastCount,Job-LNCZTW,False,True,Default,Default,Default,Default,Default,111111111111,Empty,RyuJit,Default,X64,8c5e7fda-e8bf-4a96-9a85-a6e23a8c635c,.NET 8.0,False,True,False,True,Default,Default,False,False,True,Default,Default,Default,Default,Default,Default,Default,Default,Default,Default,Default,Default,Default,Default,Default,Default,Default,16,Default,DotNetTips.Spargine.Extensions.BenchmarkTests,"Collections,**FOR COMPARISON**,**NEW**",16,128.215 ns,0.5559 ns,0.5200 ns,0.1343 ns,128.167 ns,127.431 ns,127.830 ns,128.520 ns,129.326 ns,"7,799,416.1",0.5559 ns,15.00,2.221,2.000,0.3450,28,*,No,0.0000,0.0000,0.0002,0.0000,296 B,0.0000,40 B
FastCount,Job-LNCZTW,False,True,Default,Default,Default,Default,Default,111111111111,Empty,RyuJit,Default,X64,8c5e7fda-e8bf-4a96-9a85-a6e23a8c635c,.NET 8.0,False,True,False,True,Default,Default,False,False,True,Default,Default,Default,Default,Default,Default,Default,Default,Default,Default,Default,Default,Default,Default,Default,Default,Default,16,Default,DotNetTips.Spargine.Extensions.BenchmarkTests,"Collections,**FOR COMPARISON**,**NEW**",32,215.094 ns,0.8400 ns,0.7857 ns,0.2029 ns,215.381 ns,213.587 ns,214.783 ns,215.649 ns,216.099 ns,"4,649,131.6",0.8400 ns,15.00,2.157,2.000,-0.7881,35,*,No,0.0000,0.0000,0.0002,0.0000,296 B,0.0000,40 B
FastCount,Job-LNCZTW,False,True,Default,Default,Default,Default,Default,111111111111,Empty,RyuJit,Default,X64,8c5e7fda-e8bf-4a96-9a85-a6e23a8c635c,.NET 8.0,False,True,False,True,Default,Default,False,False,True,Default,Default,Default,Default,Default,Default,Default,Default,Default,Default,Default,Default,Default,Default,Default,Default,Default,16,Default,DotNetTips.Spargine.Extensions.BenchmarkTests,"Collections,**FOR COMPARISON**,**NEW**",64,381.232 ns,1.2374 ns,1.0969 ns,0.2932 ns,381.513 ns,378.417 ns,380.858 ns,381.836 ns,382.549 ns,"2,623,071.6",1.2374 ns,14.00,3.671,2.000,-1.1677,41,*,No,0.0000,0.0000,0.0000,0.0000,296 B,0.0000,40 B
FastCount,Job-LNCZTW,False,True,Default,Default,Default,Default,Default,111111111111,Empty,RyuJit,Default,X64,8c5e7fda-e8bf-4a96-9a85-a6e23a8c635c,.NET 8.0,False,True,False,True,Default,Default,False,False,True,Default,Default,Default,Default,Default,Default,Default,Default,Default,Default,Default,Default,Default,Default,Default,Default,Default,16,Default,DotNetTips.Spargine.Extensions.BenchmarkTests,"Collections,**FOR COMPARISON**,**NEW**",128,725.127 ns,2.1521 ns,1.9078 ns,0.5099 ns,724.539 ns,722.811 ns,724.242 ns,726.052 ns,728.912 ns,"1,379,069.2",2.1521 ns,14.00,2.499,2.000,0.8368,47,*,No,0.0000,0.0000,0.0000,0.0000,296 B,0.0000,40 B
FastCount,Job-LNCZTW,False,True,Default,Default,Default,Default,Default,111111111111,Empty,RyuJit,Default,X64,8c5e7fda-e8bf-4a96-9a85-a6e23a8c635c,.NET 8.0,False,True,False,True,Default,Default,False,False,True,Default,Default,Default,Default,Default,Default,Default,Default,Default,Default,Default,Default,Default,Default,Default,Default,Default,16,Default,DotNetTips.Spargine.Extensions.BenchmarkTests,"Collections,**FOR COMPARISON**,**NEW**",256,"1,354.562 ns",9.1437 ns,8.5530 ns,2.2084 ns,"1,357.430 ns","1,330.908 ns","1,349.992 ns","1,360.576 ns","1,363.248 ns","738,245.9",9.1437 ns,15.00,4.205,2.000,-1.3333,54,*,No,0.0000,0.0000,0.0000,0.0000,296 B,0.0000,40 B
FastCount,Job-LNCZTW,False,True,Default,Default,Default,Default,Default,111111111111,Empty,RyuJit,Default,X64,8c5e7fda-e8bf-4a96-9a85-a6e23a8c635c,.NET 8.0,False,True,False,True,Default,Default,False,False,True,Default,Default,Default,Default,Default,Default,Default,Default,Default,Default,Default,Default,Default,Default,Default,Default,Default,16,Default,DotNetTips.Spargine.Extensions.BenchmarkTests,"Collections,**FOR COMPARISON**,**NEW**",512,"3,037.155 ns",14.6857 ns,13.0185 ns,3.4793 ns,"3,040.392 ns","2,996.106 ns","3,037.179 ns","3,041.562 ns","3,050.518 ns","329,255.5",14.6857 ns,14.00,7.201,2.000,-2.1362,61,*,No,0.0000,0.0000,0.0000,0.0000,296 B,0.0000,40 B
FastCount,Job-LNCZTW,False,True,Default,Default,Default,Default,Default,111111111111,Empty,RyuJit,Default,X64,8c5e7fda-e8bf-4a96-9a85-a6e23a8c635c,.NET 8.0,False,True,False,True,Default,Default,False,False,True,Default,Default,Default,Default,Default,Default,Default,Default,Default,Default,Default,Default,Default,Default,Default,Default,Default,16,Default,DotNetTips.Spargine.Extensions.BenchmarkTests,"Collections,**FOR COMPARISON**,**NEW**",1024,"6,040.244 ns",30.5271 ns,27.0615 ns,7.2325 ns,"6,046.529 ns","5,974.480 ns","6,041.157 ns","6,055.692 ns","6,070.181 ns","165,556.2",30.5271 ns,14.00,3.786,2.000,-1.4234,66,*,No,0.0000,0.0000,0.0000,0.0000,296 B,0.0000,40 B
FastCount,Job-LNCZTW,False,True,Default,Default,Default,Default,Default,111111111111,Empty,RyuJit,Default,X64,8c5e7fda-e8bf-4a96-9a85-a6e23a8c635c,.NET 8.0,False,True,False,True,Default,Default,False,False,True,Default,Default,Default,Default,Default,Default,Default,Default,Default,Default,Default,Default,Default,Default,Default,Default,Default,16,Default,DotNetTips.Spargine.Extensions.BenchmarkTests,"Collections,**FOR COMPARISON**,**NEW**",2048,"12,067.788 ns",48.6767 ns,45.5322 ns,11.7564 ns,"12,074.112 ns","11,939.079 ns","12,043.755 ns","12,085.676 ns","12,126.804 ns","82,865.2",48.6767 ns,15.00,4.688,2.000,-1.2042,69,*,No,0.0000,0.0000,0.0000,0.0000,296 B,0.0000,40 B
HasItems,Job-LNCZTW,False,True,Default,Default,Default,Default,Default,111111111111,Empty,RyuJit,Default,X64,8c5e7fda-e8bf-4a96-9a85-a6e23a8c635c,.NET 8.0,False,True,False,True,Default,Default,False,False,True,Default,Default,Default,Default,Default,Default,Default,Default,Default,Default,Default,Default,Default,Default,Default,Default,Default,16,Default,DotNetTips.Spargine.Extensions.BenchmarkTests,Collections,16,59.334 ns,0.1960 ns,0.1637 ns,0.0454 ns,59.340 ns,59.008 ns,59.318 ns,59.387 ns,59.622 ns,"16,853,689.2",0.1960 ns,13.00,2.714,2.000,-0.3936,17,*,No,0.0000,0.0000,0.0004,0.0000,298 B,0.0000,40 B
HasItems,Job-LNCZTW,False,True,Default,Default,Default,Default,Default,111111111111,Empty,RyuJit,Default,X64,8c5e7fda-e8bf-4a96-9a85-a6e23a8c635c,.NET 8.0,False,True,False,True,Default,Default,False,False,True,Default,Default,Default,Default,Default,Default,Default,Default,Default,Default,Default,Default,Default,Default,Default,Default,Default,16,Default,DotNetTips.Spargine.Extensions.BenchmarkTests,Collections,32,100.174 ns,0.2739 ns,0.2562 ns,0.0661 ns,100.191 ns,99.469 ns,100.090 ns,100.343 ns,100.455 ns,"9,982,605.6",0.2739 ns,15.00,4.227,2.000,-1.2374,23,*,No,0.0000,0.0000,0.0004,0.0000,298 B,0.0000,40 B
HasItems,Job-LNCZTW,False,True,Default,Default,Default,Default,Default,111111111111,Empty,RyuJit,Default,X64,8c5e7fda-e8bf-4a96-9a85-a6e23a8c635c,.NET 8.0,False,True,False,True,Default,Default,False,False,True,Default,Default,Default,Default,Default,Default,Default,Default,Default,Default,Default,Default,Default,Default,Default,Default,Default,16,Default,DotNetTips.Spargine.Extensions.BenchmarkTests,Collections,64,173.137 ns,0.5002 ns,0.4434 ns,0.1185 ns,173.145 ns,172.400 ns,172.880 ns,173.381 ns,174.089 ns,"5,775,769.2",0.5002 ns,14.00,2.482,2.000,0.2702,31,*,No,0.0000,0.0000,0.0002,0.0000,298 B,0.0000,40 B
HasItems,Job-LNCZTW,False,True,Default,Default,Default,Default,Default,111111111111,Empty,RyuJit,Default,X64,8c5e7fda-e8bf-4a96-9a85-a6e23a8c635c,.NET 8.0,False,True,False,True,Default,Default,False,False,True,Default,Default,Default,Default,Default,Default,Default,Default,Default,Default,Default,Default,Default,Default,Default,Default,Default,16,Default,DotNetTips.Spargine.Extensions.BenchmarkTests,Collections,128,311.540 ns,1.3490 ns,1.2618 ns,0.3258 ns,311.625 ns,308.560 ns,310.829 ns,312.503 ns,313.390 ns,"3,209,858.0",1.3490 ns,15.00,2.746,2.000,-0.5613,38,*,No,0.0000,0.0000,0.0000,0.0000,298 B,0.0000,40 B
HasItems,Job-LNCZTW,False,True,Default,Default,Default,Default,Default,111111111111,Empty,RyuJit,Default,X64,8c5e7fda-e8bf-4a96-9a85-a6e23a8c635c,.NET 8.0,False,True,False,True,Default,Default,False,False,True,Default,Default,Default,Default,Default,Default,Default,Default,Default,Default,Default,Default,Default,Default,Default,Default,Default,16,Default,DotNetTips.Spargine.Extensions.BenchmarkTests,Collections,256,597.273 ns,3.0979 ns,2.8978 ns,0.7482 ns,597.550 ns,589.340 ns,596.108 ns,598.696 ns,602.114 ns,"1,674,276.6",3.0979 ns,15.00,4.426,2.000,-0.9453,44,*,No,0.0000,0.0000,0.0000,0.0000,298 B,0.0000,40 B
HasItems,Job-LNCZTW,False,True,Default,Default,Default,Default,Default,111111111111,Empty,RyuJit,Default,X64,8c5e7fda-e8bf-4a96-9a85-a6e23a8c635c,.NET 8.0,False,True,False,True,Default,Default,False,False,True,Default,Default,Default,Default,Default,Default,Default,Default,Default,Default,Default,Default,Default,Default,Default,Default,Default,16,Default,DotNetTips.Spargine.Extensions.BenchmarkTests,Collections,512,"1,162.108 ns",4.1354 ns,3.8682 ns,0.9988 ns,"1,162.833 ns","1,151.805 ns","1,160.288 ns","1,165.023 ns","1,166.370 ns","860,504.9",4.1354 ns,15.00,3.760,2.000,-1.0716,50,*,No,0.0000,0.0000,0.0000,0.0000,298 B,0.0000,40 B
HasItems,Job-LNCZTW,False,True,Default,Default,Default,Default,Default,111111111111,Empty,RyuJit,Default,X64,8c5e7fda-e8bf-4a96-9a85-a6e23a8c635c,.NET 8.0,False,True,False,True,Default,Default,False,False,True,Default,Default,Default,Default,Default,Default,Default,Default,Default,Default,Default,Default,Default,Default,Default,Default,Default,16,Default,DotNetTips.Spargine.Extensions.BenchmarkTests,Collections,1024,"2,287.233 ns",10.5410 ns,9.8601 ns,2.5459 ns,"2,289.417 ns","2,268.478 ns","2,283.579 ns","2,294.658 ns","2,301.186 ns","437,209.6",10.5410 ns,15.00,2.078,2.000,-0.5565,57,*,No,0.0000,0.0000,0.0000,0.0000,298 B,0.0000,40 B
HasItems,Job-LNCZTW,False,True,Default,Default,Default,Default,Default,111111111111,Empty,RyuJit,Default,X64,8c5e7fda-e8bf-4a96-9a85-a6e23a8c635c,.NET 8.0,False,True,False,True,Default,Default,False,False,True,Default,Default,Default,Default,Default,Default,Default,Default,Default,Default,Default,Default,Default,Default,Default,Default,Default,16,Default,DotNetTips.Spargine.Extensions.BenchmarkTests,Collections,2048,"4,542.567 ns",33.3154 ns,31.1633 ns,8.0463 ns,"4,551.560 ns","4,482.137 ns","4,526.020 ns","4,561.514 ns","4,584.321 ns","220,139.8",33.3154 ns,15.00,2.113,2.000,-0.7245,63,*,No,0.0000,0.0000,0.0000,0.0000,298 B,0.0000,40 B
IndexAtLooped,Job-LNCZTW,False,True,Default,Default,Default,Default,Default,111111111111,Empty,RyuJit,Default,X64,8c5e7fda-e8bf-4a96-9a85-a6e23a8c635c,.NET 8.0,False,True,False,True,Default,Default,False,False,True,Default,Default,Default,Default,Default,Default,Default,Default,Default,Default,Default,Default,Default,Default,Default,Default,Default,16,Default,DotNetTips.Spargine.Extensions.BenchmarkTests,Collections,16,106.434 ns,0.6992 ns,0.6198 ns,0.1657 ns,106.663 ns,105.108 ns,106.450 ns,106.826 ns,106.995 ns,"9,395,497.5",0.6992 ns,14.00,2.678,2.000,-1.1373,25,*,No,0.0000,0.0000,0.0000,0.0000,983 B,0.0000,0 B
IndexAtLooped,Job-LNCZTW,False,True,Default,Default,Default,Default,Default,111111111111,Empty,RyuJit,Default,X64,8c5e7fda-e8bf-4a96-9a85-a6e23a8c635c,.NET 8.0,False,True,False,True,Default,Default,False,False,True,Default,Default,Default,Default,Default,Default,Default,Default,Default,Default,Default,Default,Default,Default,Default,Default,Default,16,Default,DotNetTips.Spargine.Extensions.BenchmarkTests,Collections,32,103.902 ns,0.7687 ns,0.7190 ns,0.1857 ns,104.180 ns,102.217 ns,104.000 ns,104.310 ns,104.519 ns,"9,624,421.1",0.7687 ns,15.00,3.108,2.000,-1.3214,24,*,No,0.0000,0.0000,0.0000,0.0000,983 B,0.0000,0 B
IndexAtLooped,Job-LNCZTW,False,True,Default,Default,Default,Default,Default,111111111111,Empty,RyuJit,Default,X64,8c5e7fda-e8bf-4a96-9a85-a6e23a8c635c,.NET 8.0,False,True,False,True,Default,Default,False,False,True,Default,Default,Default,Default,Default,Default,Default,Default,Default,Default,Default,Default,Default,Default,Default,Default,Default,16,Default,DotNetTips.Spargine.Extensions.BenchmarkTests,Collections,64,105.917 ns,1.8627 ns,1.7423 ns,0.4499 ns,106.932 ns,103.621 ns,104.020 ns,107.157 ns,108.389 ns,"9,441,376.1",1.8627 ns,15.00,1.162,2.000,-0.2629,25,*,No,0.0000,0.0000,0.0000,0.0000,983 B,0.0000,0 B
IndexAtLooped,Job-LNCZTW,False,True,Default,Default,Default,Default,Default,111111111111,Empty,RyuJit,Default,X64,8c5e7fda-e8bf-4a96-9a85-a6e23a8c635c,.NET 8.0,False,True,False,True,Default,Default,False,False,True,Default,Default,Default,Default,Default,Default,Default,Default,Default,Default,Default,Default,Default,Default,Default,Default,Default,16,Default,DotNetTips.Spargine.Extensions.BenchmarkTests,Collections,128,102.491 ns,0.8040 ns,0.7521 ns,0.1942 ns,102.830 ns,100.956 ns,101.856 ns,103.003 ns,103.303 ns,"9,756,979.0",0.8040 ns,15.00,1.899,2.000,-0.6905,24,*,No,0.0000,0.0000,0.0000,0.0000,983 B,0.0000,0 B
IndexAtLooped,Job-LNCZTW,False,True,Default,Default,Default,Default,Default,111111111111,Empty,RyuJit,Default,X64,8c5e7fda-e8bf-4a96-9a85-a6e23a8c635c,.NET 8.0,False,True,False,True,Default,Default,False,False,True,Default,Default,Default,Default,Default,Default,Default,Default,Default,Default,Default,Default,Default,Default,Default,Default,Default,16,Default,DotNetTips.Spargine.Extensions.BenchmarkTests,Collections,256,103.446 ns,0.4252 ns,0.3978 ns,0.1027 ns,103.550 ns,102.235 ns,103.316 ns,103.672 ns,103.949 ns,"9,666,915.1",0.4252 ns,15.00,5.960,2.000,-1.6980,24,*,No,0.0000,0.0000,0.0000,0.0000,983 B,0.0000,0 B
IndexAtLooped,Job-LNCZTW,False,True,Default,Default,Default,Default,Default,111111111111,Empty,RyuJit,Default,X64,8c5e7fda-e8bf-4a96-9a85-a6e23a8c635c,.NET 8.0,False,True,False,True,Default,Default,False,False,True,Default,Default,Default,Default,Default,Default,Default,Default,Default,Default,Default,Default,Default,Default,Default,Default,Default,16,Default,DotNetTips.Spargine.Extensions.BenchmarkTests,Collections,512,101.994 ns,0.7577 ns,0.7088 ns,0.1830 ns,102.271 ns,100.695 ns,101.525 ns,102.428 ns,102.855 ns,"9,804,478.8",0.7577 ns,15.00,1.819,2.000,-0.5656,24,*,No,0.0000,0.0000,0.0000,0.0000,983 B,0.0000,0 B
IndexAtLooped,Job-LNCZTW,False,True,Default,Default,Default,Default,Default,111111111111,Empty,RyuJit,Default,X64,8c5e7fda-e8bf-4a96-9a85-a6e23a8c635c,.NET 8.0,False,True,False,True,Default,Default,False,False,True,Default,Default,Default,Default,Default,Default,Default,Default,Default,Default,Default,Default,Default,Default,Default,Default,Default,16,Default,DotNetTips.Spargine.Extensions.BenchmarkTests,Collections,1024,105.752 ns,0.8008 ns,0.7099 ns,0.1897 ns,105.949 ns,103.948 ns,105.555 ns,106.188 ns,106.818 ns,"9,456,128.8",0.8008 ns,14.00,3.638,2.000,-1.0070,25,*,No,0.0000,0.0000,0.0000,0.0000,983 B,0.0000,0 B
IndexAtLooped,Job-LNCZTW,False,True,Default,Default,Default,Default,Default,111111111111,Empty,RyuJit,Default,X64,8c5e7fda-e8bf-4a96-9a85-a6e23a8c635c,.NET 8.0,False,True,False,True,Default,Default,False,False,True,Default,Default,Default,Default,Default,Default,Default,Default,Default,Default,Default,Default,Default,Default,Default,Default,Default,16,Default,DotNetTips.Spargine.Extensions.BenchmarkTests,Collections,2048,103.237 ns,0.4483 ns,0.4194 ns,0.1083 ns,103.364 ns,102.092 ns,103.040 ns,103.429 ns,103.944 ns,"9,686,410.5",0.4483 ns,15.00,4.383,2.000,-0.9927,24,*,No,0.0000,0.0000,0.0000,0.0000,983 B,0.0000,0 B
LongCount,Job-LNCZTW,False,True,Default,Default,Default,Default,Default,111111111111,Empty,RyuJit,Default,X64,8c5e7fda-e8bf-4a96-9a85-a6e23a8c635c,.NET 8.0,False,True,False,True,Default,Default,False,False,True,Default,Default,Default,Default,Default,Default,Default,Default,Default,Default,Default,Default,Default,Default,Default,Default,Default,16,Default,DotNetTips.Spargine.Extensions.BenchmarkTests,"Collections,**FOR COMPARISON**,**NEW**",16,53.419 ns,0.1951 ns,0.1825 ns,0.0471 ns,53.426 ns,53.044 ns,53.305 ns,53.546 ns,53.731 ns,"18,719,966.5",0.1951 ns,15.00,2.261,2.000,-0.2283,15,*,No,0.0000,0.0000,0.0004,0.0000,519 B,0.0000,40 B
LongCount,Job-LNCZTW,False,True,Default,Default,Default,Default,Default,111111111111,Empty,RyuJit,Default,X64,8c5e7fda-e8bf-4a96-9a85-a6e23a8c635c,.NET 8.0,False,True,False,True,Default,Default,False,False,True,Default,Default,Default,Default,Default,Default,Default,Default,Default,Default,Default,Default,Default,Default,Default,Default,Default,16,Default,DotNetTips.Spargine.Extensions.BenchmarkTests,"Collections,**FOR COMPARISON**,**NEW**",32,97.959 ns,0.3140 ns,0.2937 ns,0.0758 ns,97.960 ns,97.573 ns,97.737 ns,98.128 ns,98.475 ns,"10,208,379.1",0.3140 ns,15.00,1.764,2.000,0.4074,22,*,No,0.0000,0.0000,0.0004,0.0000,519 B,0.0000,40 B
LongCount,Job-LNCZTW,False,True,Default,Default,Default,Default,Default,111111111111,Empty,RyuJit,Default,X64,8c5e7fda-e8bf-4a96-9a85-a6e23a8c635c,.NET 8.0,False,True,False,True,Default,Default,False,False,True,Default,Default,Default,Default,Default,Default,Default,Default,Default,Default,Default,Default,Default,Default,Default,Default,Default,16,Default,DotNetTips.Spargine.Extensions.BenchmarkTests,"Collections,**FOR COMPARISON**,**NEW**",64,171.464 ns,0.6072 ns,0.5680 ns,0.1466 ns,171.637 ns,170.154 ns,171.101 ns,171.754 ns,172.353 ns,"5,832,144.8",0.6072 ns,15.00,2.706,2.000,-0.6520,31,*,No,0.0000,0.0000,0.0002,0.0000,519 B,0.0000,40 B
LongCount,Job-LNCZTW,False,True,Default,Default,Default,Default,Default,111111111111,Empty,RyuJit,Default,X64,8c5e7fda-e8bf-4a96-9a85-a6e23a8c635c,.NET 8.0,False,True,False,True,Default,Default,False,False,True,Default,Default,Default,Default,Default,Default,Default,Default,Default,Default,Default,Default,Default,Default,Default,Default,Default,16,Default,DotNetTips.Spargine.Extensions.BenchmarkTests,"Collections,**FOR COMPARISON**,**NEW**",128,309.283 ns,1.4139 ns,1.2534 ns,0.3350 ns,309.521 ns,306.638 ns,308.971 ns,309.820 ns,310.896 ns,"3,233,287.9",1.4139 ns,14.00,2.519,2.000,-0.7002,38,*,No,0.0000,0.0000,0.0000,0.0000,519 B,0.0000,40 B
LongCount,Job-LNCZTW,False,True,Default,Default,Default,Default,Default,111111111111,Empty,RyuJit,Default,X64,8c5e7fda-e8bf-4a96-9a85-a6e23a8c635c,.NET 8.0,False,True,False,True,Default,Default,False,False,True,Default,Default,Default,Default,Default,Default,Default,Default,Default,Default,Default,Default,Default,Default,Default,Default,Default,16,Default,DotNetTips.Spargine.Extensions.BenchmarkTests,"Collections,**FOR COMPARISON**,**NEW**",256,591.802 ns,2.3049 ns,2.1560 ns,0.5567 ns,591.765 ns,585.426 ns,591.185 ns,592.696 ns,594.417 ns,"1,689,754.7",2.3049 ns,15.00,5.509,2.000,-1.3925,44,*,No,0.0000,0.0000,0.0000,0.0000,519 B,0.0000,40 B
LongCount,Job-LNCZTW,False,True,Default,Default,Default,Default,Default,111111111111,Empty,RyuJit,Default,X64,8c5e7fda-e8bf-4a96-9a85-a6e23a8c635c,.NET 8.0,False,True,False,True,Default,Default,False,False,True,Default,Default,Default,Default,Default,Default,Default,Default,Default,Default,Default,Default,Default,Default,Default,Default,Default,16,Default,DotNetTips.Spargine.Extensions.BenchmarkTests,"Collections,**FOR COMPARISON**,**NEW**",512,"1,156.631 ns",5.8132 ns,5.4377 ns,1.4040 ns,"1,157.206 ns","1,139.837 ns","1,154.854 ns","1,159.209 ns","1,164.829 ns","864,579.6",5.8132 ns,15.00,6.459,2.000,-1.6847,50,*,No,0.0000,0.0000,0.0000,0.0000,519 B,0.0000,40 B
LongCount,Job-LNCZTW,False,True,Default,Default,Default,Default,Default,111111111111,Empty,RyuJit,Default,X64,8c5e7fda-e8bf-4a96-9a85-a6e23a8c635c,.NET 8.0,False,True,False,True,Default,Default,False,False,True,Default,Default,Default,Default,Default,Default,Default,Default,Default,Default,Default,Default,Default,Default,Default,Default,Default,16,Default,DotNetTips.Spargine.Extensions.BenchmarkTests,"Collections,**FOR COMPARISON**,**NEW**",1024,"2,286.278 ns",5.5860 ns,4.9519 ns,1.3234 ns,"2,285.366 ns","2,280.052 ns","2,281.771 ns","2,290.250 ns","2,295.843 ns","437,392.2",5.5860 ns,14.00,1.787,2.000,0.4510,57,*,No,0.0000,0.0000,0.0000,0.0000,519 B,0.0000,40 B
LongCount,Job-LNCZTW,False,True,Default,Default,Default,Default,Default,111111111111,Empty,RyuJit,Default,X64,8c5e7fda-e8bf-4a96-9a85-a6e23a8c635c,.NET 8.0,False,True,False,True,Default,Default,False,False,True,Default,Default,Default,Default,Default,Default,Default,Default,Default,Default,Default,Default,Default,Default,Default,Default,Default,16,Default,DotNetTips.Spargine.Extensions.BenchmarkTests,"Collections,**FOR COMPARISON**,**NEW**",2048,"4,542.845 ns",19.9546 ns,17.6892 ns,4.7276 ns,"4,547.378 ns","4,495.422 ns","4,544.156 ns","4,552.767 ns","4,558.094 ns","220,126.4",19.9546 ns,14.00,4.532,2.000,-1.6777,63,*,No,0.0000,0.0000,0.0000,0.0000,519 B,0.0000,40 B
ToObservableCollection,Job-LNCZTW,False,True,Default,Default,Default,Default,Default,111111111111,Empty,RyuJit,Default,X64,8c5e7fda-e8bf-4a96-9a85-a6e23a8c635c,.NET 8.0,False,True,False,True,Default,Default,False,False,True,Default,Default,Default,Default,Default,Default,Default,Default,Default,Default,Default,Default,Default,Default,Default,Default,Default,16,Default,DotNetTips.Spargine.Extensions.BenchmarkTests,Collections,16,70.328 ns,1.3947 ns,1.5502 ns,0.3557 ns,69.550 ns,68.881 ns,69.070 ns,72.063 ns,72.975 ns,"14,219,169.5",1.3947 ns,19.00,1.341,3.167,0.5144,18,*,No,0.0000,0.0000,0.0025,0.0000,447 B,0.0000,240 B
ToObservableCollection,Job-LNCZTW,False,True,Default,Default,Default,Default,Default,111111111111,Empty,RyuJit,Default,X64,8c5e7fda-e8bf-4a96-9a85-a6e23a8c635c,.NET 8.0,False,True,False,True,Default,Default,False,False,True,Default,Default,Default,Default,Default,Default,Default,Default,Default,Default,Default,Default,Default,Default,Default,Default,Default,16,Default,DotNetTips.Spargine.Extensions.BenchmarkTests,Collections,32,84.189 ns,1.1129 ns,1.0410 ns,0.2688 ns,84.297 ns,82.950 ns,83.205 ns,84.724 ns,86.509 ns,"11,877,985.8",1.1129 ns,15.00,2.276,2.000,0.5513,20,*,No,0.0000,0.0000,0.0039,0.0000,447 B,0.0000,368 B
ToObservableCollection,Job-LNCZTW,False,True,Default,Default,Default,Default,Default,111111111111,Empty,RyuJit,Default,X64,8c5e7fda-e8bf-4a96-9a85-a6e23a8c635c,.NET 8.0,False,True,False,True,Default,Default,False,False,True,Default,Default,Default,Default,Default,Default,Default,Default,Default,Default,Default,Default,Default,Default,Default,Default,Default,16,Default,DotNetTips.Spargine.Extensions.BenchmarkTests,Collections,64,115.170 ns,0.6442 ns,0.5711 ns,0.1526 ns,115.186 ns,113.979 ns,114.950 ns,115.501 ns,116.083 ns,"8,682,831.3",0.6442 ns,14.00,2.536,2.000,-0.4717,26,*,No,0.0000,0.0000,0.0068,0.0000,447 B,0.0000,624 B
ToObservableCollection,Job-LNCZTW,False,True,Default,Default,Default,Default,Default,111111111111,Empty,RyuJit,Default,X64,8c5e7fda-e8bf-4a96-9a85-a6e23a8c635c,.NET 8.0,False,True,False,True,Default,Default,False,False,True,Default,Default,Default,Default,Default,Default,Default,Default,Default,Default,Default,Default,Default,Default,Default,Default,Default,16,Default,DotNetTips.Spargine.Extensions.BenchmarkTests,Collections,128,182.491 ns,1.2213 ns,1.1424 ns,0.2950 ns,182.349 ns,181.072 ns,181.532 ns,183.009 ns,184.649 ns,"5,479,709.3",1.2213 ns,15.00,1.846,2.000,0.4610,33,*,No,0.0000,0.0000,0.0124,0.0000,447 B,0.0000,1136 B
ToObservableCollection,Job-LNCZTW,False,True,Default,Default,Default,Default,Default,111111111111,Empty,RyuJit,Default,X64,8c5e7fda-e8bf-4a96-9a85-a6e23a8c635c,.NET 8.0,False,True,False,True,Default,Default,False,False,True,Default,Default,Default,Default,Default,Default,Default,Default,Default,Default,Default,Default,Default,Default,Default,Default,Default,16,Default,DotNetTips.Spargine.Extensions.BenchmarkTests,Collections,256,315.359 ns,1.5696 ns,1.4682 ns,0.3791 ns,315.135 ns,313.273 ns,314.211 ns,316.348 ns,318.320 ns,"3,170,988.1",1.5696 ns,15.00,1.972,2.000,0.4945,38,*,No,0.0000,0.0000,0.0234,0.0000,447 B,0.0000,2160 B
ToObservableCollection,Job-LNCZTW,False,True,Default,Default,Default,Default,Default,111111111111,Empty,RyuJit,Default,X64,8c5e7fda-e8bf-4a96-9a85-a6e23a8c635c,.NET 8.0,False,True,False,True,Default,Default,False,False,True,Default,Default,Default,Default,Default,Default,Default,Default,Default,Default,Default,Default,Default,Default,Default,Default,Default,16,Default,DotNetTips.Spargine.Extensions.BenchmarkTests,Collections,512,597.382 ns,4.5830 ns,4.2869 ns,1.1069 ns,597.103 ns,590.304 ns,594.290 ns,600.685 ns,604.132 ns,"1,673,970.6",4.5830 ns,15.00,1.668,2.000,0.0261,44,*,No,0.0000,0.0000,0.0458,0.0000,447 B,0.0000,4208 B
ToObservableCollection,Job-LNCZTW,False,True,Default,Default,Default,Default,Default,111111111111,Empty,RyuJit,Default,X64,8c5e7fda-e8bf-4a96-9a85-a6e23a8c635c,.NET 8.0,False,True,False,True,Default,Default,False,False,True,Default,Default,Default,Default,Default,Default,Default,Default,Default,Default,Default,Default,Default,Default,Default,Default,Default,16,Default,DotNetTips.Spargine.Extensions.BenchmarkTests,Collections,1024,"1,226.720 ns",7.3836 ns,6.9066 ns,1.7833 ns,"1,229.504 ns","1,215.641 ns","1,220.963 ns","1,230.807 ns","1,238.817 ns","815,181.7",7.3836 ns,15.00,1.751,2.000,-0.0611,52,*,No,0.0000,0.0000,0.0935,0.0000,447 B,0.0019,8304 B
ToObservableCollection,Job-LNCZTW,False,True,Default,Default,Default,Default,Default,111111111111,Empty,RyuJit,Default,X64,8c5e7fda-e8bf-4a96-9a85-a6e23a8c635c,.NET 8.0,False,True,False,True,Default,Default,False,False,True,Default,Default,Default,Default,Default,Default,Default,Default,Default,Default,Default,Default,Default,Default,Default,Default,Default,16,Default,DotNetTips.Spargine.Extensions.BenchmarkTests,Collections,2048,"2,420.280 ns",14.6591 ns,13.7121 ns,3.5405 ns,"2,422.601 ns","2,395.215 ns","2,411.085 ns","2,430.179 ns","2,439.045 ns","413,175.4",14.6591 ns,15.00,1.790,2.000,-0.3179,58,*,No,0.0000,0.0000,0.1831,0.0000,447 B,0.0076,16496 B
ToReadOnlyCollection,Job-LNCZTW,False,True,Default,Default,Default,Default,Default,111111111111,Empty,RyuJit,Default,X64,8c5e7fda-e8bf-4a96-9a85-a6e23a8c635c,.NET 8.0,False,True,False,True,Default,Default,False,False,True,Default,Default,Default,Default,Default,Default,Default,Default,Default,Default,Default,Default,Default,Default,Default,Default,Default,16,Default,DotNetTips.Spargine.Extensions.BenchmarkTests,Collections,16,19.820 ns,0.0643 ns,0.0602 ns,0.0155 ns,19.821 ns,19.711 ns,19.781 ns,19.868 ns,19.900 ns,"50,452,904.5",0.0643 ns,15.00,1.774,2.000,-0.4236,9,*,No,0.0000,0.0000,0.0002,0.0000,447 B,0.0000,24 B
ToReadOnlyCollection,Job-LNCZTW,False,True,Default,Default,Default,Default,Default,111111111111,Empty,RyuJit,Default,X64,8c5e7fda-e8bf-4a96-9a85-a6e23a8c635c,.NET 8.0,False,True,False,True,Default,Default,False,False,True,Default,Default,Default,Default,Default,Default,Default,Default,Default,Default,Default,Default,Default,Default,Default,Default,Default,16,Default,DotNetTips.Spargine.Extensions.BenchmarkTests,Collections,32,19.585 ns,0.0898 ns,0.0840 ns,0.0217 ns,19.601 ns,19.435 ns,19.540 ns,19.637 ns,19.711 ns,"51,060,013.5",0.0898 ns,15.00,1.961,2.000,-0.4317,9,*,No,0.0000,0.0000,0.0002,0.0000,447 B,0.0000,24 B
ToReadOnlyCollection,Job-LNCZTW,False,True,Default,Default,Default,Default,Default,111111111111,Empty,RyuJit,Default,X64,8c5e7fda-e8bf-4a96-9a85-a6e23a8c635c,.NET 8.0,False,True,False,True,Default,Default,False,False,True,Default,Default,Default,Default,Default,Default,Default,Default,Default,Default,Default,Default,Default,Default,Default,Default,Default,16,Default,DotNetTips.Spargine.Extensions.BenchmarkTests,Collections,64,20.356 ns,0.1629 ns,0.1524 ns,0.0393 ns,20.358 ns,20.119 ns,20.232 ns,20.511 ns,20.543 ns,"49,126,384.2",0.1629 ns,15.00,1.291,2.000,-0.0466,10,*,No,0.0000,0.0000,0.0002,0.0000,447 B,0.0000,24 B
ToReadOnlyCollection,Job-LNCZTW,False,True,Default,Default,Default,Default,Default,111111111111,Empty,RyuJit,Default,X64,8c5e7fda-e8bf-4a96-9a85-a6e23a8c635c,.NET 8.0,False,True,False,True,Default,Default,False,False,True,Default,Default,Default,Default,Default,Default,Default,Default,Default,Default,Default,Default,Default,Default,Default,Default,Default,16,Default,DotNetTips.Spargine.Extensions.BenchmarkTests,Collections,128,21.297 ns,0.1877 ns,0.1756 ns,0.0453 ns,21.373 ns,20.964 ns,21.168 ns,21.411 ns,21.554 ns,"46,956,001.3",0.1877 ns,15.00,1.787,2.000,-0.3886,11,*,No,0.0000,0.0000,0.0002,0.0000,447 B,0.0000,24 B
ToReadOnlyCollection,Job-LNCZTW,False,True,Default,Default,Default,Default,Default,111111111111,Empty,RyuJit,Default,X64,8c5e7fda-e8bf-4a96-9a85-a6e23a8c635c,.NET 8.0,False,True,False,True,Default,Default,False,False,True,Default,Default,Default,Default,Default,Default,Default,Default,Default,Default,Default,Default,Default,Default,Default,Default,Default,16,Default,DotNetTips.Spargine.Extensions.BenchmarkTests,Collections,256,19.586 ns,0.1085 ns,0.1015 ns,0.0262 ns,19.585 ns,19.472 ns,19.506 ns,19.646 ns,19.845 ns,"51,056,461.9",0.1085 ns,15.00,3.229,2.000,0.8857,9,*,No,0.0000,0.0000,0.0002,0.0000,447 B,0.0000,24 B
ToReadOnlyCollection,Job-LNCZTW,False,True,Default,Default,Default,Default,Default,111111111111,Empty,RyuJit,Default,X64,8c5e7fda-e8bf-4a96-9a85-a6e23a8c635c,.NET 8.0,False,True,False,True,Default,Default,False,False,True,Default,Default,Default,Default,Default,Default,Default,Default,Default,Default,Default,Default,Default,Default,Default,Default,Default,16,Default,DotNetTips.Spargine.Extensions.BenchmarkTests,Collections,512,19.637 ns,0.1893 ns,0.1771 ns,0.0457 ns,19.720 ns,19.357 ns,19.470 ns,19.785 ns,19.852 ns,"50,925,343.8",0.1893 ns,15.00,1.365,2.000,-0.3094,9,*,No,0.0000,0.0000,0.0002,0.0000,447 B,0.0000,24 B
ToReadOnlyCollection,Job-LNCZTW,False,True,Default,Default,Default,Default,Default,111111111111,Empty,RyuJit,Default,X64,8c5e7fda-e8bf-4a96-9a85-a6e23a8c635c,.NET 8.0,False,True,False,True,Default,Default,False,False,True,Default,Default,Default,Default,Default,Default,Default,Default,Default,Default,Default,Default,Default,Default,Default,Default,Default,16,Default,DotNetTips.Spargine.Extensions.BenchmarkTests,Collections,1024,19.692 ns,0.1648 ns,0.1461 ns,0.0390 ns,19.676 ns,19.492 ns,19.560 ns,19.832 ns,19.919 ns,"50,781,812.1",0.1648 ns,14.00,1.349,2.000,0.1131,9,*,No,0.0000,0.0000,0.0002,0.0000,447 B,0.0000,24 B
ToReadOnlyCollection,Job-LNCZTW,False,True,Default,Default,Default,Default,Default,111111111111,Empty,RyuJit,Default,X64,8c5e7fda-e8bf-4a96-9a85-a6e23a8c635c,.NET 8.0,False,True,False,True,Default,Default,False,False,True,Default,Default,Default,Default,Default,Default,Default,Default,Default,Default,Default,Default,Default,Default,Default,Default,Default,16,Default,DotNetTips.Spargine.Extensions.BenchmarkTests,Collections,2048,19.600 ns,0.1163 ns,0.1088 ns,0.0281 ns,19.588 ns,19.346 ns,19.543 ns,19.679 ns,19.806 ns,"51,019,323.2",0.1163 ns,15.00,3.054,2.000,-0.3300,9,*,No,0.0000,0.0000,0.0002,0.0000,447 B,0.0000,24 B
ToReadOnlyObservableCollection,Job-LNCZTW,False,True,Default,Default,Default,Default,Default,111111111111,Empty,RyuJit,Default,X64,8c5e7fda-e8bf-4a96-9a85-a6e23a8c635c,.NET 8.0,False,True,False,True,Default,Default,False,False,True,Default,Default,Default,Default,Default,Default,Default,Default,Default,Default,Default,Default,Default,Default,Default,Default,Default,16,Default,DotNetTips.Spargine.Extensions.BenchmarkTests,Collections,16,132.021 ns,0.4982 ns,0.4160 ns,0.1154 ns,132.033 ns,131.073 ns,131.768 ns,132.410 ns,132.431 ns,"7,574,556.9",0.4982 ns,13.00,2.495,2.000,-0.7049,29,*,No,0.0000,0.0000,0.0043,0.0000,530 B,0.0000,408 B
ToReadOnlyObservableCollection,Job-LNCZTW,False,True,Default,Default,Default,Default,Default,111111111111,Empty,RyuJit,Default,X64,8c5e7fda-e8bf-4a96-9a85-a6e23a8c635c,.NET 8.0,False,True,False,True,Default,Default,False,False,True,Default,Default,Default,Default,Default,Default,Default,Default,Default,Default,Default,Default,Default,Default,Default,Default,Default,16,Default,DotNetTips.Spargine.Extensions.BenchmarkTests,Collections,32,146.042 ns,1.1143 ns,1.0423 ns,0.2691 ns,146.089 ns,144.482 ns,145.181 ns,146.604 ns,148.176 ns,"6,847,348.5",1.1143 ns,15.00,2.110,2.000,0.2575,30,*,No,0.0000,0.0000,0.0057,0.0000,530 B,0.0000,536 B
ToReadOnlyObservableCollection,Job-LNCZTW,False,True,Default,Default,Default,Default,Default,111111111111,Empty,RyuJit,Default,X64,8c5e7fda-e8bf-4a96-9a85-a6e23a8c635c,.NET 8.0,False,True,False,True,Default,Default,False,False,True,Default,Default,Default,Default,Default,Default,Default,Default,Default,Default,Default,Default,Default,Default,Default,Default,Default,16,Default,DotNetTips.Spargine.Extensions.BenchmarkTests,Collections,64,175.547 ns,0.8234 ns,0.7702 ns,0.1989 ns,175.759 ns,173.949 ns,175.023 ns,176.095 ns,176.639 ns,"5,696,484.2",0.8234 ns,15.00,1.998,2.000,-0.4239,32,*,No,0.0000,0.0000,0.0086,0.0000,530 B,0.0000,792 B
ToReadOnlyObservableCollection,Job-LNCZTW,False,True,Default,Default,Default,Default,Default,111111111111,Empty,RyuJit,Default,X64,8c5e7fda-e8bf-4a96-9a85-a6e23a8c635c,.NET 8.0,False,True,False,True,Default,Default,False,False,True,Default,Default,Default,Default,Default,Default,Default,Default,Default,Default,Default,Default,Default,Default,Default,Default,Default,16,Default,DotNetTips.Spargine.Extensions.BenchmarkTests,Collections,128,240.722 ns,1.8530 ns,1.6426 ns,0.4390 ns,240.819 ns,237.163 ns,240.447 ns,241.994 ns,242.904 ns,"4,154,170.1",1.8530 ns,14.00,2.399,2.000,-0.6395,37,*,No,0.0000,0.0000,0.0138,0.0000,530 B,0.0000,1304 B
ToReadOnlyObservableCollection,Job-LNCZTW,False,True,Default,Default,Default,Default,Default,111111111111,Empty,RyuJit,Default,X64,8c5e7fda-e8bf-4a96-9a85-a6e23a8c635c,.NET 8.0,False,True,False,True,Default,Default,False,False,True,Default,Default,Default,Default,Default,Default,Default,Default,Default,Default,Default,Default,Default,Default,Default,Default,Default,16,Default,DotNetTips.Spargine.Extensions.BenchmarkTests,Collections,256,375.852 ns,2.4702 ns,2.1898 ns,0.5852 ns,375.316 ns,372.819 ns,374.731 ns,376.583 ns,380.824 ns,"2,660,621.9",2.4702 ns,14.00,2.717,2.000,0.8116,40,*,No,0.0000,0.0000,0.0253,0.0000,530 B,0.0000,2328 B
ToReadOnlyObservableCollection,Job-LNCZTW,False,True,Default,Default,Default,Default,Default,111111111111,Empty,RyuJit,Default,X64,8c5e7fda-e8bf-4a96-9a85-a6e23a8c635c,.NET 8.0,False,True,False,True,Default,Default,False,False,True,Default,Default,Default,Default,Default,Default,Default,Default,Default,Default,Default,Default,Default,Default,Default,Default,Default,16,Default,DotNetTips.Spargine.Extensions.BenchmarkTests,Collections,512,652.420 ns,3.0396 ns,2.3732 ns,0.6851 ns,653.242 ns,646.550 ns,651.380 ns,653.837 ns,655.104 ns,"1,532,755.8",3.0396 ns,12.00,3.471,2.000,-1.1740,46,*,No,0.0000,0.0000,0.0477,0.0000,530 B,0.0000,4376 B
ToReadOnlyObservableCollection,Job-LNCZTW,False,True,Default,Default,Default,Default,Default,111111111111,Empty,RyuJit,Default,X64,8c5e7fda-e8bf-4a96-9a85-a6e23a8c635c,.NET 8.0,False,True,False,True,Default,Default,False,False,True,Default,Default,Default,Default,Default,Default,Default,Default,Default,Default,Default,Default,Default,Default,Default,Default,Default,16,Default,DotNetTips.Spargine.Extensions.BenchmarkTests,Collections,1024,"1,254.048 ns",6.0932 ns,5.6996 ns,1.4716 ns,"1,252.490 ns","1,245.769 ns","1,251.234 ns","1,258.105 ns","1,266.179 ns","797,417.9",6.0932 ns,15.00,2.295,2.000,0.4843,53,*,No,0.0000,0.0000,0.0935,0.0000,530 B,0.0019,8472 B
ToReadOnlyObservableCollection,Job-LNCZTW,False,True,Default,Default,Default,Default,Default,111111111111,Empty,RyuJit,Default,X64,8c5e7fda-e8bf-4a96-9a85-a6e23a8c635c,.NET 8.0,False,True,False,True,Default,Default,False,False,True,Default,Default,Default,Default,Default,Default,Default,Default,Default,Default,Default,Default,Default,Default,Default,Default,Default,16,Default,DotNetTips.Spargine.Extensions.BenchmarkTests,Collections,2048,"2,458.264 ns",10.8576 ns,10.1562 ns,2.6223 ns,"2,458.764 ns","2,442.259 ns","2,449.225 ns","2,464.836 ns","2,473.333 ns","406,791.1",10.8576 ns,15.00,1.595,2.000,-0.0911,58,*,No,0.0000,0.0000,0.1831,0.0000,530 B,0.0076,16664 B
TryGetNonEnumeratedCount,Job-LNCZTW,False,True,Default,Default,Default,Default,Default,111111111111,Empty,RyuJit,Default,X64,8c5e7fda-e8bf-4a96-9a85-a6e23a8c635c,.NET 8.0,False,True,False,True,Default,Default,False,False,True,Default,Default,Default,Default,Default,Default,Default,Default,Default,Default,Default,Default,Default,Default,Default,Default,Default,16,Default,DotNetTips.Spargine.Extensions.BenchmarkTests,"Collections,**NEW**",16,8.634 ns,0.0243 ns,0.0215 ns,0.0057 ns,8.631 ns,8.601 ns,8.620 ns,8.646 ns,8.670 ns,"115,824,789.5",0.0243 ns,14.00,1.812,2.000,0.1114,3,*,No,0.0000,0.0000,0.0000,0.0000,497 B,0.0000,0 B
TryGetNonEnumeratedCount,Job-LNCZTW,False,True,Default,Default,Default,Default,Default,111111111111,Empty,RyuJit,Default,X64,8c5e7fda-e8bf-4a96-9a85-a6e23a8c635c,.NET 8.0,False,True,False,True,Default,Default,False,False,True,Default,Default,Default,Default,Default,Default,Default,Default,Default,Default,Default,Default,Default,Default,Default,Default,Default,16,Default,DotNetTips.Spargine.Extensions.BenchmarkTests,"Collections,**NEW**",32,9.041 ns,0.0665 ns,0.0555 ns,0.0154 ns,9.045 ns,8.921 ns,9.038 ns,9.080 ns,9.112 ns,"110,603,955.4",0.0665 ns,13.00,2.971,2.000,-1.0192,4,*,No,0.0000,0.0000,0.0000,0.0000,497 B,0.0000,0 B
TryGetNonEnumeratedCount,Job-LNCZTW,False,True,Default,Default,Default,Default,Default,111111111111,Empty,RyuJit,Default,X64,8c5e7fda-e8bf-4a96-9a85-a6e23a8c635c,.NET 8.0,False,True,False,True,Default,Default,False,False,True,Default,Default,Default,Default,Default,Default,Default,Default,Default,Default,Default,Default,Default,Default,Default,Default,Default,16,Default,DotNetTips.Spargine.Extensions.BenchmarkTests,"Collections,**NEW**",64,8.767 ns,0.0464 ns,0.0411 ns,0.0110 ns,8.757 ns,8.708 ns,8.748 ns,8.803 ns,8.845 ns,"114,064,410.8",0.0464 ns,14.00,1.893,2.000,0.3663,4,*,No,0.0000,0.0000,0.0000,0.0000,497 B,0.0000,0 B
TryGetNonEnumeratedCount,Job-LNCZTW,False,True,Default,Default,Default,Default,Default,111111111111,Empty,RyuJit,Default,X64,8c5e7fda-e8bf-4a96-9a85-a6e23a8c635c,.NET 8.0,False,True,False,True,Default,Default,False,False,True,Default,Default,Default,Default,Default,Default,Default,Default,Default,Default,Default,Default,Default,Default,Default,Default,Default,16,Default,DotNetTips.Spargine.Extensions.BenchmarkTests,"Collections,**NEW**",128,8.915 ns,0.1966 ns,0.1743 ns,0.0466 ns,8.906 ns,8.639 ns,8.830 ns,9.026 ns,9.304 ns,"112,164,331.3",0.1966 ns,14.00,2.711,2.000,0.3328,4,*,No,0.0000,0.0000,0.0000,0.0000,497 B,0.0000,0 B
TryGetNonEnumeratedCount,Job-LNCZTW,False,True,Default,Default,Default,Default,Default,111111111111,Empty,RyuJit,Default,X64,8c5e7fda-e8bf-4a96-9a85-a6e23a8c635c,.NET 8.0,False,True,False,True,Default,Default,False,False,True,Default,Default,Default,Default,Default,Default,Default,Default,Default,Default,Default,Default,Default,Default,Default,Default,Default,16,Default,DotNetTips.Spargine.Extensions.BenchmarkTests,"Collections,**NEW**",256,9.516 ns,0.0736 ns,0.0615 ns,0.0170 ns,9.540 ns,9.399 ns,9.533 ns,9.550 ns,9.577 ns,"105,088,815.6",0.0736 ns,13.00,2.264,2.000,-1.0370,5,*,No,0.0000,0.0000,0.0000,0.0000,497 B,0.0000,0 B
TryGetNonEnumeratedCount,Job-LNCZTW,False,True,Default,Default,Default,Default,Default,111111111111,Empty,RyuJit,Default,X64,8c5e7fda-e8bf-4a96-9a85-a6e23a8c635c,.NET 8.0,False,True,False,True,Default,Default,False,False,True,Default,Default,Default,Default,Default,Default,Default,Default,Default,Default,Default,Default,Default,Default,Default,Default,Default,16,Default,DotNetTips.Spargine.Extensions.BenchmarkTests,"Collections,**NEW**",512,9.766 ns,0.0608 ns,0.0539 ns,0.0144 ns,9.769 ns,9.638 ns,9.764 ns,9.800 ns,9.836 ns,"102,397,519.0",0.0608 ns,14.00,3.004,2.000,-0.8317,6,*,No,0.0000,0.0000,0.0000,0.0000,497 B,0.0000,0 B
TryGetNonEnumeratedCount,Job-LNCZTW,False,True,Default,Default,Default,Default,Default,111111111111,Empty,RyuJit,Default,X64,8c5e7fda-e8bf-4a96-9a85-a6e23a8c635c,.NET 8.0,False,True,False,True,Default,Default,False,False,True,Default,Default,Default,Default,Default,Default,Default,Default,Default,Default,Default,Default,Default,Default,Default,Default,Default,16,Default,DotNetTips.Spargine.Extensions.BenchmarkTests,"Collections,**NEW**",1024,11.283 ns,0.0662 ns,0.0620 ns,0.0160 ns,11.292 ns,11.205 ns,11.213 ns,11.330 ns,11.400 ns,"88,626,755.4",0.0662 ns,15.00,1.660,2.000,0.0624,7,*,No,0.0000,0.0000,0.0000,0.0000,497 B,0.0000,0 B
TryGetNonEnumeratedCount,Job-LNCZTW,False,True,Default,Default,Default,Default,Default,111111111111,Empty,RyuJit,Default,X64,8c5e7fda-e8bf-4a96-9a85-a6e23a8c635c,.NET 8.0,False,True,False,True,Default,Default,False,False,True,Default,Default,Default,Default,Default,Default,Default,Default,Default,Default,Default,Default,Default,Default,Default,Default,Default,16,Default,DotNetTips.Spargine.Extensions.BenchmarkTests,"Collections,**NEW**",2048,9.701 ns,0.0831 ns,0.0777 ns,0.0201 ns,9.750 ns,9.593 ns,9.618 ns,9.768 ns,9.795 ns,"103,077,374.3",0.0831 ns,15.00,1.151,2.000,-0.2046,6,*,No,0.0000,0.0000,0.0000,0.0000,497 B,0.0000,0 B
