Method,Job,AnalyzeLaunchVariance,EvaluateOverhead,MaxAbsoluteError,MaxRelativeError,MinInvokeCount,MinIterationTime,OutlierMode,Affinity,EnvironmentVariables,Jit,LargeAddressAware,Platform,PowerPlanMode,Runtime,AllowVeryLargeObjects,Concurrent,CpuGroups,Force,HeapAffinitizeMask,HeapCount,NoAffinitize,RetainVm,Server,Arguments,BuildConfiguration,Clock,EngineFactory,NuGetReferences,Toolchain,IsMutator,InvocationCount,IterationCount,IterationTime,LaunchCount,MaxIterationCount,MaxWarmupIterationCount,MemoryRandomization,MinIterationCount,MinWarmupIterationCount,RunStrategy,UnrollFactor,WarmupCount,Namespace,Categories,Count,Mean,Error,StdDev,StdErr,Min,Q1,Median,Q3,Max,Op/s,CI99.9% Margin,Iterations,Kurtosis,MValue,Skewness,Rank,LogicalGroup,Baseline,Exceptions,Completed Work Items,Lock Contentions,Gen0,Code Size,Gen1,Gen2,Allocated
'BytesToString: Comparison',Job-FLPXNP,False,True,Default,Default,Default,Default,Default,111111111111,Empty,RyuJit,Default,X64,8c5e7fda-e8bf-4a96-9a85-a6e23a8c635c,.NET 8.0,False,True,False,True,Default,Default,False,False,True,Default,Default,Default,Default,Default,Default,Default,Default,Default,Default,Default,Default,Default,Default,Default,Default,Default,16,Default,DotNetTips.Spargine.Core.BenchmarkTests,"Collections,**FOR COMPARISON**,Strings",2,"42,543.75 ns",109.022 ns,91.038 ns,25.250 ns,"42,388.66 ns","42,483.65 ns","42,564.35 ns","42,593.11 ns","42,715.63 ns","23,505.2",-6.125 ns,13.00,2.073,2.000,0.0097,53,*,No,0.0000,0.0000,0.0000,0.9766,"2,619 B",0.0000,0.0000,90344 B
'BytesToString: Comparison',Job-FLPXNP,False,True,Default,Default,Default,Default,Default,111111111111,Empty,RyuJit,Default,X64,8c5e7fda-e8bf-4a96-9a85-a6e23a8c635c,.NET 8.0,False,True,False,True,Default,Default,False,False,True,Default,Default,Default,Default,Default,Default,Default,Default,Default,Default,Default,Default,Default,Default,Default,Default,Default,16,Default,DotNetTips.Spargine.Core.BenchmarkTests,"Collections,**FOR COMPARISON**,Strings",4,"85,560.22 ns",282.998 ns,250.871 ns,67.048 ns,"85,059.49 ns","85,412.82 ns","85,517.02 ns","85,680.07 ns","85,986.69 ns","11,687.7",-26.524 ns,14.00,2.272,2.000,-0.0026,54,*,No,0.0000,0.0000,0.0000,1.9531,"2,619 B",0.0000,0.0000,180072 B
'BytesToString: Comparison',Job-FLPXNP,False,True,Default,Default,Default,Default,Default,111111111111,Empty,RyuJit,Default,X64,8c5e7fda-e8bf-4a96-9a85-a6e23a8c635c,.NET 8.0,False,True,False,True,Default,Default,False,False,True,Default,Default,Default,Default,Default,Default,Default,Default,Default,Default,Default,Default,Default,Default,Default,Default,Default,16,Default,DotNetTips.Spargine.Core.BenchmarkTests,"Collections,**FOR COMPARISON**,Strings",8,"169,144.65 ns",820.367 ns,767.372 ns,198.135 ns,"168,332.60 ns","168,541.82 ns","168,815.73 ns","169,581.76 ns","170,712.02 ns","5,912.1",-91.567 ns,15.00,2.035,2.000,0.7034,55,*,No,0.0000,0.0000,0.0000,3.6621,"2,613 B",0.0000,0.0000,343912 B
'BytesToString: Comparison',Job-FLPXNP,False,True,Default,Default,Default,Default,Default,111111111111,Empty,RyuJit,Default,X64,8c5e7fda-e8bf-4a96-9a85-a6e23a8c635c,.NET 8.0,False,True,False,True,Default,Default,False,False,True,Default,Default,Default,Default,Default,Default,Default,Default,Default,Default,Default,Default,Default,Default,Default,Default,Default,16,Default,DotNetTips.Spargine.Core.BenchmarkTests,"Collections,**FOR COMPARISON**,Strings",16,"347,812.67 ns","1,814.465 ns","1,697.251 ns",438.228 ns,"345,445.85 ns","346,484.84 ns","347,710.40 ns","349,079.69 ns","350,666.02 ns","2,875.1",-211.614 ns,15.00,1.555,2.000,0.0641,57,*,No,0.0000,0.0000,0.0000,7.3242,"2,619 B",0.4883,0.0000,671593 B
'BytesToString: Comparison',Job-FLPXNP,False,True,Default,Default,Default,Default,Default,111111111111,Empty,RyuJit,Default,X64,8c5e7fda-e8bf-4a96-9a85-a6e23a8c635c,.NET 8.0,False,True,False,True,Default,Default,False,False,True,Default,Default,Default,Default,Default,Default,Default,Default,Default,Default,Default,Default,Default,Default,Default,Default,Default,16,Default,DotNetTips.Spargine.Core.BenchmarkTests,"Collections,**FOR COMPARISON**,Strings",32,"782,944.51 ns","5,434.986 ns","4,817.974 ns","1,287.658 ns","772,102.15 ns","781,215.48 ns","783,899.56 ns","785,907.81 ns","789,508.40 ns","1,277.2",-636.829 ns,14.00,2.675,2.000,-0.7405,58,*,No,0.0000,0.0000,0.0000,12.6953,"2,619 B",1.9531,1.9531,1326957 B
'BytesToString: Comparison',Job-FLPXNP,False,True,Default,Default,Default,Default,Default,111111111111,Empty,RyuJit,Default,X64,8c5e7fda-e8bf-4a96-9a85-a6e23a8c635c,.NET 8.0,False,True,False,True,Default,Default,False,False,True,Default,Default,Default,Default,Default,Default,Default,Default,Default,Default,Default,Default,Default,Default,Default,Default,Default,16,Default,DotNetTips.Spargine.Core.BenchmarkTests,"Collections,**FOR COMPARISON**,Strings",64,"1,547,255.32 ns","12,683.433 ns","11,243.533 ns","3,004.961 ns","1,526,244.14 ns","1,540,671.68 ns","1,550,369.53 ns","1,554,324.61 ns","1,566,700.20 ns",646.3,"-1,495.480 ns",14.00,2.031,2.000,-0.2207,59,*,No,0.0000,0.0000,0.0000,25.3906,"2,619 B",3.9063,3.9063,2637681 B
'BytesToString: Comparison',Job-FLPXNP,False,True,Default,Default,Default,Default,Default,111111111111,Empty,RyuJit,Default,X64,8c5e7fda-e8bf-4a96-9a85-a6e23a8c635c,.NET 8.0,False,True,False,True,Default,Default,False,False,True,Default,Default,Default,Default,Default,Default,Default,Default,Default,Default,Default,Default,Default,Default,Default,Default,Default,16,Default,DotNetTips.Spargine.Core.BenchmarkTests,"Collections,**FOR COMPARISON**,Strings",128,"3,130,433.20 ns","44,604.570 ns","41,723.142 ns","10,772.869 ns","3,062,445.31 ns","3,104,934.96 ns","3,132,843.75 ns","3,144,334.38 ns","3,196,588.28 ns",319.4,"-5,378.934 ns",15.00,1.871,2.000,-0.1300,60,*,No,0.0000,0.0000,0.0000,50.7813,"2,619 B",7.8125,7.8125,5259129 B
'BytesToString: Comparison',Job-FLPXNP,False,True,Default,Default,Default,Default,Default,111111111111,Empty,RyuJit,Default,X64,8c5e7fda-e8bf-4a96-9a85-a6e23a8c635c,.NET 8.0,False,True,False,True,Default,Default,False,False,True,Default,Default,Default,Default,Default,Default,Default,Default,Default,Default,Default,Default,Default,Default,Default,Default,Default,16,Default,DotNetTips.Spargine.Core.BenchmarkTests,"Collections,**FOR COMPARISON**,Strings",256,"6,424,739.17 ns","60,071.575 ns","56,190.989 ns","14,508.451 ns","6,332,537.50 ns","6,374,776.95 ns","6,448,055.47 ns","6,468,240.62 ns","6,514,151.56 ns",155.6,"-7,246.725 ns",15.00,1.575,2.000,-0.2923,61,*,No,0.0000,0.0000,0.0000,101.5625,"2,619 B",15.6250,15.6250,10502029 B
'Combine Strings: SB.Append() + foreach(): Comparison',Job-FLPXNP,False,True,Default,Default,Default,Default,Default,111111111111,Empty,RyuJit,Default,X64,8c5e7fda-e8bf-4a96-9a85-a6e23a8c635c,.NET 8.0,False,True,False,True,Default,Default,False,False,True,Default,Default,Default,Default,Default,Default,Default,Default,Default,Default,Default,Default,Default,Default,Default,Default,Default,16,Default,DotNetTips.Spargine.Core.BenchmarkTests,"Collections,**FOR COMPARISON**,Strings",2,185.57 ns,0.558 ns,0.495 ns,0.132 ns,184.79 ns,185.22 ns,185.65 ns,185.83 ns,186.28 ns,"5,388,731.7",6.934 ns,14.00,1.657,2.000,-0.1386,20,*,No,0.0000,0.0000,0.0000,0.0038,"1,350 B",0.0000,0.0000,368 B
'Combine Strings: SB.Append() + foreach(): Comparison',Job-FLPXNP,False,True,Default,Default,Default,Default,Default,111111111111,Empty,RyuJit,Default,X64,8c5e7fda-e8bf-4a96-9a85-a6e23a8c635c,.NET 8.0,False,True,False,True,Default,Default,False,False,True,Default,Default,Default,Default,Default,Default,Default,Default,Default,Default,Default,Default,Default,Default,Default,Default,Default,16,Default,DotNetTips.Spargine.Core.BenchmarkTests,"Collections,**FOR COMPARISON**,Strings",4,336.32 ns,2.110 ns,1.974 ns,0.510 ns,333.18 ns,334.89 ns,335.47 ns,337.38 ns,340.32 ns,"2,973,330.7",7.245 ns,15.00,2.049,2.000,0.4326,26,*,No,0.0000,0.0000,0.0000,0.0067,"1,344 B",0.0000,0.0000,640 B
'Combine Strings: SB.Append() + foreach(): Comparison',Job-FLPXNP,False,True,Default,Default,Default,Default,Default,111111111111,Empty,RyuJit,Default,X64,8c5e7fda-e8bf-4a96-9a85-a6e23a8c635c,.NET 8.0,False,True,False,True,Default,Default,False,False,True,Default,Default,Default,Default,Default,Default,Default,Default,Default,Default,Default,Default,Default,Default,Default,Default,Default,16,Default,DotNetTips.Spargine.Core.BenchmarkTests,"Collections,**FOR COMPARISON**,Strings",8,628.83 ns,3.151 ns,2.948 ns,0.761 ns,625.82 ns,626.82 ns,627.88 ns,630.10 ns,634.64 ns,"1,590,256.7",7.119 ns,15.00,2.103,2.000,0.8175,33,*,No,0.0000,0.0000,0.0000,0.0114,"1,350 B",0.0000,0.0000,1112 B
'Combine Strings: SB.Append() + foreach(): Comparison',Job-FLPXNP,False,True,Default,Default,Default,Default,Default,111111111111,Empty,RyuJit,Default,X64,8c5e7fda-e8bf-4a96-9a85-a6e23a8c635c,.NET 8.0,False,True,False,True,Default,Default,False,False,True,Default,Default,Default,Default,Default,Default,Default,Default,Default,Default,Default,Default,Default,Default,Default,Default,Default,16,Default,DotNetTips.Spargine.Core.BenchmarkTests,"Collections,**FOR COMPARISON**,Strings",16,"1,183.86 ns",3.320 ns,3.106 ns,0.802 ns,"1,178.48 ns","1,182.03 ns","1,183.17 ns","1,185.63 ns","1,189.95 ns","844,694.1",7.099 ns,15.00,2.126,2.000,0.2863,38,*,No,0.0000,0.0000,0.0000,0.0210,"1,350 B",0.0000,0.0000,1984 B
'Combine Strings: SB.Append() + foreach(): Comparison',Job-FLPXNP,False,True,Default,Default,Default,Default,Default,111111111111,Empty,RyuJit,Default,X64,8c5e7fda-e8bf-4a96-9a85-a6e23a8c635c,.NET 8.0,False,True,False,True,Default,Default,False,False,True,Default,Default,Default,Default,Default,Default,Default,Default,Default,Default,Default,Default,Default,Default,Default,Default,Default,16,Default,DotNetTips.Spargine.Core.BenchmarkTests,"Collections,**FOR COMPARISON**,Strings",32,"2,265.88 ns",10.384 ns,9.713 ns,2.508 ns,"2,254.55 ns","2,259.46 ns","2,261.73 ns","2,272.91 ns","2,289.88 ns","441,328.7",6.246 ns,15.00,2.952,2.000,0.9695,42,*,No,0.0000,0.0000,0.0000,0.0381,"1,344 B",0.0000,0.0000,3656 B
'Combine Strings: SB.Append() + foreach(): Comparison',Job-FLPXNP,False,True,Default,Default,Default,Default,Default,111111111111,Empty,RyuJit,Default,X64,8c5e7fda-e8bf-4a96-9a85-a6e23a8c635c,.NET 8.0,False,True,False,True,Default,Default,False,False,True,Default,Default,Default,Default,Default,Default,Default,Default,Default,Default,Default,Default,Default,Default,Default,Default,Default,16,Default,DotNetTips.Spargine.Core.BenchmarkTests,"Collections,**FOR COMPARISON**,Strings",64,"4,646.66 ns",25.450 ns,23.806 ns,6.147 ns,"4,604.73 ns","4,628.31 ns","4,644.77 ns","4,661.04 ns","4,685.30 ns","215,208.2",4.427 ns,15.00,1.890,2.000,0.1407,46,*,No,0.0000,0.0000,0.0000,0.0687,"1,355 B",0.0000,0.0000,6928 B
'Combine Strings: SB.Append() + foreach(): Comparison',Job-FLPXNP,False,True,Default,Default,Default,Default,Default,111111111111,Empty,RyuJit,Default,X64,8c5e7fda-e8bf-4a96-9a85-a6e23a8c635c,.NET 8.0,False,True,False,True,Default,Default,False,False,True,Default,Default,Default,Default,Default,Default,Default,Default,Default,Default,Default,Default,Default,Default,Default,Default,Default,16,Default,DotNetTips.Spargine.Core.BenchmarkTests,"Collections,**FOR COMPARISON**,Strings",128,"8,451.12 ns",36.948 ns,28.847 ns,8.327 ns,"8,402.23 ns","8,429.17 ns","8,461.88 ns","8,476.16 ns","8,481.68 ns","118,327.6",1.836 ns,12.00,1.357,2.000,-0.3818,49,*,No,0.0000,0.0000,0.0000,0.1373,"1,350 B",0.0000,0.0000,13400 B
'Combine Strings: SB.Append() + foreach(): Comparison',Job-FLPXNP,False,True,Default,Default,Default,Default,Default,111111111111,Empty,RyuJit,Default,X64,8c5e7fda-e8bf-4a96-9a85-a6e23a8c635c,.NET 8.0,False,True,False,True,Default,Default,False,False,True,Default,Default,Default,Default,Default,Default,Default,Default,Default,Default,Default,Default,Default,Default,Default,Default,Default,16,Default,DotNetTips.Spargine.Core.BenchmarkTests,"Collections,**FOR COMPARISON**,Strings",256,"17,097.76 ns",137.547 ns,121.932 ns,32.588 ns,"16,971.92 ns","17,010.83 ns","17,053.74 ns","17,156.79 ns","17,425.06 ns","58,487.2",-9.294 ns,14.00,3.987,2.000,1.2911,52,*,No,0.0000,0.0000,0.0000,0.2747,"1,348 B",0.0000,0.0000,26272 B
'Combine Strings: SB.AppendLine() + for() : Comparison',Job-FLPXNP,False,True,Default,Default,Default,Default,Default,111111111111,Empty,RyuJit,Default,X64,8c5e7fda-e8bf-4a96-9a85-a6e23a8c635c,.NET 8.0,False,True,False,True,Default,Default,False,False,True,Default,Default,Default,Default,Default,Default,Default,Default,Default,Default,Default,Default,Default,Default,Default,Default,Default,16,Default,DotNetTips.Spargine.Core.BenchmarkTests,"Collections,**FOR COMPARISON**,Strings",2,177.32 ns,0.690 ns,0.612 ns,0.163 ns,176.63 ns,176.74 ns,177.33 ns,177.71 ns,178.59 ns,"5,639,585.8",6.918 ns,14.00,1.938,2.000,0.4368,19,*,No,0.0000,0.0000,0.0000,0.0045,"1,456 B",0.0000,0.0000,432 B
'Combine Strings: SB.AppendLine() + for() : Comparison',Job-FLPXNP,False,True,Default,Default,Default,Default,Default,111111111111,Empty,RyuJit,Default,X64,8c5e7fda-e8bf-4a96-9a85-a6e23a8c635c,.NET 8.0,False,True,False,True,Default,Default,False,False,True,Default,Default,Default,Default,Default,Default,Default,Default,Default,Default,Default,Default,Default,Default,Default,Default,Default,16,Default,DotNetTips.Spargine.Core.BenchmarkTests,"Collections,**FOR COMPARISON**,Strings",4,338.45 ns,1.220 ns,1.081 ns,0.289 ns,336.85 ns,337.68 ns,338.27 ns,339.03 ns,340.85 ns,"2,954,654.9",6.856 ns,14.00,2.542,2.000,0.6568,26,*,No,0.0000,0.0000,0.0000,0.0081,"1,450 B",0.0000,0.0000,760 B
'Combine Strings: SB.AppendLine() + for() : Comparison',Job-FLPXNP,False,True,Default,Default,Default,Default,Default,111111111111,Empty,RyuJit,Default,X64,8c5e7fda-e8bf-4a96-9a85-a6e23a8c635c,.NET 8.0,False,True,False,True,Default,Default,False,False,True,Default,Default,Default,Default,Default,Default,Default,Default,Default,Default,Default,Default,Default,Default,Default,Default,Default,16,Default,DotNetTips.Spargine.Core.BenchmarkTests,"Collections,**FOR COMPARISON**,Strings",8,655.34 ns,1.843 ns,1.539 ns,0.427 ns,653.08 ns,653.71 ns,656.15 ns,656.64 ns,657.36 ns,"1,525,922.9",6.287 ns,13.00,1.215,2.000,-0.1900,34,*,No,0.0000,0.0000,0.0000,0.0143,"1,456 B",0.0000,0.0000,1352 B
'Combine Strings: SB.AppendLine() + for() : Comparison',Job-FLPXNP,False,True,Default,Default,Default,Default,Default,111111111111,Empty,RyuJit,Default,X64,8c5e7fda-e8bf-4a96-9a85-a6e23a8c635c,.NET 8.0,False,True,False,True,Default,Default,False,False,True,Default,Default,Default,Default,Default,Default,Default,Default,Default,Default,Default,Default,Default,Default,Default,Default,Default,16,Default,DotNetTips.Spargine.Core.BenchmarkTests,"Collections,**FOR COMPARISON**,Strings",16,"1,187.59 ns",4.501 ns,4.210 ns,1.087 ns,"1,181.41 ns","1,184.76 ns","1,186.47 ns","1,189.84 ns","1,196.03 ns","842,040.2",6.956 ns,15.00,2.113,2.000,0.5105,38,*,No,0.0000,0.0000,0.0000,0.0267,"1,456 B",0.0000,0.0000,2464 B
'Combine Strings: SB.AppendLine() + for() : Comparison',Job-FLPXNP,False,True,Default,Default,Default,Default,Default,111111111111,Empty,RyuJit,Default,X64,8c5e7fda-e8bf-4a96-9a85-a6e23a8c635c,.NET 8.0,False,True,False,True,Default,Default,False,False,True,Default,Default,Default,Default,Default,Default,Default,Default,Default,Default,Default,Default,Default,Default,Default,Default,Default,16,Default,DotNetTips.Spargine.Core.BenchmarkTests,"Collections,**FOR COMPARISON**,Strings",32,"2,291.47 ns",11.179 ns,10.457 ns,2.700 ns,"2,264.60 ns","2,288.21 ns","2,293.68 ns","2,298.79 ns","2,303.25 ns","436,401.2",6.150 ns,15.00,3.496,2.000,-1.1122,42,*,No,0.0000,0.0000,0.0000,0.0496,"1,456 B",0.0000,0.0000,4616 B
'Combine Strings: SB.AppendLine() + for() : Comparison',Job-FLPXNP,False,True,Default,Default,Default,Default,Default,111111111111,Empty,RyuJit,Default,X64,8c5e7fda-e8bf-4a96-9a85-a6e23a8c635c,.NET 8.0,False,True,False,True,Default,Default,False,False,True,Default,Default,Default,Default,Default,Default,Default,Default,Default,Default,Default,Default,Default,Default,Default,Default,Default,16,Default,DotNetTips.Spargine.Core.BenchmarkTests,"Collections,**FOR COMPARISON**,Strings",64,"4,391.35 ns",18.744 ns,16.616 ns,4.441 ns,"4,362.70 ns","4,382.02 ns","4,390.88 ns","4,401.57 ns","4,419.43 ns","227,720.3",4.780 ns,14.00,2.049,2.000,0.0761,45,*,No,0.0000,0.0000,0.0000,0.0916,"1,456 B",0.0000,0.0000,8848 B
'Combine Strings: SB.AppendLine() + for() : Comparison',Job-FLPXNP,False,True,Default,Default,Default,Default,Default,111111111111,Empty,RyuJit,Default,X64,8c5e7fda-e8bf-4a96-9a85-a6e23a8c635c,.NET 8.0,False,True,False,True,Default,Default,False,False,True,Default,Default,Default,Default,Default,Default,Default,Default,Default,Default,Default,Default,Default,Default,Default,Default,Default,16,Default,DotNetTips.Spargine.Core.BenchmarkTests,"Collections,**FOR COMPARISON**,Strings",128,"8,436.16 ns",40.403 ns,37.793 ns,9.758 ns,"8,383.75 ns","8,404.71 ns","8,430.79 ns","8,463.59 ns","8,501.10 ns","118,537.4",2.621 ns,15.00,1.691,2.000,0.3478,49,*,No,0.0000,0.0000,0.0000,0.1831,"1,456 B",0.0000,0.0000,17240 B
'Combine Strings: SB.AppendLine() + for() : Comparison',Job-FLPXNP,False,True,Default,Default,Default,Default,Default,111111111111,Empty,RyuJit,Default,X64,8c5e7fda-e8bf-4a96-9a85-a6e23a8c635c,.NET 8.0,False,True,False,True,Default,Default,False,False,True,Default,Default,Default,Default,Default,Default,Default,Default,Default,Default,Default,Default,Default,Default,Default,Default,Default,16,Default,DotNetTips.Spargine.Core.BenchmarkTests,"Collections,**FOR COMPARISON**,Strings",256,"16,777.06 ns",107.718 ns,100.760 ns,26.016 ns,"16,644.00 ns","16,699.90 ns","16,753.34 ns","16,820.84 ns","16,989.48 ns","59,605.2",-5.508 ns,15.00,2.226,2.000,0.6509,52,*,No,0.0000,0.0000,0.0000,0.3662,"1,456 B",0.0000,0.0000,33952 B
'Creating Delimited String: Comparison',Job-FLPXNP,False,True,Default,Default,Default,Default,Default,111111111111,Empty,RyuJit,Default,X64,8c5e7fda-e8bf-4a96-9a85-a6e23a8c635c,.NET 8.0,False,True,False,True,Default,Default,False,False,True,Default,Default,Default,Default,Default,Default,Default,Default,Default,Default,Default,Default,Default,Default,Default,Default,Default,16,Default,DotNetTips.Spargine.Core.BenchmarkTests,"Collections,**FOR COMPARISON**,Strings",2,210.37 ns,1.281 ns,1.198 ns,0.309 ns,208.55 ns,209.59 ns,210.30 ns,211.37 ns,212.69 ns,"4,753,622.4",7.345 ns,15.00,1.842,2.000,0.2505,21,*,No,0.0000,0.0000,0.0000,0.0114,"1,746 B",0.0000,0.0000,1064 B
'Creating Delimited String: Comparison',Job-FLPXNP,False,True,Default,Default,Default,Default,Default,111111111111,Empty,RyuJit,Default,X64,8c5e7fda-e8bf-4a96-9a85-a6e23a8c635c,.NET 8.0,False,True,False,True,Default,Default,False,False,True,Default,Default,Default,Default,Default,Default,Default,Default,Default,Default,Default,Default,Default,Default,Default,Default,Default,16,Default,DotNetTips.Spargine.Core.BenchmarkTests,"Collections,**FOR COMPARISON**,Strings",4,365.27 ns,1.853 ns,1.643 ns,0.439 ns,362.37 ns,364.25 ns,365.29 ns,365.93 ns,369.07 ns,"2,737,735.7",6.780 ns,14.00,3.002,2.000,0.4340,27,*,No,0.0000,0.0000,0.0000,0.0205,"1,747 B",0.0000,0.0000,1896 B
'Creating Delimited String: Comparison',Job-FLPXNP,False,True,Default,Default,Default,Default,Default,111111111111,Empty,RyuJit,Default,X64,8c5e7fda-e8bf-4a96-9a85-a6e23a8c635c,.NET 8.0,False,True,False,True,Default,Default,False,False,True,Default,Default,Default,Default,Default,Default,Default,Default,Default,Default,Default,Default,Default,Default,Default,Default,Default,16,Default,DotNetTips.Spargine.Core.BenchmarkTests,"Collections,**FOR COMPARISON**,Strings",8,628.39 ns,4.814 ns,4.503 ns,1.163 ns,617.76 ns,626.40 ns,628.53 ns,631.68 ns,633.89 ns,"1,591,358.0",6.919 ns,15.00,2.748,2.000,-0.6609,33,*,No,0.0000,0.0000,0.0000,0.0372,"1,727 B",0.0000,0.0000,3480 B
'Creating Delimited String: Comparison',Job-FLPXNP,False,True,Default,Default,Default,Default,Default,111111111111,Empty,RyuJit,Default,X64,8c5e7fda-e8bf-4a96-9a85-a6e23a8c635c,.NET 8.0,False,True,False,True,Default,Default,False,False,True,Default,Default,Default,Default,Default,Default,Default,Default,Default,Default,Default,Default,Default,Default,Default,Default,Default,16,Default,DotNetTips.Spargine.Core.BenchmarkTests,"Collections,**FOR COMPARISON**,Strings",16,"1,146.80 ns",6.296 ns,5.581 ns,1.492 ns,"1,138.00 ns","1,142.74 ns","1,146.92 ns","1,149.65 ns","1,159.89 ns","871,988.2",6.254 ns,14.00,2.888,2.000,0.5607,37,*,No,0.0000,0.0000,0.0000,0.0706,"1,732 B",0.0000,0.0000,6576 B
'Creating Delimited String: Comparison',Job-FLPXNP,False,True,Default,Default,Default,Default,Default,111111111111,Empty,RyuJit,Default,X64,8c5e7fda-e8bf-4a96-9a85-a6e23a8c635c,.NET 8.0,False,True,False,True,Default,Default,False,False,True,Default,Default,Default,Default,Default,Default,Default,Default,Default,Default,Default,Default,Default,Default,Default,Default,Default,16,Default,DotNetTips.Spargine.Core.BenchmarkTests,"Collections,**FOR COMPARISON**,Strings",32,"2,190.72 ns",20.532 ns,19.206 ns,4.959 ns,"2,159.07 ns","2,177.03 ns","2,189.33 ns","2,205.02 ns","2,228.90 ns","456,471.4",5.021 ns,15.00,1.969,2.000,0.2386,42,*,No,0.0000,0.0000,0.0000,0.1373,"1,727 B",0.0000,0.0000,12696 B
'Creating Delimited String: Comparison',Job-FLPXNP,False,True,Default,Default,Default,Default,Default,111111111111,Empty,RyuJit,Default,X64,8c5e7fda-e8bf-4a96-9a85-a6e23a8c635c,.NET 8.0,False,True,False,True,Default,Default,False,False,True,Default,Default,Default,Default,Default,Default,Default,Default,Default,Default,Default,Default,Default,Default,Default,Default,Default,16,Default,DotNetTips.Spargine.Core.BenchmarkTests,"Collections,**FOR COMPARISON**,Strings",64,"4,182.89 ns",41.189 ns,38.528 ns,9.948 ns,"4,136.05 ns","4,149.42 ns","4,178.57 ns","4,216.52 ns","4,257.25 ns","239,069.0",2.526 ns,15.00,1.682,2.000,0.3667,44,*,No,0.0000,0.0000,0.0000,0.2670,"1,732 B",0.0000,0.0000,24864 B
'Creating Delimited String: Comparison',Job-FLPXNP,False,True,Default,Default,Default,Default,Default,111111111111,Empty,RyuJit,Default,X64,8c5e7fda-e8bf-4a96-9a85-a6e23a8c635c,.NET 8.0,False,True,False,True,Default,Default,False,False,True,Default,Default,Default,Default,Default,Default,Default,Default,Default,Default,Default,Default,Default,Default,Default,Default,Default,16,Default,DotNetTips.Spargine.Core.BenchmarkTests,"Collections,**FOR COMPARISON**,Strings",128,"7,311.63 ns",33.933 ns,31.741 ns,8.196 ns,"7,266.27 ns","7,284.92 ns","7,306.98 ns","7,343.49 ns","7,350.45 ns","136,768.3",3.402 ns,15.00,1.279,2.000,-0.0061,48,*,No,0.0000,0.0000,0.0000,0.5417,"1,727 B",0.0153,0.0000,49128 B
'Creating Delimited String: Comparison',Job-FLPXNP,False,True,Default,Default,Default,Default,Default,111111111111,Empty,RyuJit,Default,X64,8c5e7fda-e8bf-4a96-9a85-a6e23a8c635c,.NET 8.0,False,True,False,True,Default,Default,False,False,True,Default,Default,Default,Default,Default,Default,Default,Default,Default,Default,Default,Default,Default,Default,Default,Default,Default,16,Default,DotNetTips.Spargine.Core.BenchmarkTests,"Collections,**FOR COMPARISON**,Strings",256,"13,820.05 ns",96.203 ns,85.281 ns,22.792 ns,"13,677.55 ns","13,758.93 ns","13,819.18 ns","13,884.14 ns","13,944.55 ns","72,358.6",-4.396 ns,14.00,1.665,2.000,-0.0025,51,*,No,0.0000,0.0000,0.0000,0.9918,"1,732 B",0.0458,0.0000,91056 B
'PerformAction: Comparison',Job-FLPXNP,False,True,Default,Default,Default,Default,Default,111111111111,Empty,RyuJit,Default,X64,8c5e7fda-e8bf-4a96-9a85-a6e23a8c635c,.NET 8.0,False,True,False,True,Default,Default,False,False,True,Default,Default,Default,Default,Default,Default,Default,Default,Default,Default,Default,Default,Default,Default,Default,Default,Default,16,Default,DotNetTips.Spargine.Core.BenchmarkTests,"Collections,**FOR COMPARISON**,Strings",2,66.51 ns,0.720 ns,0.673 ns,0.174 ns,65.76 ns,65.97 ns,66.17 ns,67.12 ns,67.69 ns,"15,035,522.7",7.413 ns,15.00,1.420,2.000,0.4560,7,*,No,0.0000,0.0000,0.0000,0.0029,"1,063 B",0.0000,0.0000,272 B
'PerformAction: Comparison',Job-FLPXNP,False,True,Default,Default,Default,Default,Default,111111111111,Empty,RyuJit,Default,X64,8c5e7fda-e8bf-4a96-9a85-a6e23a8c635c,.NET 8.0,False,True,False,True,Default,Default,False,False,True,Default,Default,Default,Default,Default,Default,Default,Default,Default,Default,Default,Default,Default,Default,Default,Default,Default,16,Default,DotNetTips.Spargine.Core.BenchmarkTests,"Collections,**FOR COMPARISON**,Strings",4,109.17 ns,0.494 ns,0.462 ns,0.119 ns,108.28 ns,108.90 ns,109.18 ns,109.41 ns,109.99 ns,"9,159,695.5",7.440 ns,15.00,2.196,2.000,-0.0727,13,*,No,0.0000,0.0000,0.0000,0.0048,"1,046 B",0.0000,0.0000,448 B
'PerformAction: Comparison',Job-FLPXNP,False,True,Default,Default,Default,Default,Default,111111111111,Empty,RyuJit,Default,X64,8c5e7fda-e8bf-4a96-9a85-a6e23a8c635c,.NET 8.0,False,True,False,True,Default,Default,False,False,True,Default,Default,Default,Default,Default,Default,Default,Default,Default,Default,Default,Default,Default,Default,Default,Default,Default,16,Default,DotNetTips.Spargine.Core.BenchmarkTests,"Collections,**FOR COMPARISON**,Strings",8,169.73 ns,1.074 ns,1.005 ns,0.259 ns,168.23 ns,168.93 ns,169.52 ns,170.50 ns,171.49 ns,"5,891,580.6",7.370 ns,15.00,1.647,2.000,0.1383,18,*,No,0.0000,0.0000,0.0000,0.0079,"1,046 B",0.0000,0.0000,728 B
'PerformAction: Comparison',Job-FLPXNP,False,True,Default,Default,Default,Default,Default,111111111111,Empty,RyuJit,Default,X64,8c5e7fda-e8bf-4a96-9a85-a6e23a8c635c,.NET 8.0,False,True,False,True,Default,Default,False,False,True,Default,Default,Default,Default,Default,Default,Default,Default,Default,Default,Default,Default,Default,Default,Default,Default,Default,16,Default,DotNetTips.Spargine.Core.BenchmarkTests,"Collections,**FOR COMPARISON**,Strings",16,263.07 ns,1.407 ns,1.247 ns,0.333 ns,261.37 ns,262.22 ns,262.75 ns,263.69 ns,265.70 ns,"3,801,290.8",6.833 ns,14.00,2.388,2.000,0.6844,24,*,No,0.0000,0.0000,0.0000,0.0129,"1,046 B",0.0000,0.0000,1216 B
'PerformAction: Comparison',Job-FLPXNP,False,True,Default,Default,Default,Default,Default,111111111111,Empty,RyuJit,Default,X64,8c5e7fda-e8bf-4a96-9a85-a6e23a8c635c,.NET 8.0,False,True,False,True,Default,Default,False,False,True,Default,Default,Default,Default,Default,Default,Default,Default,Default,Default,Default,Default,Default,Default,Default,Default,Default,16,Default,DotNetTips.Spargine.Core.BenchmarkTests,"Collections,**FOR COMPARISON**,Strings",32,424.06 ns,1.765 ns,1.651 ns,0.426 ns,421.17 ns,423.12 ns,424.26 ns,424.91 ns,426.96 ns,"2,358,181.7",7.287 ns,15.00,2.114,2.000,-0.2370,30,*,No,0.0000,0.0000,0.0000,0.0229,"1,040 B",0.0000,0.0000,2120 B
'PerformAction: Comparison',Job-FLPXNP,False,True,Default,Default,Default,Default,Default,111111111111,Empty,RyuJit,Default,X64,8c5e7fda-e8bf-4a96-9a85-a6e23a8c635c,.NET 8.0,False,True,False,True,Default,Default,False,False,True,Default,Default,Default,Default,Default,Default,Default,Default,Default,Default,Default,Default,Default,Default,Default,Default,Default,16,Default,DotNetTips.Spargine.Core.BenchmarkTests,"Collections,**FOR COMPARISON**,Strings",64,750.45 ns,5.113 ns,4.783 ns,1.235 ns,742.56 ns,747.09 ns,751.18 ns,752.25 ns,759.45 ns,"1,332,534.9",6.883 ns,15.00,2.265,2.000,0.0576,35,*,No,0.0000,0.0000,0.0000,0.0420,"1,051 B",0.0000,0.0000,3856 B
'PerformAction: Comparison',Job-FLPXNP,False,True,Default,Default,Default,Default,Default,111111111111,Empty,RyuJit,Default,X64,8c5e7fda-e8bf-4a96-9a85-a6e23a8c635c,.NET 8.0,False,True,False,True,Default,Default,False,False,True,Default,Default,Default,Default,Default,Default,Default,Default,Default,Default,Default,Default,Default,Default,Default,Default,Default,16,Default,DotNetTips.Spargine.Core.BenchmarkTests,"Collections,**FOR COMPARISON**,Strings",128,"1,393.15 ns",8.149 ns,7.623 ns,1.968 ns,"1,378.60 ns","1,388.11 ns","1,392.86 ns","1,400.05 ns","1,404.84 ns","717,799.8",6.516 ns,15.00,1.894,2.000,-0.0108,39,*,No,0.0000,0.0000,0.0000,0.0782,"1,046 B",0.0000,0.0000,7256 B
'PerformAction: Comparison',Job-FLPXNP,False,True,Default,Default,Default,Default,Default,111111111111,Empty,RyuJit,Default,X64,8c5e7fda-e8bf-4a96-9a85-a6e23a8c635c,.NET 8.0,False,True,False,True,Default,Default,False,False,True,Default,Default,Default,Default,Default,Default,Default,Default,Default,Default,Default,Default,Default,Default,Default,Default,Default,16,Default,DotNetTips.Spargine.Core.BenchmarkTests,"Collections,**FOR COMPARISON**,Strings",256,"2,592.77 ns",18.884 ns,16.740 ns,4.474 ns,"2,560.09 ns","2,583.51 ns","2,589.99 ns","2,607.15 ns","2,616.62 ns","385,687.6",4.763 ns,14.00,1.988,2.000,-0.2221,43,*,No,0.0000,0.0000,0.0000,0.1526,"1,040 B",0.0000,0.0000,13984 B
'PerformAction: Using Object Pool',Job-FLPXNP,False,True,Default,Default,Default,Default,Default,111111111111,Empty,RyuJit,Default,X64,8c5e7fda-e8bf-4a96-9a85-a6e23a8c635c,.NET 8.0,False,True,False,True,Default,Default,False,False,True,Default,Default,Default,Default,Default,Default,Default,Default,Default,Default,Default,Default,Default,Default,Default,Default,Default,16,Default,DotNetTips.Spargine.Core.BenchmarkTests,"Collections,**NEW**,Strings",2,70.15 ns,0.348 ns,0.325 ns,0.084 ns,69.74 ns,69.85 ns,70.06 ns,70.43 ns,70.77 ns,"14,254,964.4",7.458 ns,15.00,1.558,2.000,0.2289,8,*,No,0.0000,0.0000,0.0000,0.0013,"1,367 B",0.0000,0.0000,128 B
'PerformAction: Using Object Pool',Job-FLPXNP,False,True,Default,Default,Default,Default,Default,111111111111,Empty,RyuJit,Default,X64,8c5e7fda-e8bf-4a96-9a85-a6e23a8c635c,.NET 8.0,False,True,False,True,Default,Default,False,False,True,Default,Default,Default,Default,Default,Default,Default,Default,Default,Default,Default,Default,Default,Default,Default,Default,Default,16,Default,DotNetTips.Spargine.Core.BenchmarkTests,"Collections,**NEW**,Strings",4,79.59 ns,0.466 ns,0.436 ns,0.112 ns,78.87 ns,79.28 ns,79.56 ns,79.95 ns,80.18 ns,"12,564,505.1",7.444 ns,15.00,1.557,2.000,-0.1379,10,*,No,0.0000,0.0000,0.0000,0.0018,"1,347 B",0.0000,0.0000,168 B
'PerformAction: Using Object Pool',Job-FLPXNP,False,True,Default,Default,Default,Default,Default,111111111111,Empty,RyuJit,Default,X64,8c5e7fda-e8bf-4a96-9a85-a6e23a8c635c,.NET 8.0,False,True,False,True,Default,Default,False,False,True,Default,Default,Default,Default,Default,Default,Default,Default,Default,Default,Default,Default,Default,Default,Default,Default,Default,16,Default,DotNetTips.Spargine.Core.BenchmarkTests,"Collections,**NEW**,Strings",8,100.99 ns,0.186 ns,0.155 ns,0.043 ns,100.76 ns,100.89 ns,100.95 ns,101.11 ns,101.24 ns,"9,902,438.8",6.478 ns,13.00,1.611,2.000,0.0195,12,*,No,0.0000,0.0000,0.0000,0.0026,"1,347 B",0.0000,0.0000,248 B
'PerformAction: Using Object Pool',Job-FLPXNP,False,True,Default,Default,Default,Default,Default,111111111111,Empty,RyuJit,Default,X64,8c5e7fda-e8bf-4a96-9a85-a6e23a8c635c,.NET 8.0,False,True,False,True,Default,Default,False,False,True,Default,Default,Default,Default,Default,Default,Default,Default,Default,Default,Default,Default,Default,Default,Default,Default,Default,16,Default,DotNetTips.Spargine.Core.BenchmarkTests,"Collections,**NEW**,Strings",16,144.27 ns,0.409 ns,0.363 ns,0.097 ns,143.73 ns,144.08 ns,144.22 ns,144.44 ns,145.13 ns,"6,931,254.1",6.952 ns,14.00,2.938,2.000,0.5822,16,*,No,0.0000,0.0000,0.0000,0.0043,"1,347 B",0.0000,0.0000,408 B
'PerformAction: Using Object Pool',Job-FLPXNP,False,True,Default,Default,Default,Default,Default,111111111111,Empty,RyuJit,Default,X64,8c5e7fda-e8bf-4a96-9a85-a6e23a8c635c,.NET 8.0,False,True,False,True,Default,Default,False,False,True,Default,Default,Default,Default,Default,Default,Default,Default,Default,Default,Default,Default,Default,Default,Default,Default,Default,16,Default,DotNetTips.Spargine.Core.BenchmarkTests,"Collections,**NEW**,Strings",32,252.10 ns,1.258 ns,1.176 ns,0.304 ns,250.04 ns,251.40 ns,251.78 ns,252.86 ns,254.63 ns,"3,966,717.3",7.348 ns,15.00,2.425,2.000,0.3995,23,*,No,0.0000,0.0000,0.0000,0.0076,"1,347 B",0.0000,0.0000,728 B
'PerformAction: Using Object Pool',Job-FLPXNP,False,True,Default,Default,Default,Default,Default,111111111111,Empty,RyuJit,Default,X64,8c5e7fda-e8bf-4a96-9a85-a6e23a8c635c,.NET 8.0,False,True,False,True,Default,Default,False,False,True,Default,Default,Default,Default,Default,Default,Default,Default,Default,Default,Default,Default,Default,Default,Default,Default,Default,16,Default,DotNetTips.Spargine.Core.BenchmarkTests,"Collections,**NEW**,Strings",64,424.80 ns,2.648 ns,2.477 ns,0.640 ns,419.72 ns,423.41 ns,424.86 ns,426.52 ns,428.87 ns,"2,354,030.7",7.180 ns,15.00,2.225,2.000,-0.3850,30,*,No,0.0000,0.0000,0.0000,0.0148,"1,347 B",0.0000,0.0000,1368 B
'PerformAction: Using Object Pool',Job-FLPXNP,False,True,Default,Default,Default,Default,Default,111111111111,Empty,RyuJit,Default,X64,8c5e7fda-e8bf-4a96-9a85-a6e23a8c635c,.NET 8.0,False,True,False,True,Default,Default,False,False,True,Default,Default,Default,Default,Default,Default,Default,Default,Default,Default,Default,Default,Default,Default,Default,Default,Default,16,Default,DotNetTips.Spargine.Core.BenchmarkTests,"Collections,**NEW**,Strings",128,769.16 ns,4.110 ns,3.432 ns,0.952 ns,764.51 ns,767.82 ns,768.22 ns,771.44 ns,775.77 ns,"1,300,116.7",6.024 ns,13.00,1.992,2.000,0.3894,35,*,No,0.0000,0.0000,0.0000,0.0286,"1,339 B",0.0000,0.0000,2648 B
'PerformAction: Using Object Pool',Job-FLPXNP,False,True,Default,Default,Default,Default,Default,111111111111,Empty,RyuJit,Default,X64,8c5e7fda-e8bf-4a96-9a85-a6e23a8c635c,.NET 8.0,False,True,False,True,Default,Default,False,False,True,Default,Default,Default,Default,Default,Default,Default,Default,Default,Default,Default,Default,Default,Default,Default,Default,Default,16,Default,DotNetTips.Spargine.Core.BenchmarkTests,"Collections,**NEW**,Strings",256,"1,450.44 ns",13.289 ns,11.781 ns,3.148 ns,"1,433.19 ns","1,439.76 ns","1,452.94 ns","1,459.05 ns","1,471.56 ns","689,446.8",5.426 ns,14.00,1.537,2.000,0.0715,40,*,No,0.0000,0.0000,0.0000,0.0553,"1,335 B",0.0000,0.0000,5208 B
BytesToString,Job-FLPXNP,False,True,Default,Default,Default,Default,Default,111111111111,Empty,RyuJit,Default,X64,8c5e7fda-e8bf-4a96-9a85-a6e23a8c635c,.NET 8.0,False,True,False,True,Default,Default,False,False,True,Default,Default,Default,Default,Default,Default,Default,Default,Default,Default,Default,Default,Default,Default,Default,Default,Default,16,Default,DotNetTips.Spargine.Core.BenchmarkTests,"Collections,Strings",2,"41,589.79 ns",215.011 ns,190.602 ns,50.940 ns,"41,264.69 ns","41,502.57 ns","41,563.47 ns","41,683.93 ns","41,970.75 ns","24,044.4",-18.470 ns,14.00,2.301,2.000,0.1555,53,*,No,0.0000,0.0000,0.0000,0.9766,"1,267 B",0.0000,0.0000,90528 B
BytesToString,Job-FLPXNP,False,True,Default,Default,Default,Default,Default,111111111111,Empty,RyuJit,Default,X64,8c5e7fda-e8bf-4a96-9a85-a6e23a8c635c,.NET 8.0,False,True,False,True,Default,Default,False,False,True,Default,Default,Default,Default,Default,Default,Default,Default,Default,Default,Default,Default,Default,Default,Default,Default,Default,16,Default,DotNetTips.Spargine.Core.BenchmarkTests,"Collections,Strings",4,"83,861.04 ns",430.833 ns,381.922 ns,102.073 ns,"83,339.37 ns","83,616.79 ns","83,778.78 ns","84,066.62 ns","84,568.65 ns","11,924.5",-44.037 ns,14.00,2.155,2.000,0.5770,54,*,No,0.0000,0.0000,0.0000,1.9531,"1,321 B",0.0000,0.0000,180248 B
BytesToString,Job-FLPXNP,False,True,Default,Default,Default,Default,Default,111111111111,Empty,RyuJit,Default,X64,8c5e7fda-e8bf-4a96-9a85-a6e23a8c635c,.NET 8.0,False,True,False,True,Default,Default,False,False,True,Default,Default,Default,Default,Default,Default,Default,Default,Default,Default,Default,Default,Default,Default,Default,Default,Default,16,Default,DotNetTips.Spargine.Core.BenchmarkTests,"Collections,Strings",8,"167,334.18 ns",802.548 ns,750.704 ns,193.831 ns,"166,425.01 ns","166,774.63 ns","167,086.54 ns","167,896.77 ns","168,931.90 ns","5,976.1",-89.415 ns,15.00,2.111,2.000,0.6304,55,*,No,0.0000,0.0000,0.0000,3.6621,"1,321 B",0.0000,0.0000,344088 B
BytesToString,Job-FLPXNP,False,True,Default,Default,Default,Default,Default,111111111111,Empty,RyuJit,Default,X64,8c5e7fda-e8bf-4a96-9a85-a6e23a8c635c,.NET 8.0,False,True,False,True,Default,Default,False,False,True,Default,Default,Default,Default,Default,Default,Default,Default,Default,Default,Default,Default,Default,Default,Default,Default,Default,16,Default,DotNetTips.Spargine.Core.BenchmarkTests,"Collections,Strings",16,"334,996.61 ns","2,038.979 ns","1,907.262 ns",492.453 ns,"332,310.60 ns","333,306.71 ns","334,894.29 ns","336,382.18 ns","338,431.64 ns","2,985.1",-238.726 ns,15.00,1.686,2.000,0.2144,56,*,No,0.0000,0.0000,0.0000,7.3242,"1,293 B",0.4883,0.0000,671769 B
BytesToString,Job-FLPXNP,False,True,Default,Default,Default,Default,Default,111111111111,Empty,RyuJit,Default,X64,8c5e7fda-e8bf-4a96-9a85-a6e23a8c635c,.NET 8.0,False,True,False,True,Default,Default,False,False,True,Default,Default,Default,Default,Default,Default,Default,Default,Default,Default,Default,Default,Default,Default,Default,Default,Default,16,Default,DotNetTips.Spargine.Core.BenchmarkTests,"Collections,Strings",32,"779,123.54 ns","7,762.506 ns","7,261.053 ns","1,874.796 ns","766,504.10 ns","773,486.87 ns","781,870.51 ns","783,777.49 ns","787,646.97 ns","1,283.5",-929.898 ns,15.00,1.732,2.000,-0.6196,58,*,No,0.0000,0.0000,0.0000,12.6953,"1,241 B",1.9531,1.9531,1327132 B
BytesToString,Job-FLPXNP,False,True,Default,Default,Default,Default,Default,111111111111,Empty,RyuJit,Default,X64,8c5e7fda-e8bf-4a96-9a85-a6e23a8c635c,.NET 8.0,False,True,False,True,Default,Default,False,False,True,Default,Default,Default,Default,Default,Default,Default,Default,Default,Default,Default,Default,Default,Default,Default,Default,Default,16,Default,DotNetTips.Spargine.Core.BenchmarkTests,"Collections,Strings",64,"1,547,487.30 ns","11,645.523 ns","10,893.229 ns","2,812.620 ns","1,524,906.74 ns","1,540,936.13 ns","1,549,102.25 ns","1,554,024.32 ns","1,566,637.99 ns",646.2,"-1,398.810 ns",15.00,2.349,2.000,-0.3610,59,*,No,0.0000,0.0000,0.0000,25.3906,"1,293 B",3.9063,3.9063,2637857 B
BytesToString,Job-FLPXNP,False,True,Default,Default,Default,Default,Default,111111111111,Empty,RyuJit,Default,X64,8c5e7fda-e8bf-4a96-9a85-a6e23a8c635c,.NET 8.0,False,True,False,True,Default,Default,False,False,True,Default,Default,Default,Default,Default,Default,Default,Default,Default,Default,Default,Default,Default,Default,Default,Default,Default,16,Default,DotNetTips.Spargine.Core.BenchmarkTests,"Collections,Strings",128,"3,088,757.55 ns","36,225.838 ns","33,885.671 ns","8,749.243 ns","3,033,807.81 ns","3,065,265.82 ns","3,101,074.61 ns","3,114,669.73 ns","3,141,119.53 ns",323.8,"-4,367.121 ns",15.00,1.574,2.000,-0.2202,60,*,No,0.0000,0.0000,0.0000,50.7813,"1,293 B",7.8125,7.8125,5259306 B
BytesToString,Job-FLPXNP,False,True,Default,Default,Default,Default,Default,111111111111,Empty,RyuJit,Default,X64,8c5e7fda-e8bf-4a96-9a85-a6e23a8c635c,.NET 8.0,False,True,False,True,Default,Default,False,False,True,Default,Default,Default,Default,Default,Default,Default,Default,Default,Default,Default,Default,Default,Default,Default,Default,Default,16,Default,DotNetTips.Spargine.Core.BenchmarkTests,"Collections,Strings",256,"6,215,600.18 ns","89,469.571 ns","83,689.892 ns","21,608.637 ns","6,055,479.30 ns","6,189,935.16 ns","6,217,493.36 ns","6,285,322.27 ns","6,318,542.58 ns",160.9,"-10,796.819 ns",15.00,2.220,2.000,-0.4612,61,*,No,0.0000,0.0000,0.0000,101.5625,"1,293 B",15.6250,15.6250,10502208 B
CombineStrings,Job-FLPXNP,False,True,Default,Default,Default,Default,Default,111111111111,Empty,RyuJit,Default,X64,8c5e7fda-e8bf-4a96-9a85-a6e23a8c635c,.NET 8.0,False,True,False,True,Default,Default,False,False,True,Default,Default,Default,Default,Default,Default,Default,Default,Default,Default,Default,Default,Default,Default,Default,Default,Default,16,Default,DotNetTips.Spargine.Core.BenchmarkTests,"Collections,Strings",2,42.44 ns,0.231 ns,0.216 ns,0.056 ns,42.21 ns,42.30 ns,42.34 ns,42.57 ns,42.94 ns,"23,563,492.6",7.472 ns,15.00,2.551,2.000,0.8762,1,*,No,0.0000,0.0000,0.0000,0.0007,684 B,0.0000,0.0000,64 B
CombineStrings,Job-FLPXNP,False,True,Default,Default,Default,Default,Default,111111111111,Empty,RyuJit,Default,X64,8c5e7fda-e8bf-4a96-9a85-a6e23a8c635c,.NET 8.0,False,True,False,True,Default,Default,False,False,True,Default,Default,Default,Default,Default,Default,Default,Default,Default,Default,Default,Default,Default,Default,Default,Default,Default,16,Default,DotNetTips.Spargine.Core.BenchmarkTests,"Collections,Strings",4,52.82 ns,0.174 ns,0.155 ns,0.041 ns,52.55 ns,52.67 ns,52.89 ns,52.92 ns,53.02 ns,"18,932,968.6",6.979 ns,14.00,1.654,2.000,-0.5248,4,*,No,0.0000,0.0000,0.0000,0.0011,683 B,0.0000,0.0000,104 B
CombineStrings,Job-FLPXNP,False,True,Default,Default,Default,Default,Default,111111111111,Empty,RyuJit,Default,X64,8c5e7fda-e8bf-4a96-9a85-a6e23a8c635c,.NET 8.0,False,True,False,True,Default,Default,False,False,True,Default,Default,Default,Default,Default,Default,Default,Default,Default,Default,Default,Default,Default,Default,Default,Default,Default,16,Default,DotNetTips.Spargine.Core.BenchmarkTests,"Collections,Strings",8,74.73 ns,0.160 ns,0.134 ns,0.037 ns,74.43 ns,74.66 ns,74.71 ns,74.79 ns,74.99 ns,"13,381,939.1",6.481 ns,13.00,3.137,2.000,-0.1394,9,*,No,0.0000,0.0000,0.0000,0.0019,683 B,0.0000,0.0000,184 B
CombineStrings,Job-FLPXNP,False,True,Default,Default,Default,Default,Default,111111111111,Empty,RyuJit,Default,X64,8c5e7fda-e8bf-4a96-9a85-a6e23a8c635c,.NET 8.0,False,True,False,True,Default,Default,False,False,True,Default,Default,Default,Default,Default,Default,Default,Default,Default,Default,Default,Default,Default,Default,Default,Default,Default,16,Default,DotNetTips.Spargine.Core.BenchmarkTests,"Collections,Strings",16,119.39 ns,0.733 ns,0.685 ns,0.177 ns,118.40 ns,119.00 ns,119.15 ns,119.82 ns,120.54 ns,"8,376,082.3",7.412 ns,15.00,1.822,2.000,0.5480,14,*,No,0.0000,0.0000,0.0000,0.0036,683 B,0.0000,0.0000,344 B
CombineStrings,Job-FLPXNP,False,True,Default,Default,Default,Default,Default,111111111111,Empty,RyuJit,Default,X64,8c5e7fda-e8bf-4a96-9a85-a6e23a8c635c,.NET 8.0,False,True,False,True,Default,Default,False,False,True,Default,Default,Default,Default,Default,Default,Default,Default,Default,Default,Default,Default,Default,Default,Default,Default,Default,16,Default,DotNetTips.Spargine.Core.BenchmarkTests,"Collections,Strings",32,219.19 ns,1.101 ns,0.976 ns,0.261 ns,217.48 ns,218.59 ns,219.31 ns,220.03 ns,220.30 ns,"4,562,312.9",6.870 ns,14.00,1.635,2.000,-0.4327,22,*,No,0.0000,0.0000,0.0000,0.0072,683 B,0.0000,0.0000,664 B
CombineStrings,Job-FLPXNP,False,True,Default,Default,Default,Default,Default,111111111111,Empty,RyuJit,Default,X64,8c5e7fda-e8bf-4a96-9a85-a6e23a8c635c,.NET 8.0,False,True,False,True,Default,Default,False,False,True,Default,Default,Default,Default,Default,Default,Default,Default,Default,Default,Default,Default,Default,Default,Default,Default,Default,16,Default,DotNetTips.Spargine.Core.BenchmarkTests,"Collections,Strings",64,410.54 ns,2.770 ns,2.456 ns,0.656 ns,406.58 ns,409.19 ns,410.78 ns,411.90 ns,416.08 ns,"2,435,802.8",6.672 ns,14.00,2.743,2.000,0.3216,29,*,No,0.0000,0.0000,0.0000,0.0138,683 B,0.0000,0.0000,1304 B
CombineStrings,Job-FLPXNP,False,True,Default,Default,Default,Default,Default,111111111111,Empty,RyuJit,Default,X64,8c5e7fda-e8bf-4a96-9a85-a6e23a8c635c,.NET 8.0,False,True,False,True,Default,Default,False,False,True,Default,Default,Default,Default,Default,Default,Default,Default,Default,Default,Default,Default,Default,Default,Default,Default,Default,16,Default,DotNetTips.Spargine.Core.BenchmarkTests,"Collections,Strings",128,744.24 ns,6.190 ns,5.790 ns,1.495 ns,736.73 ns,738.98 ns,742.56 ns,749.52 ns,752.86 ns,"1,343,659.2",6.752 ns,15.00,1.351,2.000,0.1934,35,*,No,0.0000,0.0000,0.0000,0.0277,683 B,0.0000,0.0000,2584 B
CombineStrings,Job-FLPXNP,False,True,Default,Default,Default,Default,Default,111111111111,Empty,RyuJit,Default,X64,8c5e7fda-e8bf-4a96-9a85-a6e23a8c635c,.NET 8.0,False,True,False,True,Default,Default,False,False,True,Default,Default,Default,Default,Default,Default,Default,Default,Default,Default,Default,Default,Default,Default,Default,Default,Default,16,Default,DotNetTips.Spargine.Core.BenchmarkTests,"Collections,Strings",256,"1,464.42 ns",14.429 ns,12.791 ns,3.419 ns,"1,441.54 ns","1,456.15 ns","1,465.01 ns","1,470.02 ns","1,488.54 ns","682,866.4",5.291 ns,14.00,2.260,2.000,0.1935,40,*,No,0.0000,0.0000,0.0000,0.0553,683 B,0.0000,0.0000,5144 B
ConcatStrings,Job-FLPXNP,False,True,Default,Default,Default,Default,Default,111111111111,Empty,RyuJit,Default,X64,8c5e7fda-e8bf-4a96-9a85-a6e23a8c635c,.NET 8.0,False,True,False,True,Default,Default,False,False,True,Default,Default,Default,Default,Default,Default,Default,Default,Default,Default,Default,Default,Default,Default,Default,Default,Default,16,Default,DotNetTips.Spargine.Core.BenchmarkTests,"Collections,**NEW**,Strings",2,49.26 ns,0.161 ns,0.150 ns,0.039 ns,49.00 ns,49.17 ns,49.23 ns,49.32 ns,49.52 ns,"20,300,087.8",7.481 ns,15.00,2.129,2.000,0.3781,2,*,No,0.0000,0.0000,0.0000,0.0010,845 B,0.0000,0.0000,96 B
ConcatStrings,Job-FLPXNP,False,True,Default,Default,Default,Default,Default,111111111111,Empty,RyuJit,Default,X64,8c5e7fda-e8bf-4a96-9a85-a6e23a8c635c,.NET 8.0,False,True,False,True,Default,Default,False,False,True,Default,Default,Default,Default,Default,Default,Default,Default,Default,Default,Default,Default,Default,Default,Default,Default,Default,16,Default,DotNetTips.Spargine.Core.BenchmarkTests,"Collections,**NEW**,Strings",4,63.07 ns,0.392 ns,0.347 ns,0.093 ns,62.59 ns,62.81 ns,63.06 ns,63.20 ns,63.89 ns,"15,856,454.3",6.954 ns,14.00,2.871,2.000,0.7536,6,*,No,0.0000,0.0000,0.0000,0.0015,839 B,0.0000,0.0000,144 B
ConcatStrings,Job-FLPXNP,False,True,Default,Default,Default,Default,Default,111111111111,Empty,RyuJit,Default,X64,8c5e7fda-e8bf-4a96-9a85-a6e23a8c635c,.NET 8.0,False,True,False,True,Default,Default,False,False,True,Default,Default,Default,Default,Default,Default,Default,Default,Default,Default,Default,Default,Default,Default,Default,Default,Default,16,Default,DotNetTips.Spargine.Core.BenchmarkTests,"Collections,**NEW**,Strings",8,91.97 ns,0.397 ns,0.352 ns,0.094 ns,91.46 ns,91.69 ns,91.99 ns,92.08 ns,92.64 ns,"10,872,846.0",6.953 ns,14.00,2.051,2.000,0.3572,11,*,No,0.0000,0.0000,0.0000,0.0025,839 B,0.0000,0.0000,240 B
ConcatStrings,Job-FLPXNP,False,True,Default,Default,Default,Default,Default,111111111111,Empty,RyuJit,Default,X64,8c5e7fda-e8bf-4a96-9a85-a6e23a8c635c,.NET 8.0,False,True,False,True,Default,Default,False,False,True,Default,Default,Default,Default,Default,Default,Default,Default,Default,Default,Default,Default,Default,Default,Default,Default,Default,16,Default,DotNetTips.Spargine.Core.BenchmarkTests,"Collections,**NEW**,Strings",16,157.61 ns,0.721 ns,0.675 ns,0.174 ns,156.84 ns,157.08 ns,157.38 ns,158.04 ns,158.91 ns,"6,344,867.0",7.413 ns,15.00,1.966,2.000,0.6203,17,*,No,0.0000,0.0000,0.0000,0.0045,839 B,0.0000,0.0000,432 B
ConcatStrings,Job-FLPXNP,False,True,Default,Default,Default,Default,Default,111111111111,Empty,RyuJit,Default,X64,8c5e7fda-e8bf-4a96-9a85-a6e23a8c635c,.NET 8.0,False,True,False,True,Default,Default,False,False,True,Default,Default,Default,Default,Default,Default,Default,Default,Default,Default,Default,Default,Default,Default,Default,Default,Default,16,Default,DotNetTips.Spargine.Core.BenchmarkTests,"Collections,**NEW**,Strings",32,264.11 ns,1.162 ns,1.087 ns,0.281 ns,262.54 ns,263.24 ns,264.20 ns,264.49 ns,266.33 ns,"3,786,268.8",7.360 ns,15.00,2.230,2.000,0.4757,24,*,No,0.0000,0.0000,0.0000,0.0086,839 B,0.0000,0.0000,816 B
ConcatStrings,Job-FLPXNP,False,True,Default,Default,Default,Default,Default,111111111111,Empty,RyuJit,Default,X64,8c5e7fda-e8bf-4a96-9a85-a6e23a8c635c,.NET 8.0,False,True,False,True,Default,Default,False,False,True,Default,Default,Default,Default,Default,Default,Default,Default,Default,Default,Default,Default,Default,Default,Default,Default,Default,16,Default,DotNetTips.Spargine.Core.BenchmarkTests,"Collections,**NEW**,Strings",64,490.40 ns,3.168 ns,2.963 ns,0.765 ns,485.59 ns,488.07 ns,489.92 ns,491.41 ns,495.77 ns,"2,039,156.9",7.117 ns,15.00,2.122,2.000,0.4170,31,*,No,0.0000,0.0000,0.0000,0.0172,834 B,0.0000,0.0000,1584 B
ConcatStrings,Job-FLPXNP,False,True,Default,Default,Default,Default,Default,111111111111,Empty,RyuJit,Default,X64,8c5e7fda-e8bf-4a96-9a85-a6e23a8c635c,.NET 8.0,False,True,False,True,Default,Default,False,False,True,Default,Default,Default,Default,Default,Default,Default,Default,Default,Default,Default,Default,Default,Default,Default,Default,Default,16,Default,DotNetTips.Spargine.Core.BenchmarkTests,"Collections,**NEW**,Strings",128,942.74 ns,2.294 ns,1.791 ns,0.517 ns,939.84 ns,941.71 ns,942.82 ns,943.67 ns,945.71 ns,"1,060,732.9",5.742 ns,12.00,1.948,2.000,0.0340,36,*,No,0.0000,0.0000,0.0000,0.0324,834 B,0.0000,0.0000,3120 B
ConcatStrings,Job-FLPXNP,False,True,Default,Default,Default,Default,Default,111111111111,Empty,RyuJit,Default,X64,8c5e7fda-e8bf-4a96-9a85-a6e23a8c635c,.NET 8.0,False,True,False,True,Default,Default,False,False,True,Default,Default,Default,Default,Default,Default,Default,Default,Default,Default,Default,Default,Default,Default,Default,Default,Default,16,Default,DotNetTips.Spargine.Core.BenchmarkTests,"Collections,**NEW**,Strings",256,"1,884.53 ns",8.746 ns,7.753 ns,2.072 ns,"1,870.93 ns","1,880.53 ns","1,884.96 ns","1,888.44 ns","1,899.09 ns","530,636.5",5.964 ns,14.00,2.253,2.000,0.0182,41,*,No,0.0000,0.0000,0.0000,0.0668,834 B,0.0000,0.0000,6192 B
PerformAction,Job-FLPXNP,False,True,Default,Default,Default,Default,Default,111111111111,Empty,RyuJit,Default,X64,8c5e7fda-e8bf-4a96-9a85-a6e23a8c635c,.NET 8.0,False,True,False,True,Default,Default,False,False,True,Default,Default,Default,Default,Default,Default,Default,Default,Default,Default,Default,Default,Default,Default,Default,Default,Default,16,Default,DotNetTips.Spargine.Core.BenchmarkTests,"Collections,Strings",2,51.21 ns,0.295 ns,0.276 ns,0.071 ns,50.89 ns,51.00 ns,51.15 ns,51.41 ns,51.66 ns,"19,527,947.6",7.464 ns,15.00,1.627,2.000,0.5157,3,*,No,0.0000,0.0000,0.0000,0.0014,941 B,0.0000,0.0000,128 B
PerformAction,Job-FLPXNP,False,True,Default,Default,Default,Default,Default,111111111111,Empty,RyuJit,Default,X64,8c5e7fda-e8bf-4a96-9a85-a6e23a8c635c,.NET 8.0,False,True,False,True,Default,Default,False,False,True,Default,Default,Default,Default,Default,Default,Default,Default,Default,Default,Default,Default,Default,Default,Default,Default,Default,16,Default,DotNetTips.Spargine.Core.BenchmarkTests,"Collections,Strings",4,60.85 ns,0.246 ns,0.192 ns,0.055 ns,60.54 ns,60.69 ns,60.89 ns,60.98 ns,61.12 ns,"16,433,637.1",5.972 ns,12.00,1.610,2.000,-0.3060,5,*,No,0.0000,0.0000,0.0000,0.0018,937 B,0.0000,0.0000,168 B
PerformAction,Job-FLPXNP,False,True,Default,Default,Default,Default,Default,111111111111,Empty,RyuJit,Default,X64,8c5e7fda-e8bf-4a96-9a85-a6e23a8c635c,.NET 8.0,False,True,False,True,Default,Default,False,False,True,Default,Default,Default,Default,Default,Default,Default,Default,Default,Default,Default,Default,Default,Default,Default,Default,Default,16,Default,DotNetTips.Spargine.Core.BenchmarkTests,"Collections,Strings",8,81.43 ns,0.467 ns,0.437 ns,0.113 ns,80.71 ns,81.10 ns,81.51 ns,81.67 ns,82.30 ns,"12,280,527.8",7.444 ns,15.00,2.101,2.000,0.1738,10,*,No,0.0000,0.0000,0.0000,0.0026,937 B,0.0000,0.0000,248 B
PerformAction,Job-FLPXNP,False,True,Default,Default,Default,Default,Default,111111111111,Empty,RyuJit,Default,X64,8c5e7fda-e8bf-4a96-9a85-a6e23a8c635c,.NET 8.0,False,True,False,True,Default,Default,False,False,True,Default,Default,Default,Default,Default,Default,Default,Default,Default,Default,Default,Default,Default,Default,Default,Default,Default,16,Default,DotNetTips.Spargine.Core.BenchmarkTests,"Collections,Strings",16,127.86 ns,0.846 ns,0.792 ns,0.204 ns,126.88 ns,127.22 ns,127.65 ns,128.42 ns,129.44 ns,"7,820,956.2",7.398 ns,15.00,1.837,2.000,0.5244,15,*,No,0.0000,0.0000,0.0000,0.0043,941 B,0.0000,0.0000,408 B
PerformAction,Job-FLPXNP,False,True,Default,Default,Default,Default,Default,111111111111,Empty,RyuJit,Default,X64,8c5e7fda-e8bf-4a96-9a85-a6e23a8c635c,.NET 8.0,False,True,False,True,Default,Default,False,False,True,Default,Default,Default,Default,Default,Default,Default,Default,Default,Default,Default,Default,Default,Default,Default,Default,Default,16,Default,DotNetTips.Spargine.Core.BenchmarkTests,"Collections,Strings",32,218.47 ns,1.522 ns,1.424 ns,0.368 ns,215.41 ns,217.66 ns,218.81 ns,219.16 ns,221.40 ns,"4,577,389.7",7.316 ns,15.00,2.885,2.000,-0.1635,22,*,No,0.0000,0.0000,0.0000,0.0079,949 B,0.0000,0.0000,728 B
PerformAction,Job-FLPXNP,False,True,Default,Default,Default,Default,Default,111111111111,Empty,RyuJit,Default,X64,8c5e7fda-e8bf-4a96-9a85-a6e23a8c635c,.NET 8.0,False,True,False,True,Default,Default,False,False,True,Default,Default,Default,Default,Default,Default,Default,Default,Default,Default,Default,Default,Default,Default,Default,Default,Default,16,Default,DotNetTips.Spargine.Core.BenchmarkTests,"Collections,Strings",64,379.16 ns,1.720 ns,1.343 ns,0.388 ns,376.28 ns,378.58 ns,379.62 ns,380.12 ns,380.74 ns,"2,637,409.3",5.806 ns,12.00,2.435,2.000,-0.8398,28,*,No,0.0000,0.0000,0.0000,0.0148,937 B,0.0000,0.0000,1368 B
PerformAction,Job-FLPXNP,False,True,Default,Default,Default,Default,Default,111111111111,Empty,RyuJit,Default,X64,8c5e7fda-e8bf-4a96-9a85-a6e23a8c635c,.NET 8.0,False,True,False,True,Default,Default,False,False,True,Default,Default,Default,Default,Default,Default,Default,Default,Default,Default,Default,Default,Default,Default,Default,Default,Default,16,Default,DotNetTips.Spargine.Core.BenchmarkTests,"Collections,Strings",128,772.57 ns,12.369 ns,11.570 ns,2.987 ns,758.22 ns,763.70 ns,769.00 ns,783.83 ns,793.14 ns,"1,294,373.2",6.006 ns,15.00,1.517,2.000,0.3954,35,*,No,0.0000,0.0000,0.0000,0.0286,949 B,0.0000,0.0000,2648 B
PerformAction,Job-FLPXNP,False,True,Default,Default,Default,Default,Default,111111111111,Empty,RyuJit,Default,X64,8c5e7fda-e8bf-4a96-9a85-a6e23a8c635c,.NET 8.0,False,True,False,True,Default,Default,False,False,True,Default,Default,Default,Default,Default,Default,Default,Default,Default,Default,Default,Default,Default,Default,Default,Default,Default,16,Default,DotNetTips.Spargine.Core.BenchmarkTests,"Collections,Strings",256,"1,478.19 ns",10.832 ns,9.602 ns,2.566 ns,"1,461.89 ns","1,475.04 ns","1,476.44 ns","1,480.43 ns","1,494.16 ns","676,501.0",5.717 ns,14.00,2.123,2.000,0.2849,40,*,No,0.0000,0.0000,0.0000,0.0572,949 B,0.0000,0.0000,5208 B
ToDelimitedString,Job-FLPXNP,False,True,Default,Default,Default,Default,Default,111111111111,Empty,RyuJit,Default,X64,8c5e7fda-e8bf-4a96-9a85-a6e23a8c635c,.NET 8.0,False,True,False,True,Default,Default,False,False,True,Default,Default,Default,Default,Default,Default,Default,Default,Default,Default,Default,Default,Default,Default,Default,Default,Default,16,Default,DotNetTips.Spargine.Core.BenchmarkTests,"Collections,**NEW**,Strings",2,107.32 ns,0.348 ns,0.325 ns,0.084 ns,106.80 ns,107.11 ns,107.27 ns,107.52 ns,108.05 ns,"9,318,166.7",7.458 ns,15.00,2.590,2.000,0.4303,13,*,No,0.0000,0.0000,0.0000,0.0021,"1,201 B",0.0000,0.0000,200 B
ToDelimitedString,Job-FLPXNP,False,True,Default,Default,Default,Default,Default,111111111111,Empty,RyuJit,Default,X64,8c5e7fda-e8bf-4a96-9a85-a6e23a8c635c,.NET 8.0,False,True,False,True,Default,Default,False,False,True,Default,Default,Default,Default,Default,Default,Default,Default,Default,Default,Default,Default,Default,Default,Default,Default,Default,16,Default,DotNetTips.Spargine.Core.BenchmarkTests,"Collections,**NEW**,Strings",4,176.04 ns,0.543 ns,0.481 ns,0.129 ns,175.12 ns,175.93 ns,176.07 ns,176.17 ns,176.89 ns,"5,680,669.6",6.936 ns,14.00,2.322,2.000,-0.2309,19,*,No,0.0000,0.0000,0.0000,0.0041,"1,201 B",0.0000,0.0000,376 B
ToDelimitedString,Job-FLPXNP,False,True,Default,Default,Default,Default,Default,111111111111,Empty,RyuJit,Default,X64,8c5e7fda-e8bf-4a96-9a85-a6e23a8c635c,.NET 8.0,False,True,False,True,Default,Default,False,False,True,Default,Default,Default,Default,Default,Default,Default,Default,Default,Default,Default,Default,Default,Default,Default,Default,Default,16,Default,DotNetTips.Spargine.Core.BenchmarkTests,"Collections,**NEW**,Strings",8,314.40 ns,1.481 ns,1.385 ns,0.358 ns,312.15 ns,313.52 ns,313.90 ns,315.18 ns,317.17 ns,"3,180,659.5",7.321 ns,15.00,2.453,2.000,0.6296,25,*,No,0.0000,0.0000,0.0000,0.0076,"1,203 B",0.0000,0.0000,728 B
ToDelimitedString,Job-FLPXNP,False,True,Default,Default,Default,Default,Default,111111111111,Empty,RyuJit,Default,X64,8c5e7fda-e8bf-4a96-9a85-a6e23a8c635c,.NET 8.0,False,True,False,True,Default,Default,False,False,True,Default,Default,Default,Default,Default,Default,Default,Default,Default,Default,Default,Default,Default,Default,Default,Default,Default,16,Default,DotNetTips.Spargine.Core.BenchmarkTests,"Collections,**NEW**,Strings",16,570.91 ns,3.125 ns,2.923 ns,0.755 ns,565.26 ns,568.99 ns,570.17 ns,573.48 ns,575.17 ns,"1,751,574.6",7.123 ns,15.00,1.809,2.000,-0.1144,32,*,No,0.0000,0.0000,0.0000,0.0153,"1,201 B",0.0000,0.0000,1432 B
ToDelimitedString,Job-FLPXNP,False,True,Default,Default,Default,Default,Default,111111111111,Empty,RyuJit,Default,X64,8c5e7fda-e8bf-4a96-9a85-a6e23a8c635c,.NET 8.0,False,True,False,True,Default,Default,False,False,True,Default,Default,Default,Default,Default,Default,Default,Default,Default,Default,Default,Default,Default,Default,Default,Default,Default,16,Default,DotNetTips.Spargine.Core.BenchmarkTests,"Collections,**NEW**,Strings",32,"1,143.99 ns",4.440 ns,3.936 ns,1.052 ns,"1,137.44 ns","1,141.95 ns","1,144.09 ns","1,146.31 ns","1,151.79 ns","874,137.3",6.474 ns,14.00,2.348,2.000,0.0581,37,*,No,0.0000,0.0000,0.0000,0.0305,"1,201 B",0.0000,0.0000,2840 B
ToDelimitedString,Job-FLPXNP,False,True,Default,Default,Default,Default,Default,111111111111,Empty,RyuJit,Default,X64,8c5e7fda-e8bf-4a96-9a85-a6e23a8c635c,.NET 8.0,False,True,False,True,Default,Default,False,False,True,Default,Default,Default,Default,Default,Default,Default,Default,Default,Default,Default,Default,Default,Default,Default,Default,Default,16,Default,DotNetTips.Spargine.Core.BenchmarkTests,"Collections,**NEW**,Strings",64,"2,227.92 ns",10.195 ns,9.536 ns,2.462 ns,"2,216.16 ns","2,220.82 ns","2,226.73 ns","2,233.94 ns","2,247.62 ns","448,848.5",6.269 ns,15.00,2.109,2.000,0.6144,42,*,No,0.0000,0.0000,0.0000,0.0610,"1,203 B",0.0000,0.0000,5656 B
ToDelimitedString,Job-FLPXNP,False,True,Default,Default,Default,Default,Default,111111111111,Empty,RyuJit,Default,X64,8c5e7fda-e8bf-4a96-9a85-a6e23a8c635c,.NET 8.0,False,True,False,True,Default,Default,False,False,True,Default,Default,Default,Default,Default,Default,Default,Default,Default,Default,Default,Default,Default,Default,Default,Default,Default,16,Default,DotNetTips.Spargine.Core.BenchmarkTests,"Collections,**NEW**,Strings",128,"5,730.15 ns",41.976 ns,37.210 ns,9.945 ns,"5,677.74 ns","5,702.39 ns","5,729.62 ns","5,746.24 ns","5,822.92 ns","174,515.5",2.028 ns,14.00,3.339,2.000,0.7606,47,*,No,0.0000,0.0000,0.0000,0.2670,"1,438 B",0.0000,0.0000,24592 B
ToDelimitedString,Job-FLPXNP,False,True,Default,Default,Default,Default,Default,111111111111,Empty,RyuJit,Default,X64,8c5e7fda-e8bf-4a96-9a85-a6e23a8c635c,.NET 8.0,False,True,False,True,Default,Default,False,False,True,Default,Default,Default,Default,Default,Default,Default,Default,Default,Default,Default,Default,Default,Default,Default,Default,Default,16,Default,DotNetTips.Spargine.Core.BenchmarkTests,"Collections,**NEW**,Strings",256,"11,250.97 ns",78.475 ns,69.566 ns,18.592 ns,"11,108.79 ns","11,221.43 ns","11,233.04 ns","11,275.15 ns","11,366.07 ns","88,881.3",-2.296 ns,14.00,2.531,2.000,0.0725,50,*,No,0.0000,0.0000,0.0000,0.5341,"1,445 B",0.0153,0.0000,48728 B
