Method,Job,AnalyzeLaunchVariance,EvaluateOverhead,MaxAbsoluteError,MaxRelativeError,MinInvokeCount,MinIterationTime,OutlierMode,Affinity,EnvironmentVariables,Jit,LargeAddressAware,Platform,PowerPlanMode,Runtime,AllowVeryLargeObjects,Concurrent,CpuGroups,Force,HeapAffinitizeMask,HeapCount,NoAffinitize,RetainVm,Server,Arguments,BuildConfiguration,Clock,EngineFactory,NuGetReferences,Toolchain,IsMutator,InvocationCount,IterationCount,IterationTime,LaunchCount,MaxIterationCount,MaxWarmupIterationCount,MemoryRandomization,MinIterationCount,MinWarmupIterationCount,RunStrategy,UnrollFactor,WarmupCount,Namespace,Categories,Count,Mean,Error,StdDev,StdErr,Min,Q1,Median,Q3,Max,Op/s,CI99.9% Margin,Iterations,Kurtosis,MValue,Skewness,Rank,LogicalGroup,Baseline,Exceptions,Gen0,Completed Work Items,Lock Contentions,Code Size,Gen1,Allocated
'ComputeHash: SHA256',Job-JBOTOK,False,True,Default,Default,Default,Default,Default,111111111111,Empty,RyuJit,Default,X64,8c5e7fda-e8bf-4a96-9a85-a6e23a8c635c,.NET 8.0,False,True,False,True,Default,Default,False,False,True,Default,Default,Default,Default,Default,Default,Default,Default,Default,Default,Default,Default,Default,Default,Default,Default,Default,16,Default,DotNetTips.Spargine.Extensions.BenchmarkTests,Strings,2,"1,474.967 ns",5.6279 ns,5.2643 ns,1.3592 ns,"1,463.053 ns","1,472.630 ns","1,476.734 ns","1,478.477 ns","1,481.360 ns","677,981.5",5.6279 ns,15.00,2.5157,2.000,-0.7653,47,*,No,0.0000,0.0153,0.0000,0.0000,"1,227 B",0.0000,1440 B
'ComputeHash: SHA256',Job-JBOTOK,False,True,Default,Default,Default,Default,Default,111111111111,Empty,RyuJit,Default,X64,8c5e7fda-e8bf-4a96-9a85-a6e23a8c635c,.NET 8.0,False,True,False,True,Default,Default,False,False,True,Default,Default,Default,Default,Default,Default,Default,Default,Default,Default,Default,Default,Default,Default,Default,Default,Default,16,Default,DotNetTips.Spargine.Extensions.BenchmarkTests,Strings,4,"2,090.419 ns",10.9613 ns,10.2532 ns,2.6474 ns,"2,076.527 ns","2,084.265 ns","2,088.841 ns","2,099.022 ns","2,113.103 ns","478,373.1",10.9613 ns,15.00,2.3510,2.000,0.4507,53,*,No,0.0000,0.0153,0.0000,0.0000,"1,198 B",0.0000,1552 B
'ComputeHash: SHA256',Job-JBOTOK,False,True,Default,Default,Default,Default,Default,111111111111,Empty,RyuJit,Default,X64,8c5e7fda-e8bf-4a96-9a85-a6e23a8c635c,.NET 8.0,False,True,False,True,Default,Default,False,False,True,Default,Default,Default,Default,Default,Default,Default,Default,Default,Default,Default,Default,Default,Default,Default,Default,Default,16,Default,DotNetTips.Spargine.Extensions.BenchmarkTests,Strings,8,"3,115.476 ns",10.3612 ns,9.6919 ns,2.5024 ns,"3,099.710 ns","3,109.531 ns","3,111.739 ns","3,121.964 ns","3,138.316 ns","320,978.3",10.3612 ns,15.00,2.8127,2.000,0.6575,61,*,No,0.0000,0.0191,0.0000,0.0000,"1,213 B",0.0000,1776 B
'ComputeHash: SHA256',Job-JBOTOK,False,True,Default,Default,Default,Default,Default,111111111111,Empty,RyuJit,Default,X64,8c5e7fda-e8bf-4a96-9a85-a6e23a8c635c,.NET 8.0,False,True,False,True,Default,Default,False,False,True,Default,Default,Default,Default,Default,Default,Default,Default,Default,Default,Default,Default,Default,Default,Default,Default,Default,16,Default,DotNetTips.Spargine.Extensions.BenchmarkTests,Strings,16,"4,975.481 ns",8.8754 ns,7.8678 ns,2.1028 ns,"4,966.059 ns","4,969.820 ns","4,974.279 ns","4,979.214 ns","4,990.136 ns","200,985.6",8.8754 ns,14.00,1.8600,2.000,0.5110,68,*,No,0.0000,0.0229,0.0000,0.0000,"1,201 B",0.0000,2232 B
'ComputeHash: SHA256',Job-JBOTOK,False,True,Default,Default,Default,Default,Default,111111111111,Empty,RyuJit,Default,X64,8c5e7fda-e8bf-4a96-9a85-a6e23a8c635c,.NET 8.0,False,True,False,True,Default,Default,False,False,True,Default,Default,Default,Default,Default,Default,Default,Default,Default,Default,Default,Default,Default,Default,Default,Default,Default,16,Default,DotNetTips.Spargine.Extensions.BenchmarkTests,Strings,32,"8,621.171 ns",21.9087 ns,19.4215 ns,5.1906 ns,"8,586.563 ns","8,609.661 ns","8,623.679 ns","8,632.127 ns","8,653.185 ns","115,993.5",21.9087 ns,14.00,1.8826,2.000,-0.1167,80,*,No,0.0000,0.0305,0.0000,0.0000,"1,188 B",0.0000,3144 B
'ComputeHash: SHA256',Job-JBOTOK,False,True,Default,Default,Default,Default,Default,111111111111,Empty,RyuJit,Default,X64,8c5e7fda-e8bf-4a96-9a85-a6e23a8c635c,.NET 8.0,False,True,False,True,Default,Default,False,False,True,Default,Default,Default,Default,Default,Default,Default,Default,Default,Default,Default,Default,Default,Default,Default,Default,Default,16,Default,DotNetTips.Spargine.Extensions.BenchmarkTests,Strings,64,"16,135.250 ns",23.3845 ns,19.5271 ns,5.4158 ns,"16,113.092 ns","16,123.032 ns","16,125.156 ns","16,153.134 ns","16,175.165 ns","61,976.1",23.3845 ns,13.00,1.9189,2.000,0.5962,91,*,No,0.0000,0.0305,0.0000,0.0000,"1,211 B",0.0000,4968 B
'ComputeHash: SHA256',Job-JBOTOK,False,True,Default,Default,Default,Default,Default,111111111111,Empty,RyuJit,Default,X64,8c5e7fda-e8bf-4a96-9a85-a6e23a8c635c,.NET 8.0,False,True,False,True,Default,Default,False,False,True,Default,Default,Default,Default,Default,Default,Default,Default,Default,Default,Default,Default,Default,Default,Default,Default,Default,16,Default,DotNetTips.Spargine.Extensions.BenchmarkTests,Strings,128,"31,042.696 ns",33.4657 ns,31.3039 ns,8.0826 ns,"30,988.513 ns","31,015.701 ns","31,036.316 ns","31,062.473 ns","31,092.389 ns","32,213.7",33.4657 ns,15.00,1.6402,2.000,-0.0011,101,*,No,0.0000,0.0610,0.0000,0.0000,"1,211 B",0.0000,8616 B
'ComputeHash: SHA256',Job-JBOTOK,False,True,Default,Default,Default,Default,Default,111111111111,Empty,RyuJit,Default,X64,8c5e7fda-e8bf-4a96-9a85-a6e23a8c635c,.NET 8.0,False,True,False,True,Default,Default,False,False,True,Default,Default,Default,Default,Default,Default,Default,Default,Default,Default,Default,Default,Default,Default,Default,Default,Default,16,Default,DotNetTips.Spargine.Extensions.BenchmarkTests,Strings,256,"61,016.694 ns",204.3827 ns,191.1797 ns,49.3624 ns,"60,788.910 ns","60,872.491 ns","60,968.646 ns","61,138.281 ns","61,413.934 ns","16,389.0",204.3827 ns,15.00,2.0339,2.000,0.6607,106,*,No,0.0000,0.1221,0.0000,0.0000,"1,318 B",0.0000,15912 B
'Split: RemoveEmptyEntries',Job-JBOTOK,False,True,Default,Default,Default,Default,Default,111111111111,Empty,RyuJit,Default,X64,8c5e7fda-e8bf-4a96-9a85-a6e23a8c635c,.NET 8.0,False,True,False,True,Default,Default,False,False,True,Default,Default,Default,Default,Default,Default,Default,Default,Default,Default,Default,Default,Default,Default,Default,Default,Default,16,Default,DotNetTips.Spargine.Extensions.BenchmarkTests,Strings,2,209.576 ns,1.4230 ns,1.3311 ns,0.3437 ns,207.301 ns,208.501 ns,209.763 ns,210.168 ns,212.262 ns,"4,771,546.8",1.4230 ns,15.00,2.2818,2.000,0.1530,19,*,No,0.0000,0.0076,0.0000,0.0000,"5,433 B",0.0000,720 B
'Split: RemoveEmptyEntries',Job-JBOTOK,False,True,Default,Default,Default,Default,Default,111111111111,Empty,RyuJit,Default,X64,8c5e7fda-e8bf-4a96-9a85-a6e23a8c635c,.NET 8.0,False,True,False,True,Default,Default,False,False,True,Default,Default,Default,Default,Default,Default,Default,Default,Default,Default,Default,Default,Default,Default,Default,Default,Default,16,Default,DotNetTips.Spargine.Extensions.BenchmarkTests,Strings,4,320.840 ns,2.6871 ns,2.5135 ns,0.6490 ns,316.266 ns,318.899 ns,321.329 ns,323.111 ns,325.057 ns,"3,116,821.6",2.6871 ns,15.00,1.7200,2.000,-0.0892,25,*,No,0.0000,0.0134,0.0000,0.0000,"5,373 B",0.0000,1256 B
'Split: RemoveEmptyEntries',Job-JBOTOK,False,True,Default,Default,Default,Default,Default,111111111111,Empty,RyuJit,Default,X64,8c5e7fda-e8bf-4a96-9a85-a6e23a8c635c,.NET 8.0,False,True,False,True,Default,Default,False,False,True,Default,Default,Default,Default,Default,Default,Default,Default,Default,Default,Default,Default,Default,Default,Default,Default,Default,16,Default,DotNetTips.Spargine.Extensions.BenchmarkTests,Strings,8,545.157 ns,2.9717 ns,2.7797 ns,0.7177 ns,541.648 ns,543.103 ns,544.254 ns,547.381 ns,550.375 ns,"1,834,332.5",2.9717 ns,15.00,1.6457,2.000,0.4255,32,*,No,0.0000,0.0248,0.0000,0.0000,"5,496 B",0.0000,2320 B
'Split: RemoveEmptyEntries',Job-JBOTOK,False,True,Default,Default,Default,Default,Default,111111111111,Empty,RyuJit,Default,X64,8c5e7fda-e8bf-4a96-9a85-a6e23a8c635c,.NET 8.0,False,True,False,True,Default,Default,False,False,True,Default,Default,Default,Default,Default,Default,Default,Default,Default,Default,Default,Default,Default,Default,Default,Default,Default,16,Default,DotNetTips.Spargine.Extensions.BenchmarkTests,Strings,16,"1,007.140 ns",5.8244 ns,5.4482 ns,1.4067 ns,999.365 ns,"1,002.863 ns","1,007.436 ns","1,010.782 ns","1,016.382 ns","992,910.8",5.8244 ns,15.00,1.6320,2.000,0.2257,42,*,No,0.0000,0.0477,0.0000,0.0000,"5,329 B",0.0000,4448 B
'Split: RemoveEmptyEntries',Job-JBOTOK,False,True,Default,Default,Default,Default,Default,111111111111,Empty,RyuJit,Default,X64,8c5e7fda-e8bf-4a96-9a85-a6e23a8c635c,.NET 8.0,False,True,False,True,Default,Default,False,False,True,Default,Default,Default,Default,Default,Default,Default,Default,Default,Default,Default,Default,Default,Default,Default,Default,Default,16,Default,DotNetTips.Spargine.Extensions.BenchmarkTests,Strings,32,"1,898.100 ns",15.0241 ns,14.0535 ns,3.6286 ns,"1,867.511 ns","1,887.784 ns","1,902.773 ns","1,906.824 ns","1,918.280 ns","526,842.6",15.0241 ns,15.00,2.2581,2.000,-0.6049,52,*,No,0.0000,0.0916,0.0000,0.0000,"5,301 B",0.0000,8704 B
'Split: RemoveEmptyEntries',Job-JBOTOK,False,True,Default,Default,Default,Default,Default,111111111111,Empty,RyuJit,Default,X64,8c5e7fda-e8bf-4a96-9a85-a6e23a8c635c,.NET 8.0,False,True,False,True,Default,Default,False,False,True,Default,Default,Default,Default,Default,Default,Default,Default,Default,Default,Default,Default,Default,Default,Default,Default,Default,16,Default,DotNetTips.Spargine.Extensions.BenchmarkTests,Strings,64,"3,613.742 ns",10.2826 ns,8.0280 ns,2.3175 ns,"3,599.967 ns","3,607.506 ns","3,614.488 ns","3,619.762 ns","3,625.779 ns","276,721.5",10.2826 ns,12.00,1.6736,2.000,-0.2564,64,*,No,0.0000,0.1869,0.0000,0.0000,"5,309 B",0.0000,17216 B
'Split: RemoveEmptyEntries',Job-JBOTOK,False,True,Default,Default,Default,Default,Default,111111111111,Empty,RyuJit,Default,X64,8c5e7fda-e8bf-4a96-9a85-a6e23a8c635c,.NET 8.0,False,True,False,True,Default,Default,False,False,True,Default,Default,Default,Default,Default,Default,Default,Default,Default,Default,Default,Default,Default,Default,Default,Default,Default,16,Default,DotNetTips.Spargine.Extensions.BenchmarkTests,Strings,128,"7,171.923 ns",28.9746 ns,27.1028 ns,6.9979 ns,"7,112.671 ns","7,160.395 ns","7,177.414 ns","7,181.909 ns","7,211.213 ns","139,432.6",28.9746 ns,15.00,2.5135,2.000,-0.4444,76,*,No,0.0000,0.3738,0.0000,0.0000,"5,415 B",0.0076,34240 B
'Split: RemoveEmptyEntries',Job-JBOTOK,False,True,Default,Default,Default,Default,Default,111111111111,Empty,RyuJit,Default,X64,8c5e7fda-e8bf-4a96-9a85-a6e23a8c635c,.NET 8.0,False,True,False,True,Default,Default,False,False,True,Default,Default,Default,Default,Default,Default,Default,Default,Default,Default,Default,Default,Default,Default,Default,Default,Default,16,Default,DotNetTips.Spargine.Extensions.BenchmarkTests,Strings,256,"14,492.782 ns",52.8798 ns,49.4638 ns,12.7715 ns,"14,397.039 ns","14,470.930 ns","14,508.363 ns","14,520.225 ns","14,591.062 ns","68,999.9",52.8798 ns,15.00,2.4196,2.000,-0.1062,90,*,No,0.0000,0.7477,0.0000,0.0000,"5,305 B",0.0153,68288 B
'Split: TrimEntries + Count',Job-JBOTOK,False,True,Default,Default,Default,Default,Default,111111111111,Empty,RyuJit,Default,X64,8c5e7fda-e8bf-4a96-9a85-a6e23a8c635c,.NET 8.0,False,True,False,True,Default,Default,False,False,True,Default,Default,Default,Default,Default,Default,Default,Default,Default,Default,Default,Default,Default,Default,Default,Default,Default,16,Default,DotNetTips.Spargine.Extensions.BenchmarkTests,Strings,2,222.106 ns,1.3074 ns,1.2229 ns,0.3158 ns,220.044 ns,221.252 ns,222.209 ns,222.878 ns,224.642 ns,"4,502,362.2",1.3074 ns,15.00,2.2377,2.000,0.1580,20,*,No,0.0000,0.0074,0.0000,0.0000,"5,573 B",0.0000,680 B
'Split: TrimEntries + Count',Job-JBOTOK,False,True,Default,Default,Default,Default,Default,111111111111,Empty,RyuJit,Default,X64,8c5e7fda-e8bf-4a96-9a85-a6e23a8c635c,.NET 8.0,False,True,False,True,Default,Default,False,False,True,Default,Default,Default,Default,Default,Default,Default,Default,Default,Default,Default,Default,Default,Default,Default,Default,Default,16,Default,DotNetTips.Spargine.Extensions.BenchmarkTests,Strings,4,340.077 ns,1.5065 ns,1.4092 ns,0.3639 ns,338.410 ns,339.000 ns,339.850 ns,340.726 ns,342.910 ns,"2,940,512.8",1.5065 ns,15.00,2.2247,2.000,0.6494,26,*,No,0.0000,0.0129,0.0000,0.0000,"5,469 B",0.0000,1200 B
'Split: TrimEntries + Count',Job-JBOTOK,False,True,Default,Default,Default,Default,Default,111111111111,Empty,RyuJit,Default,X64,8c5e7fda-e8bf-4a96-9a85-a6e23a8c635c,.NET 8.0,False,True,False,True,Default,Default,False,False,True,Default,Default,Default,Default,Default,Default,Default,Default,Default,Default,Default,Default,Default,Default,Default,Default,Default,16,Default,DotNetTips.Spargine.Extensions.BenchmarkTests,Strings,8,594.726 ns,3.9136 ns,3.6608 ns,0.9452 ns,590.148 ns,591.873 ns,593.967 ns,597.150 ns,602.896 ns,"1,681,445.9",3.9136 ns,15.00,2.2585,2.000,0.6363,34,*,No,0.0000,0.0238,0.0000,0.0000,"5,611 B",0.0000,2232 B
'Split: TrimEntries + Count',Job-JBOTOK,False,True,Default,Default,Default,Default,Default,111111111111,Empty,RyuJit,Default,X64,8c5e7fda-e8bf-4a96-9a85-a6e23a8c635c,.NET 8.0,False,True,False,True,Default,Default,False,False,True,Default,Default,Default,Default,Default,Default,Default,Default,Default,Default,Default,Default,Default,Default,Default,Default,Default,16,Default,DotNetTips.Spargine.Extensions.BenchmarkTests,Strings,16,953.656 ns,6.1213 ns,5.7259 ns,1.4784 ns,944.246 ns,949.794 ns,954.260 ns,958.526 ns,962.346 ns,"1,048,596.4",6.1213 ns,15.00,1.5655,2.000,-0.1193,41,*,No,0.0000,0.0439,0.0000,0.0000,"5,512 B",0.0000,4104 B
'Split: TrimEntries + Count',Job-JBOTOK,False,True,Default,Default,Default,Default,Default,111111111111,Empty,RyuJit,Default,X64,8c5e7fda-e8bf-4a96-9a85-a6e23a8c635c,.NET 8.0,False,True,False,True,Default,Default,False,False,True,Default,Default,Default,Default,Default,Default,Default,Default,Default,Default,Default,Default,Default,Default,Default,Default,Default,16,Default,DotNetTips.Spargine.Extensions.BenchmarkTests,Strings,32,"1,532.057 ns",5.7701 ns,5.3973 ns,1.3936 ns,"1,523.223 ns","1,528.063 ns","1,532.396 ns","1,536.463 ns","1,539.008 ns","652,717.2",5.7701 ns,15.00,1.5548,2.000,-0.3027,48,*,No,0.0000,0.0839,0.0000,0.0000,"5,567 B",0.0000,7752 B
'Split: TrimEntries + Count',Job-JBOTOK,False,True,Default,Default,Default,Default,Default,111111111111,Empty,RyuJit,Default,X64,8c5e7fda-e8bf-4a96-9a85-a6e23a8c635c,.NET 8.0,False,True,False,True,Default,Default,False,False,True,Default,Default,Default,Default,Default,Default,Default,Default,Default,Default,Default,Default,Default,Default,Default,Default,Default,16,Default,DotNetTips.Spargine.Extensions.BenchmarkTests,Strings,64,"2,704.135 ns",23.0288 ns,21.5411 ns,5.5619 ns,"2,652.211 ns","2,698.524 ns","2,705.513 ns","2,716.782 ns","2,740.829 ns","369,804.0",23.0288 ns,15.00,3.1488,2.000,-0.6469,59,*,No,0.0000,0.1640,0.0000,0.0000,"5,564 B",0.0000,15048 B
'Split: TrimEntries + Count',Job-JBOTOK,False,True,Default,Default,Default,Default,Default,111111111111,Empty,RyuJit,Default,X64,8c5e7fda-e8bf-4a96-9a85-a6e23a8c635c,.NET 8.0,False,True,False,True,Default,Default,False,False,True,Default,Default,Default,Default,Default,Default,Default,Default,Default,Default,Default,Default,Default,Default,Default,Default,Default,16,Default,DotNetTips.Spargine.Extensions.BenchmarkTests,Strings,128,"5,232.561 ns",37.5122 ns,35.0890 ns,9.0599 ns,"5,170.887 ns","5,220.847 ns","5,233.737 ns","5,252.061 ns","5,295.863 ns","191,111.0",37.5122 ns,15.00,2.1093,2.000,-0.1058,69,*,No,0.0000,0.3281,0.0000,0.0000,"5,546 B",0.0000,29640 B
'Split: TrimEntries + Count',Job-JBOTOK,False,True,Default,Default,Default,Default,Default,111111111111,Empty,RyuJit,Default,X64,8c5e7fda-e8bf-4a96-9a85-a6e23a8c635c,.NET 8.0,False,True,False,True,Default,Default,False,False,True,Default,Default,Default,Default,Default,Default,Default,Default,Default,Default,Default,Default,Default,Default,Default,Default,Default,16,Default,DotNetTips.Spargine.Extensions.BenchmarkTests,Strings,256,"10,725.267 ns",60.5326 ns,56.6222 ns,14.6198 ns,"10,614.017 ns","10,692.675 ns","10,734.548 ns","10,764.621 ns","10,800.922 ns","93,237.8",60.5326 ns,15.00,2.0641,2.000,-0.5160,83,*,No,0.0000,0.6561,0.0000,0.0000,"5,552 B",0.0305,58824 B
'Split: TrimEntries',Job-JBOTOK,False,True,Default,Default,Default,Default,Default,111111111111,Empty,RyuJit,Default,X64,8c5e7fda-e8bf-4a96-9a85-a6e23a8c635c,.NET 8.0,False,True,False,True,Default,Default,False,False,True,Default,Default,Default,Default,Default,Default,Default,Default,Default,Default,Default,Default,Default,Default,Default,Default,Default,16,Default,DotNetTips.Spargine.Extensions.BenchmarkTests,Strings,2,224.003 ns,1.4019 ns,1.3113 ns,0.3386 ns,222.164 ns,222.895 ns,224.376 ns,224.942 ns,226.792 ns,"4,464,228.3",1.4019 ns,15.00,1.9974,2.000,0.3418,20,*,No,0.0000,0.0074,0.0000,0.0000,"5,331 B",0.0000,680 B
'Split: TrimEntries',Job-JBOTOK,False,True,Default,Default,Default,Default,Default,111111111111,Empty,RyuJit,Default,X64,8c5e7fda-e8bf-4a96-9a85-a6e23a8c635c,.NET 8.0,False,True,False,True,Default,Default,False,False,True,Default,Default,Default,Default,Default,Default,Default,Default,Default,Default,Default,Default,Default,Default,Default,Default,Default,16,Default,DotNetTips.Spargine.Extensions.BenchmarkTests,Strings,4,348.060 ns,2.1880 ns,1.8270 ns,0.5067 ns,345.747 ns,346.642 ns,348.245 ns,348.763 ns,352.583 ns,"2,873,066.5",2.1880 ns,13.00,3.3263,2.000,0.8414,27,*,No,0.0000,0.0129,0.0000,0.0000,"5,335 B",0.0000,1200 B
'Split: TrimEntries',Job-JBOTOK,False,True,Default,Default,Default,Default,Default,111111111111,Empty,RyuJit,Default,X64,8c5e7fda-e8bf-4a96-9a85-a6e23a8c635c,.NET 8.0,False,True,False,True,Default,Default,False,False,True,Default,Default,Default,Default,Default,Default,Default,Default,Default,Default,Default,Default,Default,Default,Default,Default,Default,16,Default,DotNetTips.Spargine.Extensions.BenchmarkTests,Strings,8,613.433 ns,2.5151 ns,2.3526 ns,0.6074 ns,610.663 ns,611.766 ns,612.385 ns,614.866 ns,618.613 ns,"1,630,170.4",2.5151 ns,15.00,2.2294,2.000,0.6342,35,*,No,0.0000,0.0238,0.0000,0.0000,"5,476 B",0.0000,2232 B
'Split: TrimEntries',Job-JBOTOK,False,True,Default,Default,Default,Default,Default,111111111111,Empty,RyuJit,Default,X64,8c5e7fda-e8bf-4a96-9a85-a6e23a8c635c,.NET 8.0,False,True,False,True,Default,Default,False,False,True,Default,Default,Default,Default,Default,Default,Default,Default,Default,Default,Default,Default,Default,Default,Default,Default,Default,16,Default,DotNetTips.Spargine.Extensions.BenchmarkTests,Strings,16,"1,113.630 ns",4.8536 ns,4.3026 ns,1.1499 ns,"1,105.849 ns","1,110.587 ns","1,113.849 ns","1,116.431 ns","1,122.267 ns","897,964.5",4.8536 ns,14.00,2.2224,2.000,0.0509,43,*,No,0.0000,0.0458,0.0000,0.0000,"5,450 B",0.0000,4296 B
'Split: TrimEntries',Job-JBOTOK,False,True,Default,Default,Default,Default,Default,111111111111,Empty,RyuJit,Default,X64,8c5e7fda-e8bf-4a96-9a85-a6e23a8c635c,.NET 8.0,False,True,False,True,Default,Default,False,False,True,Default,Default,Default,Default,Default,Default,Default,Default,Default,Default,Default,Default,Default,Default,Default,Default,Default,16,Default,DotNetTips.Spargine.Extensions.BenchmarkTests,Strings,32,"2,189.752 ns",9.0506 ns,8.4659 ns,2.1859 ns,"2,176.976 ns","2,181.161 ns","2,190.216 ns","2,196.095 ns","2,201.846 ns","456,672.8",9.0506 ns,15.00,1.4501,2.000,-0.0814,55,*,No,0.0000,0.0916,0.0000,0.0000,"5,432 B",0.0000,8424 B
'Split: TrimEntries',Job-JBOTOK,False,True,Default,Default,Default,Default,Default,111111111111,Empty,RyuJit,Default,X64,8c5e7fda-e8bf-4a96-9a85-a6e23a8c635c,.NET 8.0,False,True,False,True,Default,Default,False,False,True,Default,Default,Default,Default,Default,Default,Default,Default,Default,Default,Default,Default,Default,Default,Default,Default,Default,16,Default,DotNetTips.Spargine.Extensions.BenchmarkTests,Strings,64,"4,235.272 ns",24.1396 ns,22.5802 ns,5.8302 ns,"4,177.880 ns","4,225.460 ns","4,234.769 ns","4,245.792 ns","4,270.156 ns","236,112.3",24.1396 ns,15.00,3.6036,2.000,-0.6787,66,*,No,0.0000,0.1831,0.0000,0.0000,"5,442 B",0.0000,16680 B
'Split: TrimEntries',Job-JBOTOK,False,True,Default,Default,Default,Default,Default,111111111111,Empty,RyuJit,Default,X64,8c5e7fda-e8bf-4a96-9a85-a6e23a8c635c,.NET 8.0,False,True,False,True,Default,Default,False,False,True,Default,Default,Default,Default,Default,Default,Default,Default,Default,Default,Default,Default,Default,Default,Default,Default,Default,16,Default,DotNetTips.Spargine.Extensions.BenchmarkTests,Strings,128,"8,465.933 ns",56.0926 ns,52.4691 ns,13.5475 ns,"8,391.286 ns","8,417.720 ns","8,463.126 ns","8,502.025 ns","8,554.579 ns","118,120.5",56.0926 ns,15.00,1.6181,2.000,0.3146,79,*,No,0.0000,0.3510,0.0000,0.0000,"5,426 B",0.0000,33192 B
'Split: TrimEntries',Job-JBOTOK,False,True,Default,Default,Default,Default,Default,111111111111,Empty,RyuJit,Default,X64,8c5e7fda-e8bf-4a96-9a85-a6e23a8c635c,.NET 8.0,False,True,False,True,Default,Default,False,False,True,Default,Default,Default,Default,Default,Default,Default,Default,Default,Default,Default,Default,Default,Default,Default,Default,Default,16,Default,DotNetTips.Spargine.Extensions.BenchmarkTests,Strings,256,"17,091.450 ns",88.3049 ns,82.6005 ns,21.3273 ns,"16,933.945 ns","17,059.471 ns","17,095.444 ns","17,136.432 ns","17,232.687 ns","58,508.8",88.3049 ns,15.00,2.1516,2.000,-0.1827,92,*,No,0.0000,0.7019,0.0000,0.0000,"5,336 B",0.0305,66216 B
ComputeSHA256Hash,Job-JBOTOK,False,True,Default,Default,Default,Default,Default,111111111111,Empty,RyuJit,Default,X64,8c5e7fda-e8bf-4a96-9a85-a6e23a8c635c,.NET 8.0,False,True,False,True,Default,Default,False,False,True,Default,Default,Default,Default,Default,Default,Default,Default,Default,Default,Default,Default,Default,Default,Default,Default,Default,16,Default,DotNetTips.Spargine.Extensions.BenchmarkTests,Strings,2,"2,131.246 ns",11.4350 ns,10.6963 ns,2.7618 ns,"2,116.111 ns","2,120.031 ns","2,132.845 ns","2,138.661 ns","2,151.655 ns","469,209.1",11.4350 ns,15.00,1.7852,2.000,0.0655,54,*,No,0.0000,0.0153,0.0000,0.0000,"1,681 B",0.0000,1640 B
ComputeSHA256Hash,Job-JBOTOK,False,True,Default,Default,Default,Default,Default,111111111111,Empty,RyuJit,Default,X64,8c5e7fda-e8bf-4a96-9a85-a6e23a8c635c,.NET 8.0,False,True,False,True,Default,Default,False,False,True,Default,Default,Default,Default,Default,Default,Default,Default,Default,Default,Default,Default,Default,Default,Default,Default,Default,16,Default,DotNetTips.Spargine.Extensions.BenchmarkTests,Strings,4,"2,625.268 ns",9.1737 ns,8.1322 ns,2.1734 ns,"2,614.252 ns","2,619.847 ns","2,623.743 ns","2,630.657 ns","2,641.590 ns","380,913.5",9.1737 ns,14.00,2.0273,2.000,0.4663,58,*,No,0.0000,0.0191,0.0000,0.0000,"1,686 B",0.0000,2000 B
ComputeSHA256Hash,Job-JBOTOK,False,True,Default,Default,Default,Default,Default,111111111111,Empty,RyuJit,Default,X64,8c5e7fda-e8bf-4a96-9a85-a6e23a8c635c,.NET 8.0,False,True,False,True,Default,Default,False,False,True,Default,Default,Default,Default,Default,Default,Default,Default,Default,Default,Default,Default,Default,Default,Default,Default,Default,16,Default,DotNetTips.Spargine.Extensions.BenchmarkTests,Strings,8,"4,086.377 ns",5.0002 ns,4.4325 ns,1.1846 ns,"4,074.076 ns","4,085.200 ns","4,086.560 ns","4,088.543 ns","4,092.583 ns","244,715.5",5.0002 ns,14.00,4.7587,2.000,-1.1585,65,*,No,0.0000,0.0229,0.0000,0.0000,"1,681 B",0.0000,2712 B
ComputeSHA256Hash,Job-JBOTOK,False,True,Default,Default,Default,Default,Default,111111111111,Empty,RyuJit,Default,X64,8c5e7fda-e8bf-4a96-9a85-a6e23a8c635c,.NET 8.0,False,True,False,True,Default,Default,False,False,True,Default,Default,Default,Default,Default,Default,Default,Default,Default,Default,Default,Default,Default,Default,Default,Default,Default,16,Default,DotNetTips.Spargine.Extensions.BenchmarkTests,Strings,16,"6,752.888 ns",18.6991 ns,17.4912 ns,4.5162 ns,"6,732.162 ns","6,739.904 ns","6,752.559 ns","6,762.356 ns","6,794.160 ns","148,084.8",18.6991 ns,15.00,2.6467,2.000,0.8104,75,*,No,0.0000,0.0381,0.0000,0.0000,"1,682 B",0.0000,4128 B
ComputeSHA256Hash,Job-JBOTOK,False,True,Default,Default,Default,Default,Default,111111111111,Empty,RyuJit,Default,X64,8c5e7fda-e8bf-4a96-9a85-a6e23a8c635c,.NET 8.0,False,True,False,True,Default,Default,False,False,True,Default,Default,Default,Default,Default,Default,Default,Default,Default,Default,Default,Default,Default,Default,Default,Default,Default,16,Default,DotNetTips.Spargine.Extensions.BenchmarkTests,Strings,32,"12,293.430 ns",33.1858 ns,29.4184 ns,7.8624 ns,"12,237.807 ns","12,273.972 ns","12,294.144 ns","12,318.672 ns","12,341.100 ns","81,344.3",33.1858 ns,14.00,1.8396,2.000,-0.1516,86,*,No,0.0000,0.0763,0.0000,0.0000,"1,686 B",0.0000,6960 B
ComputeSHA256Hash,Job-JBOTOK,False,True,Default,Default,Default,Default,Default,111111111111,Empty,RyuJit,Default,X64,8c5e7fda-e8bf-4a96-9a85-a6e23a8c635c,.NET 8.0,False,True,False,True,Default,Default,False,False,True,Default,Default,Default,Default,Default,Default,Default,Default,Default,Default,Default,Default,Default,Default,Default,Default,Default,16,Default,DotNetTips.Spargine.Extensions.BenchmarkTests,Strings,64,"23,335.293 ns",124.4881 ns,116.4462 ns,30.0663 ns,"23,171.660 ns","23,234.413 ns","23,343.355 ns","23,417.760 ns","23,555.373 ns","42,853.5",124.4881 ns,15.00,1.7868,2.000,0.2219,96,*,No,0.0000,0.1221,0.0000,0.0000,"1,682 B",0.0000,12624 B
ComputeSHA256Hash,Job-JBOTOK,False,True,Default,Default,Default,Default,Default,111111111111,Empty,RyuJit,Default,X64,8c5e7fda-e8bf-4a96-9a85-a6e23a8c635c,.NET 8.0,False,True,False,True,Default,Default,False,False,True,Default,Default,Default,Default,Default,Default,Default,Default,Default,Default,Default,Default,Default,Default,Default,Default,Default,16,Default,DotNetTips.Spargine.Extensions.BenchmarkTests,Strings,128,"45,151.141 ns",134.7222 ns,126.0193 ns,32.5380 ns,"44,938.699 ns","45,079.752 ns","45,124.551 ns","45,266.797 ns","45,333.041 ns","22,147.8",134.7222 ns,15.00,1.5974,2.000,-0.1113,103,*,No,0.0000,0.2441,0.0000,0.0000,"1,682 B",0.0000,23952 B
ComputeSHA256Hash,Job-JBOTOK,False,True,Default,Default,Default,Default,Default,111111111111,Empty,RyuJit,Default,X64,8c5e7fda-e8bf-4a96-9a85-a6e23a8c635c,.NET 8.0,False,True,False,True,Default,Default,False,False,True,Default,Default,Default,Default,Default,Default,Default,Default,Default,Default,Default,Default,Default,Default,Default,Default,Default,16,Default,DotNetTips.Spargine.Extensions.BenchmarkTests,Strings,256,"89,319.266 ns",326.3399 ns,305.2586 ns,78.8174 ns,"88,808.636 ns","89,124.133 ns","89,390.155 ns","89,512.170 ns","89,755.231 ns","11,195.8",326.3399 ns,15.00,1.8124,2.000,-0.4280,110,*,No,0.0000,0.4883,0.0000,0.0000,"1,819 B",0.0000,46608 B
ContainsAny,Job-JBOTOK,False,True,Default,Default,Default,Default,Default,111111111111,Empty,RyuJit,Default,X64,8c5e7fda-e8bf-4a96-9a85-a6e23a8c635c,.NET 8.0,False,True,False,True,Default,Default,False,False,True,Default,Default,Default,Default,Default,Default,Default,Default,Default,Default,Default,Default,Default,Default,Default,Default,Default,16,Default,DotNetTips.Spargine.Extensions.BenchmarkTests,Strings,2,130.875 ns,0.9475 ns,0.8863 ns,0.2288 ns,129.320 ns,130.193 ns,130.979 ns,131.629 ns,132.211 ns,"7,640,866.6",0.9475 ns,15.00,1.5472,2.000,-0.0570,13,*,No,0.0000,0.0019,0.0000,0.0000,327 B,0.0000,184 B
ContainsAny,Job-JBOTOK,False,True,Default,Default,Default,Default,Default,111111111111,Empty,RyuJit,Default,X64,8c5e7fda-e8bf-4a96-9a85-a6e23a8c635c,.NET 8.0,False,True,False,True,Default,Default,False,False,True,Default,Default,Default,Default,Default,Default,Default,Default,Default,Default,Default,Default,Default,Default,Default,Default,Default,16,Default,DotNetTips.Spargine.Extensions.BenchmarkTests,Strings,4,66.780 ns,0.2882 ns,0.2695 ns,0.0696 ns,66.264 ns,66.579 ns,66.803 ns,66.996 ns,67.156 ns,"14,974,655.3",0.2882 ns,15.00,1.6709,2.000,-0.2702,8,*,No,0.0000,0.0019,0.0000,0.0000,327 B,0.0000,184 B
ContainsAny,Job-JBOTOK,False,True,Default,Default,Default,Default,Default,111111111111,Empty,RyuJit,Default,X64,8c5e7fda-e8bf-4a96-9a85-a6e23a8c635c,.NET 8.0,False,True,False,True,Default,Default,False,False,True,Default,Default,Default,Default,Default,Default,Default,Default,Default,Default,Default,Default,Default,Default,Default,Default,Default,16,Default,DotNetTips.Spargine.Extensions.BenchmarkTests,Strings,8,537.804 ns,1.0303 ns,0.9133 ns,0.2441 ns,536.310 ns,537.313 ns,537.676 ns,538.280 ns,539.221 ns,"1,859,413.7",1.0303 ns,14.00,1.8445,2.000,0.2007,32,*,No,0.0000,0.0019,0.0000,0.0000,325 B,0.0000,184 B
ContainsAny,Job-JBOTOK,False,True,Default,Default,Default,Default,Default,111111111111,Empty,RyuJit,Default,X64,8c5e7fda-e8bf-4a96-9a85-a6e23a8c635c,.NET 8.0,False,True,False,True,Default,Default,False,False,True,Default,Default,Default,Default,Default,Default,Default,Default,Default,Default,Default,Default,Default,Default,Default,Default,Default,16,Default,DotNetTips.Spargine.Extensions.BenchmarkTests,Strings,16,564.902 ns,1.6738 ns,1.5657 ns,0.4043 ns,562.851 ns,563.703 ns,564.344 ns,565.880 ns,568.042 ns,"1,770,219.8",1.6738 ns,15.00,1.9693,2.000,0.5640,33,*,No,0.0000,0.0019,0.0000,0.0000,325 B,0.0000,184 B
ContainsAny,Job-JBOTOK,False,True,Default,Default,Default,Default,Default,111111111111,Empty,RyuJit,Default,X64,8c5e7fda-e8bf-4a96-9a85-a6e23a8c635c,.NET 8.0,False,True,False,True,Default,Default,False,False,True,Default,Default,Default,Default,Default,Default,Default,Default,Default,Default,Default,Default,Default,Default,Default,Default,Default,16,Default,DotNetTips.Spargine.Extensions.BenchmarkTests,Strings,32,416.662 ns,0.7576 ns,0.7086 ns,0.1830 ns,415.327 ns,416.177 ns,416.756 ns,417.145 ns,417.787 ns,"2,400,025.2",0.7576 ns,15.00,1.9459,2.000,-0.1892,29,*,No,0.0000,0.0019,0.0000,0.0000,327 B,0.0000,184 B
ContainsAny,Job-JBOTOK,False,True,Default,Default,Default,Default,Default,111111111111,Empty,RyuJit,Default,X64,8c5e7fda-e8bf-4a96-9a85-a6e23a8c635c,.NET 8.0,False,True,False,True,Default,Default,False,False,True,Default,Default,Default,Default,Default,Default,Default,Default,Default,Default,Default,Default,Default,Default,Default,Default,Default,16,Default,DotNetTips.Spargine.Extensions.BenchmarkTests,Strings,64,87.217 ns,0.1581 ns,0.1402 ns,0.0375 ns,86.944 ns,87.144 ns,87.207 ns,87.298 ns,87.469 ns,"11,465,635.0",0.1581 ns,14.00,2.3822,2.000,-0.0070,9,*,No,0.0000,0.0019,0.0000,0.0000,327 B,0.0000,184 B
ContainsAny,Job-JBOTOK,False,True,Default,Default,Default,Default,Default,111111111111,Empty,RyuJit,Default,X64,8c5e7fda-e8bf-4a96-9a85-a6e23a8c635c,.NET 8.0,False,True,False,True,Default,Default,False,False,True,Default,Default,Default,Default,Default,Default,Default,Default,Default,Default,Default,Default,Default,Default,Default,Default,Default,16,Default,DotNetTips.Spargine.Extensions.BenchmarkTests,Strings,128,177.904 ns,1.3188 ns,1.2336 ns,0.3185 ns,176.199 ns,176.640 ns,178.695 ns,178.906 ns,179.597 ns,"5,621,011.4",1.3188 ns,15.00,1.1327,2.000,-0.1538,18,*,No,0.0000,0.0019,0.0000,0.0000,327 B,0.0000,184 B
ContainsAny,Job-JBOTOK,False,True,Default,Default,Default,Default,Default,111111111111,Empty,RyuJit,Default,X64,8c5e7fda-e8bf-4a96-9a85-a6e23a8c635c,.NET 8.0,False,True,False,True,Default,Default,False,False,True,Default,Default,Default,Default,Default,Default,Default,Default,Default,Default,Default,Default,Default,Default,Default,Default,Default,16,Default,DotNetTips.Spargine.Extensions.BenchmarkTests,Strings,256,136.662 ns,1.0151 ns,0.9495 ns,0.2452 ns,135.333 ns,135.840 ns,136.815 ns,137.356 ns,138.243 ns,"7,317,337.9",1.0151 ns,15.00,1.4910,2.000,0.0675,14,*,No,0.0000,0.0019,0.0000,0.0000,325 B,0.0000,184 B
DelimitedStringToArray,Job-JBOTOK,False,True,Default,Default,Default,Default,Default,111111111111,Empty,RyuJit,Default,X64,8c5e7fda-e8bf-4a96-9a85-a6e23a8c635c,.NET 8.0,False,True,False,True,Default,Default,False,False,True,Default,Default,Default,Default,Default,Default,Default,Default,Default,Default,Default,Default,Default,Default,Default,Default,Default,16,Default,DotNetTips.Spargine.Extensions.BenchmarkTests,"Strings,**NEW**",2,152.122 ns,0.4881 ns,0.4566 ns,0.1179 ns,151.305 ns,151.765 ns,152.079 ns,152.503 ns,152.907 ns,"6,573,661.7",0.4881 ns,15.00,1.7527,2.000,-0.0518,16,*,No,0.0000,0.0064,0.0000,0.0000,"1,943 B",0.0000,608 B
DelimitedStringToArray,Job-JBOTOK,False,True,Default,Default,Default,Default,Default,111111111111,Empty,RyuJit,Default,X64,8c5e7fda-e8bf-4a96-9a85-a6e23a8c635c,.NET 8.0,False,True,False,True,Default,Default,False,False,True,Default,Default,Default,Default,Default,Default,Default,Default,Default,Default,Default,Default,Default,Default,Default,Default,Default,16,Default,DotNetTips.Spargine.Extensions.BenchmarkTests,"Strings,**NEW**",4,255.326 ns,1.6547 ns,1.4668 ns,0.3920 ns,253.444 ns,254.422 ns,254.875 ns,256.300 ns,258.779 ns,"3,916,566.0",1.6547 ns,14.00,2.7274,2.000,0.8023,22,*,No,0.0000,0.0124,0.0000,0.0000,"1,941 B",0.0000,1144 B
DelimitedStringToArray,Job-JBOTOK,False,True,Default,Default,Default,Default,Default,111111111111,Empty,RyuJit,Default,X64,8c5e7fda-e8bf-4a96-9a85-a6e23a8c635c,.NET 8.0,False,True,False,True,Default,Default,False,False,True,Default,Default,Default,Default,Default,Default,Default,Default,Default,Default,Default,Default,Default,Default,Default,Default,Default,16,Default,DotNetTips.Spargine.Extensions.BenchmarkTests,"Strings,**NEW**",8,451.138 ns,1.4325 ns,1.2699 ns,0.3394 ns,448.629 ns,450.421 ns,450.973 ns,451.500 ns,453.492 ns,"2,216,616.0",1.4325 ns,14.00,2.4864,2.000,0.1480,30,*,No,0.0000,0.0238,0.0000,0.0000,"1,941 B",0.0000,2208 B
DelimitedStringToArray,Job-JBOTOK,False,True,Default,Default,Default,Default,Default,111111111111,Empty,RyuJit,Default,X64,8c5e7fda-e8bf-4a96-9a85-a6e23a8c635c,.NET 8.0,False,True,False,True,Default,Default,False,False,True,Default,Default,Default,Default,Default,Default,Default,Default,Default,Default,Default,Default,Default,Default,Default,Default,Default,16,Default,DotNetTips.Spargine.Extensions.BenchmarkTests,"Strings,**NEW**",16,854.393 ns,6.0271 ns,5.6377 ns,1.4557 ns,847.759 ns,850.397 ns,852.186 ns,858.661 ns,865.174 ns,"1,170,421.3",6.0271 ns,15.00,1.9547,2.000,0.6424,39,*,No,0.0000,0.0467,0.0000,0.0000,"1,941 B",0.0000,4336 B
DelimitedStringToArray,Job-JBOTOK,False,True,Default,Default,Default,Default,Default,111111111111,Empty,RyuJit,Default,X64,8c5e7fda-e8bf-4a96-9a85-a6e23a8c635c,.NET 8.0,False,True,False,True,Default,Default,False,False,True,Default,Default,Default,Default,Default,Default,Default,Default,Default,Default,Default,Default,Default,Default,Default,Default,Default,16,Default,DotNetTips.Spargine.Extensions.BenchmarkTests,"Strings,**NEW**",32,"1,667.907 ns",3.7156 ns,3.4756 ns,0.8974 ns,"1,662.425 ns","1,665.015 ns","1,669.208 ns","1,670.107 ns","1,673.458 ns","599,553.8",3.7156 ns,15.00,1.5520,2.000,-0.1108,50,*,No,0.0000,0.0935,0.0000,0.0000,"1,945 B",0.0000,8592 B
DelimitedStringToArray,Job-JBOTOK,False,True,Default,Default,Default,Default,Default,111111111111,Empty,RyuJit,Default,X64,8c5e7fda-e8bf-4a96-9a85-a6e23a8c635c,.NET 8.0,False,True,False,True,Default,Default,False,False,True,Default,Default,Default,Default,Default,Default,Default,Default,Default,Default,Default,Default,Default,Default,Default,Default,Default,16,Default,DotNetTips.Spargine.Extensions.BenchmarkTests,"Strings,**NEW**",64,"3,235.013 ns",16.4917 ns,13.7713 ns,3.8195 ns,"3,211.626 ns","3,227.195 ns","3,239.984 ns","3,242.997 ns","3,250.418 ns","309,117.7",16.4917 ns,13.00,1.7103,2.000,-0.5493,62,*,No,0.0000,0.1869,0.0000,0.0000,"1,947 B",0.0000,17104 B
DelimitedStringToArray,Job-JBOTOK,False,True,Default,Default,Default,Default,Default,111111111111,Empty,RyuJit,Default,X64,8c5e7fda-e8bf-4a96-9a85-a6e23a8c635c,.NET 8.0,False,True,False,True,Default,Default,False,False,True,Default,Default,Default,Default,Default,Default,Default,Default,Default,Default,Default,Default,Default,Default,Default,Default,Default,16,Default,DotNetTips.Spargine.Extensions.BenchmarkTests,"Strings,**NEW**",128,"6,585.126 ns",26.8529 ns,25.1183 ns,6.4855 ns,"6,538.396 ns","6,570.758 ns","6,591.599 ns","6,598.614 ns","6,627.928 ns","151,857.4",26.8529 ns,15.00,2.1025,2.000,-0.0435,74,*,No,0.0000,0.3738,0.0000,0.0000,"1,923 B",0.0076,34128 B
DelimitedStringToArray,Job-JBOTOK,False,True,Default,Default,Default,Default,Default,111111111111,Empty,RyuJit,Default,X64,8c5e7fda-e8bf-4a96-9a85-a6e23a8c635c,.NET 8.0,False,True,False,True,Default,Default,False,False,True,Default,Default,Default,Default,Default,Default,Default,Default,Default,Default,Default,Default,Default,Default,Default,Default,Default,16,Default,DotNetTips.Spargine.Extensions.BenchmarkTests,"Strings,**NEW**",256,"13,637.826 ns",53.5203 ns,50.0630 ns,12.9262 ns,"13,554.842 ns","13,595.145 ns","13,643.600 ns","13,667.801 ns","13,734.749 ns","73,325.5",53.5203 ns,15.00,2.0946,2.000,-0.0161,89,*,No,0.0000,0.7324,0.0000,0.0000,"1,923 B",0.0305,68176 B
EqualsIgnoreCase,Job-JBOTOK,False,True,Default,Default,Default,Default,Default,111111111111,Empty,RyuJit,Default,X64,8c5e7fda-e8bf-4a96-9a85-a6e23a8c635c,.NET 8.0,False,True,False,True,Default,Default,False,False,True,Default,Default,Default,Default,Default,Default,Default,Default,Default,Default,Default,Default,Default,Default,Default,Default,Default,16,Default,DotNetTips.Spargine.Extensions.BenchmarkTests,Strings,2,1.515 ns,0.0217 ns,0.0203 ns,0.0052 ns,1.489 ns,1.492 ns,1.528 ns,1.530 ns,1.535 ns,"660,115,160.6",0.0217 ns,15.00,1.0577,2.000,-0.3450,7,*,No,0.0000,0.0000,0.0000,0.0000,442 B,0.0000,0 B
EqualsIgnoreCase,Job-JBOTOK,False,True,Default,Default,Default,Default,Default,111111111111,Empty,RyuJit,Default,X64,8c5e7fda-e8bf-4a96-9a85-a6e23a8c635c,.NET 8.0,False,True,False,True,Default,Default,False,False,True,Default,Default,Default,Default,Default,Default,Default,Default,Default,Default,Default,Default,Default,Default,Default,Default,Default,16,Default,DotNetTips.Spargine.Extensions.BenchmarkTests,Strings,4,1.302 ns,0.0268 ns,0.0238 ns,0.0064 ns,1.245 ns,1.307 ns,1.310 ns,1.312 ns,1.319 ns,"768,289,656.5",0.0268 ns,14.00,4.2568,2.000,-1.7240,3,*,No,0.0000,0.0000,0.0000,0.0000,442 B,0.0000,0 B
EqualsIgnoreCase,Job-JBOTOK,False,True,Default,Default,Default,Default,Default,111111111111,Empty,RyuJit,Default,X64,8c5e7fda-e8bf-4a96-9a85-a6e23a8c635c,.NET 8.0,False,True,False,True,Default,Default,False,False,True,Default,Default,Default,Default,Default,Default,Default,Default,Default,Default,Default,Default,Default,Default,Default,Default,Default,16,Default,DotNetTips.Spargine.Extensions.BenchmarkTests,Strings,8,1.246 ns,0.0036 ns,0.0033 ns,0.0009 ns,1.240 ns,1.244 ns,1.246 ns,1.250 ns,1.251 ns,"802,273,021.8",0.0036 ns,15.00,1.5671,2.000,-0.0876,2,*,No,0.0000,0.0000,0.0000,0.0000,442 B,0.0000,0 B
EqualsIgnoreCase,Job-JBOTOK,False,True,Default,Default,Default,Default,Default,111111111111,Empty,RyuJit,Default,X64,8c5e7fda-e8bf-4a96-9a85-a6e23a8c635c,.NET 8.0,False,True,False,True,Default,Default,False,False,True,Default,Default,Default,Default,Default,Default,Default,Default,Default,Default,Default,Default,Default,Default,Default,Default,Default,16,Default,DotNetTips.Spargine.Extensions.BenchmarkTests,Strings,16,1.248 ns,0.0047 ns,0.0042 ns,0.0011 ns,1.243 ns,1.245 ns,1.246 ns,1.250 ns,1.257 ns,"801,445,991.6",0.0047 ns,14.00,2.7719,2.000,0.9582,2,*,No,0.0000,0.0000,0.0000,0.0000,442 B,0.0000,0 B
EqualsIgnoreCase,Job-JBOTOK,False,True,Default,Default,Default,Default,Default,111111111111,Empty,RyuJit,Default,X64,8c5e7fda-e8bf-4a96-9a85-a6e23a8c635c,.NET 8.0,False,True,False,True,Default,Default,False,False,True,Default,Default,Default,Default,Default,Default,Default,Default,Default,Default,Default,Default,Default,Default,Default,Default,Default,16,Default,DotNetTips.Spargine.Extensions.BenchmarkTests,Strings,32,1.264 ns,0.0061 ns,0.0057 ns,0.0015 ns,1.256 ns,1.259 ns,1.262 ns,1.270 ns,1.274 ns,"791,333,756.2",0.0061 ns,15.00,1.5422,2.000,0.4893,2,*,No,0.0000,0.0000,0.0000,0.0000,442 B,0.0000,0 B
EqualsIgnoreCase,Job-JBOTOK,False,True,Default,Default,Default,Default,Default,111111111111,Empty,RyuJit,Default,X64,8c5e7fda-e8bf-4a96-9a85-a6e23a8c635c,.NET 8.0,False,True,False,True,Default,Default,False,False,True,Default,Default,Default,Default,Default,Default,Default,Default,Default,Default,Default,Default,Default,Default,Default,Default,Default,16,Default,DotNetTips.Spargine.Extensions.BenchmarkTests,Strings,64,1.262 ns,0.0027 ns,0.0045 ns,0.0007 ns,1.256 ns,1.259 ns,1.260 ns,1.262 ns,1.280 ns,"792,678,810.3",0.0027 ns,37.00,8.4588,2.000,2.1145,2,*,No,0.0000,0.0000,0.0000,0.0000,442 B,0.0000,0 B
EqualsIgnoreCase,Job-JBOTOK,False,True,Default,Default,Default,Default,Default,111111111111,Empty,RyuJit,Default,X64,8c5e7fda-e8bf-4a96-9a85-a6e23a8c635c,.NET 8.0,False,True,False,True,Default,Default,False,False,True,Default,Default,Default,Default,Default,Default,Default,Default,Default,Default,Default,Default,Default,Default,Default,Default,Default,16,Default,DotNetTips.Spargine.Extensions.BenchmarkTests,Strings,128,1.211 ns,0.0032 ns,0.0028 ns,0.0007 ns,1.206 ns,1.210 ns,1.211 ns,1.213 ns,1.216 ns,"825,442,984.8",0.0032 ns,14.00,1.8362,2.000,0.0627,1,*,No,0.0000,0.0000,0.0000,0.0000,442 B,0.0000,0 B
EqualsIgnoreCase,Job-JBOTOK,False,True,Default,Default,Default,Default,Default,111111111111,Empty,RyuJit,Default,X64,8c5e7fda-e8bf-4a96-9a85-a6e23a8c635c,.NET 8.0,False,True,False,True,Default,Default,False,False,True,Default,Default,Default,Default,Default,Default,Default,Default,Default,Default,Default,Default,Default,Default,Default,Default,Default,16,Default,DotNetTips.Spargine.Extensions.BenchmarkTests,Strings,256,1.236 ns,0.0056 ns,0.0053 ns,0.0014 ns,1.230 ns,1.231 ns,1.235 ns,1.240 ns,1.245 ns,"809,323,493.7",0.0056 ns,15.00,1.7109,2.000,0.4535,2,*,No,0.0000,0.0000,0.0000,0.0000,436 B,0.0000,0 B
EqualsOrBothNullOrEmpty,Job-JBOTOK,False,True,Default,Default,Default,Default,Default,111111111111,Empty,RyuJit,Default,X64,8c5e7fda-e8bf-4a96-9a85-a6e23a8c635c,.NET 8.0,False,True,False,True,Default,Default,False,False,True,Default,Default,Default,Default,Default,Default,Default,Default,Default,Default,Default,Default,Default,Default,Default,Default,Default,16,Default,DotNetTips.Spargine.Extensions.BenchmarkTests,Strings,2,1.492 ns,0.0023 ns,0.0020 ns,0.0005 ns,1.488 ns,1.491 ns,1.492 ns,1.493 ns,1.494 ns,"670,360,281.6",0.0023 ns,14.00,1.9517,2.000,-0.5687,7,*,No,0.0000,0.0000,0.0000,0.0000,457 B,0.0000,0 B
EqualsOrBothNullOrEmpty,Job-JBOTOK,False,True,Default,Default,Default,Default,Default,111111111111,Empty,RyuJit,Default,X64,8c5e7fda-e8bf-4a96-9a85-a6e23a8c635c,.NET 8.0,False,True,False,True,Default,Default,False,False,True,Default,Default,Default,Default,Default,Default,Default,Default,Default,Default,Default,Default,Default,Default,Default,Default,Default,16,Default,DotNetTips.Spargine.Extensions.BenchmarkTests,Strings,4,1.493 ns,0.0027 ns,0.0024 ns,0.0006 ns,1.489 ns,1.491 ns,1.492 ns,1.495 ns,1.496 ns,"669,837,407.6",0.0027 ns,14.00,1.4191,2.000,0.0567,7,*,No,0.0000,0.0000,0.0000,0.0000,457 B,0.0000,0 B
EqualsOrBothNullOrEmpty,Job-JBOTOK,False,True,Default,Default,Default,Default,Default,111111111111,Empty,RyuJit,Default,X64,8c5e7fda-e8bf-4a96-9a85-a6e23a8c635c,.NET 8.0,False,True,False,True,Default,Default,False,False,True,Default,Default,Default,Default,Default,Default,Default,Default,Default,Default,Default,Default,Default,Default,Default,Default,Default,16,Default,DotNetTips.Spargine.Extensions.BenchmarkTests,Strings,8,1.423 ns,0.0044 ns,0.0039 ns,0.0010 ns,1.417 ns,1.421 ns,1.422 ns,1.425 ns,1.431 ns,"702,965,199.5",0.0044 ns,14.00,2.4813,2.000,0.6473,5,*,No,0.0000,0.0000,0.0000,0.0000,457 B,0.0000,0 B
EqualsOrBothNullOrEmpty,Job-JBOTOK,False,True,Default,Default,Default,Default,Default,111111111111,Empty,RyuJit,Default,X64,8c5e7fda-e8bf-4a96-9a85-a6e23a8c635c,.NET 8.0,False,True,False,True,Default,Default,False,False,True,Default,Default,Default,Default,Default,Default,Default,Default,Default,Default,Default,Default,Default,Default,Default,Default,Default,16,Default,DotNetTips.Spargine.Extensions.BenchmarkTests,Strings,16,1.494 ns,0.0055 ns,0.0043 ns,0.0012 ns,1.488 ns,1.491 ns,1.494 ns,1.497 ns,1.503 ns,"669,354,801.9",0.0055 ns,12.00,2.4110,2.000,0.5011,7,*,No,0.0000,0.0000,0.0000,0.0000,457 B,0.0000,0 B
EqualsOrBothNullOrEmpty,Job-JBOTOK,False,True,Default,Default,Default,Default,Default,111111111111,Empty,RyuJit,Default,X64,8c5e7fda-e8bf-4a96-9a85-a6e23a8c635c,.NET 8.0,False,True,False,True,Default,Default,False,False,True,Default,Default,Default,Default,Default,Default,Default,Default,Default,Default,Default,Default,Default,Default,Default,Default,Default,16,Default,DotNetTips.Spargine.Extensions.BenchmarkTests,Strings,32,1.475 ns,0.0030 ns,0.0028 ns,0.0007 ns,1.470 ns,1.472 ns,1.475 ns,1.476 ns,1.480 ns,"678,118,947.8",0.0030 ns,15.00,2.1020,2.000,0.1598,6,*,No,0.0000,0.0000,0.0000,0.0000,457 B,0.0000,0 B
EqualsOrBothNullOrEmpty,Job-JBOTOK,False,True,Default,Default,Default,Default,Default,111111111111,Empty,RyuJit,Default,X64,8c5e7fda-e8bf-4a96-9a85-a6e23a8c635c,.NET 8.0,False,True,False,True,Default,Default,False,False,True,Default,Default,Default,Default,Default,Default,Default,Default,Default,Default,Default,Default,Default,Default,Default,Default,Default,16,Default,DotNetTips.Spargine.Extensions.BenchmarkTests,Strings,64,1.424 ns,0.0032 ns,0.0030 ns,0.0008 ns,1.418 ns,1.422 ns,1.424 ns,1.425 ns,1.429 ns,"702,352,650.8",0.0032 ns,15.00,2.1688,2.000,0.0354,5,*,No,0.0000,0.0000,0.0000,0.0000,457 B,0.0000,0 B
EqualsOrBothNullOrEmpty,Job-JBOTOK,False,True,Default,Default,Default,Default,Default,111111111111,Empty,RyuJit,Default,X64,8c5e7fda-e8bf-4a96-9a85-a6e23a8c635c,.NET 8.0,False,True,False,True,Default,Default,False,False,True,Default,Default,Default,Default,Default,Default,Default,Default,Default,Default,Default,Default,Default,Default,Default,Default,Default,16,Default,DotNetTips.Spargine.Extensions.BenchmarkTests,Strings,128,1.380 ns,0.0033 ns,0.0029 ns,0.0008 ns,1.376 ns,1.378 ns,1.379 ns,1.381 ns,1.386 ns,"724,793,928.7",0.0033 ns,14.00,2.8021,2.000,0.8306,4,*,No,0.0000,0.0000,0.0000,0.0000,457 B,0.0000,0 B
EqualsOrBothNullOrEmpty,Job-JBOTOK,False,True,Default,Default,Default,Default,Default,111111111111,Empty,RyuJit,Default,X64,8c5e7fda-e8bf-4a96-9a85-a6e23a8c635c,.NET 8.0,False,True,False,True,Default,Default,False,False,True,Default,Default,Default,Default,Default,Default,Default,Default,Default,Default,Default,Default,Default,Default,Default,Default,Default,16,Default,DotNetTips.Spargine.Extensions.BenchmarkTests,Strings,256,1.474 ns,0.0044 ns,0.0037 ns,0.0010 ns,1.469 ns,1.470 ns,1.474 ns,1.475 ns,1.483 ns,"678,606,451.1",0.0044 ns,13.00,3.5505,2.000,0.9470,6,*,No,0.0000,0.0000,0.0000,0.0000,451 B,0.0000,0 B
FromBase64,Job-JBOTOK,False,True,Default,Default,Default,Default,Default,111111111111,Empty,RyuJit,Default,X64,8c5e7fda-e8bf-4a96-9a85-a6e23a8c635c,.NET 8.0,False,True,False,True,Default,Default,False,False,True,Default,Default,Default,Default,Default,Default,Default,Default,Default,Default,Default,Default,Default,Default,Default,Default,Default,16,Default,DotNetTips.Spargine.Extensions.BenchmarkTests,Strings,2,260.220 ns,1.5702 ns,1.4688 ns,0.3792 ns,257.530 ns,259.424 ns,260.044 ns,261.172 ns,262.978 ns,"3,842,904.9",1.5702 ns,15.00,2.0831,2.000,-0.0647,23,*,No,0.0000,0.0048,0.0000,0.0000,"1,103 B",0.0000,480 B
FromBase64,Job-JBOTOK,False,True,Default,Default,Default,Default,Default,111111111111,Empty,RyuJit,Default,X64,8c5e7fda-e8bf-4a96-9a85-a6e23a8c635c,.NET 8.0,False,True,False,True,Default,Default,False,False,True,Default,Default,Default,Default,Default,Default,Default,Default,Default,Default,Default,Default,Default,Default,Default,Default,Default,16,Default,DotNetTips.Spargine.Extensions.BenchmarkTests,Strings,4,462.193 ns,1.2900 ns,1.2067 ns,0.3116 ns,460.164 ns,461.455 ns,461.951 ns,462.746 ns,464.237 ns,"2,163,596.5",1.2900 ns,15.00,2.0562,2.000,0.4546,31,*,No,0.0000,0.0086,0.0000,0.0000,"1,103 B",0.0000,816 B
FromBase64,Job-JBOTOK,False,True,Default,Default,Default,Default,Default,111111111111,Empty,RyuJit,Default,X64,8c5e7fda-e8bf-4a96-9a85-a6e23a8c635c,.NET 8.0,False,True,False,True,Default,Default,False,False,True,Default,Default,Default,Default,Default,Default,Default,Default,Default,Default,Default,Default,Default,Default,Default,Default,Default,16,Default,DotNetTips.Spargine.Extensions.BenchmarkTests,Strings,8,880.776 ns,1.7384 ns,1.6261 ns,0.4199 ns,878.008 ns,879.941 ns,880.840 ns,881.460 ns,883.537 ns,"1,135,361.9",1.7384 ns,15.00,1.9937,2.000,0.0248,40,*,No,0.0000,0.0162,0.0000,0.0000,"1,110 B",0.0000,1496 B
FromBase64,Job-JBOTOK,False,True,Default,Default,Default,Default,Default,111111111111,Empty,RyuJit,Default,X64,8c5e7fda-e8bf-4a96-9a85-a6e23a8c635c,.NET 8.0,False,True,False,True,Default,Default,False,False,True,Default,Default,Default,Default,Default,Default,Default,Default,Default,Default,Default,Default,Default,Default,Default,Default,Default,16,Default,DotNetTips.Spargine.Extensions.BenchmarkTests,Strings,16,"1,753.473 ns",3.3253 ns,3.1105 ns,0.8031 ns,"1,747.670 ns","1,751.318 ns","1,753.494 ns","1,755.463 ns","1,758.458 ns","570,296.8",3.3253 ns,15.00,1.9445,2.000,0.0768,51,*,No,0.0000,0.0305,0.0000,0.0000,"1,110 B",0.0000,2864 B
FromBase64,Job-JBOTOK,False,True,Default,Default,Default,Default,Default,111111111111,Empty,RyuJit,Default,X64,8c5e7fda-e8bf-4a96-9a85-a6e23a8c635c,.NET 8.0,False,True,False,True,Default,Default,False,False,True,Default,Default,Default,Default,Default,Default,Default,Default,Default,Default,Default,Default,Default,Default,Default,Default,Default,16,Default,DotNetTips.Spargine.Extensions.BenchmarkTests,Strings,32,"3,420.324 ns",6.5865 ns,5.8387 ns,1.5605 ns,"3,406.758 ns","3,418.575 ns","3,421.218 ns","3,423.679 ns","3,429.288 ns","292,369.9",6.5865 ns,14.00,2.9388,2.000,-0.7339,63,*,No,0.0000,0.0610,0.0000,0.0000,"1,110 B",0.0000,5600 B
FromBase64,Job-JBOTOK,False,True,Default,Default,Default,Default,Default,111111111111,Empty,RyuJit,Default,X64,8c5e7fda-e8bf-4a96-9a85-a6e23a8c635c,.NET 8.0,False,True,False,True,Default,Default,False,False,True,Default,Default,Default,Default,Default,Default,Default,Default,Default,Default,Default,Default,Default,Default,Default,Default,Default,16,Default,DotNetTips.Spargine.Extensions.BenchmarkTests,Strings,64,"6,790.156 ns",11.0695 ns,9.8128 ns,2.6226 ns,"6,771.414 ns","6,786.617 ns","6,787.959 ns","6,796.173 ns","6,807.700 ns","147,272.0",11.0695 ns,14.00,2.3427,2.000,0.1410,75,*,No,0.0000,0.1221,0.0000,0.0000,"1,110 B",0.0000,11072 B
FromBase64,Job-JBOTOK,False,True,Default,Default,Default,Default,Default,111111111111,Empty,RyuJit,Default,X64,8c5e7fda-e8bf-4a96-9a85-a6e23a8c635c,.NET 8.0,False,True,False,True,Default,Default,False,False,True,Default,Default,Default,Default,Default,Default,Default,Default,Default,Default,Default,Default,Default,Default,Default,Default,Default,16,Default,DotNetTips.Spargine.Extensions.BenchmarkTests,Strings,128,"12,624.803 ns",33.9155 ns,31.7245 ns,8.1912 ns,"12,578.535 ns","12,599.265 ns","12,615.963 ns","12,647.726 ns","12,684.864 ns","79,209.2",33.9155 ns,15.00,1.9232,2.000,0.4372,87,*,No,0.0000,0.2441,0.0000,0.0000,"1,126 B",0.0000,22016 B
FromBase64,Job-JBOTOK,False,True,Default,Default,Default,Default,Default,111111111111,Empty,RyuJit,Default,X64,8c5e7fda-e8bf-4a96-9a85-a6e23a8c635c,.NET 8.0,False,True,False,True,Default,Default,False,False,True,Default,Default,Default,Default,Default,Default,Default,Default,Default,Default,Default,Default,Default,Default,Default,Default,Default,16,Default,DotNetTips.Spargine.Extensions.BenchmarkTests,Strings,256,"25,374.221 ns",75.2879 ns,70.4244 ns,18.1835 ns,"25,271.332 ns","25,326.692 ns","25,379.086 ns","25,410.155 ns","25,516.370 ns","39,410.1",75.2879 ns,15.00,2.2245,2.000,0.2706,97,*,No,0.0000,0.4883,0.0000,0.0000,"1,126 B",0.0000,43904 B
FromBrotliStringAsync,Job-JBOTOK,False,True,Default,Default,Default,Default,Default,111111111111,Empty,RyuJit,Default,X64,8c5e7fda-e8bf-4a96-9a85-a6e23a8c635c,.NET 8.0,False,True,False,True,Default,Default,False,False,True,Default,Default,Default,Default,Default,Default,Default,Default,Default,Default,Default,Default,Default,Default,Default,Default,Default,16,Default,DotNetTips.Spargine.Extensions.BenchmarkTests,"**NEW**,Strings,Async",2,"5,208.776 ns",37.0241 ns,34.6323 ns,8.9420 ns,"5,148.801 ns","5,180.325 ns","5,211.179 ns","5,238.455 ns","5,261.223 ns","191,983.7",37.0241 ns,15.00,1.5547,2.000,-0.0867,69,*,No,0.0000,0.0153,1.0302,0.0000,511 B,0.0000,1704 B
FromBrotliStringAsync,Job-JBOTOK,False,True,Default,Default,Default,Default,Default,111111111111,Empty,RyuJit,Default,X64,8c5e7fda-e8bf-4a96-9a85-a6e23a8c635c,.NET 8.0,False,True,False,True,Default,Default,False,False,True,Default,Default,Default,Default,Default,Default,Default,Default,Default,Default,Default,Default,Default,Default,Default,Default,Default,16,Default,DotNetTips.Spargine.Extensions.BenchmarkTests,"**NEW**,Strings,Async",4,"6,119.723 ns",46.1540 ns,40.9143 ns,10.9348 ns,"6,060.739 ns","6,091.485 ns","6,111.951 ns","6,150.450 ns","6,207.505 ns","163,406.1",46.1540 ns,14.00,2.2506,2.000,0.4790,72,*,No,0.0000,0.0229,1.0346,0.0000,511 B,0.0000,2456 B
FromBrotliStringAsync,Job-JBOTOK,False,True,Default,Default,Default,Default,Default,111111111111,Empty,RyuJit,Default,X64,8c5e7fda-e8bf-4a96-9a85-a6e23a8c635c,.NET 8.0,False,True,False,True,Default,Default,False,False,True,Default,Default,Default,Default,Default,Default,Default,Default,Default,Default,Default,Default,Default,Default,Default,Default,Default,16,Default,DotNetTips.Spargine.Extensions.BenchmarkTests,"**NEW**,Strings,Async",8,"8,676.436 ns",59.0961 ns,55.2785 ns,14.2729 ns,"8,572.192 ns","8,646.800 ns","8,664.186 ns","8,718.991 ns","8,769.325 ns","115,254.7",59.0961 ns,15.00,2.0503,2.000,-0.0699,80,*,No,0.0000,0.0305,1.0158,0.0000,511 B,0.0000,4024 B
FromBrotliStringAsync,Job-JBOTOK,False,True,Default,Default,Default,Default,Default,111111111111,Empty,RyuJit,Default,X64,8c5e7fda-e8bf-4a96-9a85-a6e23a8c635c,.NET 8.0,False,True,False,True,Default,Default,False,False,True,Default,Default,Default,Default,Default,Default,Default,Default,Default,Default,Default,Default,Default,Default,Default,Default,Default,16,Default,DotNetTips.Spargine.Extensions.BenchmarkTests,"**NEW**,Strings,Async",16,"13,739.747 ns",78.1938 ns,73.1425 ns,18.8853 ns,"13,584.064 ns","13,713.190 ns","13,744.318 ns","13,790.996 ns","13,831.180 ns","72,781.5",78.1938 ns,15.00,2.2638,2.000,-0.6648,89,*,No,0.0000,0.0610,1.0119,0.0000,511 B,0.0000,7176 B
FromBrotliStringAsync,Job-JBOTOK,False,True,Default,Default,Default,Default,Default,111111111111,Empty,RyuJit,Default,X64,8c5e7fda-e8bf-4a96-9a85-a6e23a8c635c,.NET 8.0,False,True,False,True,Default,Default,False,False,True,Default,Default,Default,Default,Default,Default,Default,Default,Default,Default,Default,Default,Default,Default,Default,Default,Default,16,Default,DotNetTips.Spargine.Extensions.BenchmarkTests,"**NEW**,Strings,Async",32,"26,590.232 ns",78.3915 ns,69.4920 ns,18.5725 ns,"26,486.308 ns","26,541.351 ns","26,590.591 ns","26,631.673 ns","26,716.518 ns","37,607.8",78.3915 ns,14.00,1.8849,2.000,0.0005,98,*,No,0.0000,0.1221,1.0003,0.0000,511 B,0.0000,13425 B
FromBrotliStringAsync,Job-JBOTOK,False,True,Default,Default,Default,Default,Default,111111111111,Empty,RyuJit,Default,X64,8c5e7fda-e8bf-4a96-9a85-a6e23a8c635c,.NET 8.0,False,True,False,True,Default,Default,False,False,True,Default,Default,Default,Default,Default,Default,Default,Default,Default,Default,Default,Default,Default,Default,Default,Default,Default,16,Default,DotNetTips.Spargine.Extensions.BenchmarkTests,"**NEW**,Strings,Async",64,"44,724.395 ns",277.5234 ns,259.5956 ns,67.0273 ns,"44,181.918 ns","44,580.923 ns","44,786.325 ns","44,900.772 ns","45,122.208 ns","22,359.2",277.5234 ns,15.00,2.3743,2.000,-0.6246,103,*,No,0.0000,0.2441,1.0002,0.0000,511 B,0.0000,25849 B
FromBrotliStringAsync,Job-JBOTOK,False,True,Default,Default,Default,Default,Default,111111111111,Empty,RyuJit,Default,X64,8c5e7fda-e8bf-4a96-9a85-a6e23a8c635c,.NET 8.0,False,True,False,True,Default,Default,False,False,True,Default,Default,Default,Default,Default,Default,Default,Default,Default,Default,Default,Default,Default,Default,Default,Default,Default,16,Default,DotNetTips.Spargine.Extensions.BenchmarkTests,"**NEW**,Strings,Async",128,"77,545.470 ns",293.6967 ns,274.7240 ns,70.9334 ns,"77,142.365 ns","77,347.339 ns","77,476.154 ns","77,720.123 ns","78,095.966 ns","12,895.7",293.6967 ns,15.00,1.9595,2.000,0.1912,108,*,No,0.0000,0.4883,1.0007,0.0000,511 B,0.0000,50634 B
FromBrotliStringAsync,Job-JBOTOK,False,True,Default,Default,Default,Default,Default,111111111111,Empty,RyuJit,Default,X64,8c5e7fda-e8bf-4a96-9a85-a6e23a8c635c,.NET 8.0,False,True,False,True,Default,Default,False,False,True,Default,Default,Default,Default,Default,Default,Default,Default,Default,Default,Default,Default,Default,Default,Default,Default,Default,16,Default,DotNetTips.Spargine.Extensions.BenchmarkTests,"**NEW**,Strings,Async",256,"145,037.277 ns",722.3229 ns,675.6613 ns,174.4550 ns,"144,195.068 ns","144,482.312 ns","144,977.222 ns","145,417.908 ns","146,476.270 ns","6,894.8",722.3229 ns,15.00,2.1068,2.000,0.5133,113,*,No,0.0000,0.9766,1.0000,0.0000,511 B,0.0000,100186 B
FromGZipStringAsync,Job-JBOTOK,False,True,Default,Default,Default,Default,Default,111111111111,Empty,RyuJit,Default,X64,8c5e7fda-e8bf-4a96-9a85-a6e23a8c635c,.NET 8.0,False,True,False,True,Default,Default,False,False,True,Default,Default,Default,Default,Default,Default,Default,Default,Default,Default,Default,Default,Default,Default,Default,Default,Default,16,Default,DotNetTips.Spargine.Extensions.BenchmarkTests,"**NEW**,Strings,Async",2,"5,025.847 ns",20.4530 ns,19.1317 ns,4.9398 ns,"5,001.785 ns","5,011.375 ns","5,023.319 ns","5,033.357 ns","5,063.284 ns","198,971.4",20.4530 ns,15.00,2.1084,2.000,0.5968,68,*,No,0.0000,0.0153,1.0296,0.0000,511 B,0.0000,1880 B
FromGZipStringAsync,Job-JBOTOK,False,True,Default,Default,Default,Default,Default,111111111111,Empty,RyuJit,Default,X64,8c5e7fda-e8bf-4a96-9a85-a6e23a8c635c,.NET 8.0,False,True,False,True,Default,Default,False,False,True,Default,Default,Default,Default,Default,Default,Default,Default,Default,Default,Default,Default,Default,Default,Default,Default,Default,16,Default,DotNetTips.Spargine.Extensions.BenchmarkTests,"**NEW**,Strings,Async",4,"5,922.541 ns",25.6215 ns,23.9663 ns,6.1881 ns,"5,879.794 ns","5,903.962 ns","5,924.850 ns","5,941.104 ns","5,958.029 ns","168,846.4",25.6215 ns,15.00,1.6836,2.000,-0.2081,71,*,No,0.0000,0.0229,1.0213,0.0000,511 B,0.0000,2624 B
FromGZipStringAsync,Job-JBOTOK,False,True,Default,Default,Default,Default,Default,111111111111,Empty,RyuJit,Default,X64,8c5e7fda-e8bf-4a96-9a85-a6e23a8c635c,.NET 8.0,False,True,False,True,Default,Default,False,False,True,Default,Default,Default,Default,Default,Default,Default,Default,Default,Default,Default,Default,Default,Default,Default,Default,Default,16,Default,DotNetTips.Spargine.Extensions.BenchmarkTests,"**NEW**,Strings,Async",8,"7,755.355 ns",82.7406 ns,77.3956 ns,19.9835 ns,"7,664.201 ns","7,701.303 ns","7,741.474 ns","7,798.311 ns","7,938.445 ns","128,943.2",82.7406 ns,15.00,2.7347,2.000,0.8078,78,*,No,0.0000,0.0458,1.0264,0.0000,511 B,0.0000,4192 B
FromGZipStringAsync,Job-JBOTOK,False,True,Default,Default,Default,Default,Default,111111111111,Empty,RyuJit,Default,X64,8c5e7fda-e8bf-4a96-9a85-a6e23a8c635c,.NET 8.0,False,True,False,True,Default,Default,False,False,True,Default,Default,Default,Default,Default,Default,Default,Default,Default,Default,Default,Default,Default,Default,Default,Default,Default,16,Default,DotNetTips.Spargine.Extensions.BenchmarkTests,"**NEW**,Strings,Async",16,"11,110.890 ns",41.6831 ns,36.9510 ns,9.8756 ns,"11,048.979 ns","11,085.726 ns","11,107.529 ns","11,132.555 ns","11,191.875 ns","90,001.8",41.6831 ns,14.00,2.4644,2.000,0.3910,84,*,No,0.0000,0.0763,1.0076,0.0001,511 B,0.0000,7320 B
FromGZipStringAsync,Job-JBOTOK,False,True,Default,Default,Default,Default,Default,111111111111,Empty,RyuJit,Default,X64,8c5e7fda-e8bf-4a96-9a85-a6e23a8c635c,.NET 8.0,False,True,False,True,Default,Default,False,False,True,Default,Default,Default,Default,Default,Default,Default,Default,Default,Default,Default,Default,Default,Default,Default,Default,Default,16,Default,DotNetTips.Spargine.Extensions.BenchmarkTests,"**NEW**,Strings,Async",32,"21,423.453 ns",87.2928 ns,81.6538 ns,21.0829 ns,"21,248.715 ns","21,391.498 ns","21,424.625 ns","21,489.474 ns","21,534.341 ns","46,677.8",87.2928 ns,15.00,2.2428,2.000,-0.5281,95,*,No,0.0000,0.1221,1.0002,0.0000,511 B,0.0000,13577 B
FromGZipStringAsync,Job-JBOTOK,False,True,Default,Default,Default,Default,Default,111111111111,Empty,RyuJit,Default,X64,8c5e7fda-e8bf-4a96-9a85-a6e23a8c635c,.NET 8.0,False,True,False,True,Default,Default,False,False,True,Default,Default,Default,Default,Default,Default,Default,Default,Default,Default,Default,Default,Default,Default,Default,Default,Default,16,Default,DotNetTips.Spargine.Extensions.BenchmarkTests,"**NEW**,Strings,Async",64,"34,084.205 ns",233.3112 ns,218.2395 ns,56.3492 ns,"33,637.289 ns","34,041.547 ns","34,102.902 ns","34,246.103 ns","34,363.443 ns","29,339.1",233.3112 ns,15.00,2.3622,2.000,-0.5674,102,*,No,0.0000,0.2441,1.0001,0.0000,511 B,0.0000,26025 B
FromGZipStringAsync,Job-JBOTOK,False,True,Default,Default,Default,Default,Default,111111111111,Empty,RyuJit,Default,X64,8c5e7fda-e8bf-4a96-9a85-a6e23a8c635c,.NET 8.0,False,True,False,True,Default,Default,False,False,True,Default,Default,Default,Default,Default,Default,Default,Default,Default,Default,Default,Default,Default,Default,Default,Default,Default,16,Default,DotNetTips.Spargine.Extensions.BenchmarkTests,"**NEW**,Strings,Async",128,"58,460.045 ns",142.8161 ns,133.5903 ns,34.4929 ns,"58,165.781 ns","58,418.277 ns","58,474.161 ns","58,542.313 ns","58,644.766 ns","17,105.7",142.8161 ns,15.00,2.7126,2.000,-0.7603,105,*,No,0.0000,0.5493,1.0002,0.0001,511 B,0.0000,50785 B
FromGZipStringAsync,Job-JBOTOK,False,True,Default,Default,Default,Default,Default,111111111111,Empty,RyuJit,Default,X64,8c5e7fda-e8bf-4a96-9a85-a6e23a8c635c,.NET 8.0,False,True,False,True,Default,Default,False,False,True,Default,Default,Default,Default,Default,Default,Default,Default,Default,Default,Default,Default,Default,Default,Default,Default,Default,16,Default,DotNetTips.Spargine.Extensions.BenchmarkTests,"**NEW**,Strings,Async",256,"110,700.812 ns",187.1153 ns,175.0278 ns,45.1920 ns,"110,344.147 ns","110,589.648 ns","110,659.857 ns","110,864.636 ns","110,962.274 ns","9,033.4",187.1153 ns,15.00,1.9413,2.000,-0.2263,112,*,No,0.0000,1.0986,1.0001,0.0001,511 B,0.0000,100257 B
RemoveCRLF,Job-JBOTOK,False,True,Default,Default,Default,Default,Default,111111111111,Empty,RyuJit,Default,X64,8c5e7fda-e8bf-4a96-9a85-a6e23a8c635c,.NET 8.0,False,True,False,True,Default,Default,False,False,True,Default,Default,Default,Default,Default,Default,Default,Default,Default,Default,Default,Default,Default,Default,Default,Default,Default,16,Default,DotNetTips.Spargine.Extensions.BenchmarkTests,Strings,2,875.146 ns,1.1909 ns,0.9945 ns,0.2758 ns,873.549 ns,874.679 ns,875.034 ns,875.504 ns,877.411 ns,"1,142,665.9",1.1909 ns,13.00,2.8718,2.000,0.5254,40,*,No,0.0000,0.0086,0.0000,0.0000,"5,238 B",0.0000,800 B
RemoveCRLF,Job-JBOTOK,False,True,Default,Default,Default,Default,Default,111111111111,Empty,RyuJit,Default,X64,8c5e7fda-e8bf-4a96-9a85-a6e23a8c635c,.NET 8.0,False,True,False,True,Default,Default,False,False,True,Default,Default,Default,Default,Default,Default,Default,Default,Default,Default,Default,Default,Default,Default,Default,Default,Default,16,Default,DotNetTips.Spargine.Extensions.BenchmarkTests,Strings,4,"1,434.659 ns",4.5021 ns,4.2113 ns,1.0874 ns,"1,426.267 ns","1,432.964 ns","1,434.041 ns","1,437.169 ns","1,442.079 ns","697,029.9",4.5021 ns,15.00,2.3336,2.000,-0.1424,46,*,No,0.0000,0.0153,0.0000,0.0000,"5,237 B",0.0000,1480 B
RemoveCRLF,Job-JBOTOK,False,True,Default,Default,Default,Default,Default,111111111111,Empty,RyuJit,Default,X64,8c5e7fda-e8bf-4a96-9a85-a6e23a8c635c,.NET 8.0,False,True,False,True,Default,Default,False,False,True,Default,Default,Default,Default,Default,Default,Default,Default,Default,Default,Default,Default,Default,Default,Default,Default,Default,16,Default,DotNetTips.Spargine.Extensions.BenchmarkTests,Strings,8,"2,490.154 ns",23.7857 ns,22.2492 ns,5.7447 ns,"2,462.463 ns","2,467.369 ns","2,502.185 ns","2,507.336 ns","2,517.329 ns","401,581.6",23.7857 ns,15.00,1.0581,2.000,-0.0678,57,*,No,0.0000,0.0305,0.0000,0.0000,"5,236 B",0.0000,2848 B
RemoveCRLF,Job-JBOTOK,False,True,Default,Default,Default,Default,Default,111111111111,Empty,RyuJit,Default,X64,8c5e7fda-e8bf-4a96-9a85-a6e23a8c635c,.NET 8.0,False,True,False,True,Default,Default,False,False,True,Default,Default,Default,Default,Default,Default,Default,Default,Default,Default,Default,Default,Default,Default,Default,Default,Default,16,Default,DotNetTips.Spargine.Extensions.BenchmarkTests,Strings,16,"4,648.845 ns",33.3020 ns,31.1507 ns,8.0431 ns,"4,597.155 ns","4,628.022 ns","4,658.606 ns","4,676.354 ns","4,693.285 ns","215,107.2",33.3020 ns,15.00,1.6166,2.000,-0.2937,67,*,No,0.0000,0.0610,0.0000,0.0000,"5,238 B",0.0000,5584 B
RemoveCRLF,Job-JBOTOK,False,True,Default,Default,Default,Default,Default,111111111111,Empty,RyuJit,Default,X64,8c5e7fda-e8bf-4a96-9a85-a6e23a8c635c,.NET 8.0,False,True,False,True,Default,Default,False,False,True,Default,Default,Default,Default,Default,Default,Default,Default,Default,Default,Default,Default,Default,Default,Default,Default,Default,16,Default,DotNetTips.Spargine.Extensions.BenchmarkTests,Strings,32,"8,845.459 ns",90.6896 ns,84.8311 ns,21.9033 ns,"8,735.321 ns","8,768.700 ns","8,874.026 ns","8,914.700 ns","8,957.193 ns","113,052.4",90.6896 ns,15.00,1.1589,2.000,-0.0048,81,*,No,0.0000,0.1068,0.0000,0.0000,"5,233 B",0.0000,11056 B
RemoveCRLF,Job-JBOTOK,False,True,Default,Default,Default,Default,Default,111111111111,Empty,RyuJit,Default,X64,8c5e7fda-e8bf-4a96-9a85-a6e23a8c635c,.NET 8.0,False,True,False,True,Default,Default,False,False,True,Default,Default,Default,Default,Default,Default,Default,Default,Default,Default,Default,Default,Default,Default,Default,Default,Default,16,Default,DotNetTips.Spargine.Extensions.BenchmarkTests,Strings,64,"16,981.560 ns",136.6554 ns,127.8275 ns,33.0049 ns,"16,734.789 ns","16,873.830 ns","17,015.593 ns","17,070.132 ns","17,167.403 ns","58,887.4",136.6554 ns,15.00,1.8250,2.000,-0.4591,92,*,No,0.0000,0.2441,0.0000,0.0000,"5,234 B",0.0000,22000 B
RemoveCRLF,Job-JBOTOK,False,True,Default,Default,Default,Default,Default,111111111111,Empty,RyuJit,Default,X64,8c5e7fda-e8bf-4a96-9a85-a6e23a8c635c,.NET 8.0,False,True,False,True,Default,Default,False,False,True,Default,Default,Default,Default,Default,Default,Default,Default,Default,Default,Default,Default,Default,Default,Default,Default,Default,16,Default,DotNetTips.Spargine.Extensions.BenchmarkTests,Strings,128,"34,183.327 ns",129.0891 ns,120.7500 ns,31.1775 ns,"33,946.640 ns","34,124.310 ns","34,148.984 ns","34,257.584 ns","34,383.334 ns","29,254.0",129.0891 ns,15.00,2.1695,2.000,0.1050,102,*,No,0.0000,0.4883,0.0000,0.0000,"5,233 B",0.0000,43888 B
RemoveCRLF,Job-JBOTOK,False,True,Default,Default,Default,Default,Default,111111111111,Empty,RyuJit,Default,X64,8c5e7fda-e8bf-4a96-9a85-a6e23a8c635c,.NET 8.0,False,True,False,True,Default,Default,False,False,True,Default,Default,Default,Default,Default,Default,Default,Default,Default,Default,Default,Default,Default,Default,Default,Default,Default,16,Default,DotNetTips.Spargine.Extensions.BenchmarkTests,Strings,256,"68,502.329 ns",625.2224 ns,584.8334 ns,151.0033 ns,"67,819.092 ns","67,905.438 ns","68,926.135 ns","69,017.328 ns","69,164.417 ns","14,598.0",625.2224 ns,15.00,0.9456,2.000,-0.1141,107,*,No,0.0000,0.9766,0.0000,0.0000,"5,238 B",0.0000,87664 B
Split,Job-JBOTOK,False,True,Default,Default,Default,Default,Default,111111111111,Empty,RyuJit,Default,X64,8c5e7fda-e8bf-4a96-9a85-a6e23a8c635c,.NET 8.0,False,True,False,True,Default,Default,False,False,True,Default,Default,Default,Default,Default,Default,Default,Default,Default,Default,Default,Default,Default,Default,Default,Default,Default,16,Default,DotNetTips.Spargine.Extensions.BenchmarkTests,"**FOR COMPARISON**,Strings",2,98.498 ns,0.6424 ns,0.6009 ns,0.1551 ns,97.790 ns,97.982 ns,98.321 ns,99.007 ns,99.585 ns,"10,152,463.2",0.6424 ns,15.00,1.5351,2.000,0.3590,10,*,No,0.0000,0.0035,0.0000,0.0000,885 B,0.0000,320 B
Split,Job-JBOTOK,False,True,Default,Default,Default,Default,Default,111111111111,Empty,RyuJit,Default,X64,8c5e7fda-e8bf-4a96-9a85-a6e23a8c635c,.NET 8.0,False,True,False,True,Default,Default,False,False,True,Default,Default,Default,Default,Default,Default,Default,Default,Default,Default,Default,Default,Default,Default,Default,Default,Default,16,Default,DotNetTips.Spargine.Extensions.BenchmarkTests,"**FOR COMPARISON**,Strings",4,166.378 ns,0.3864 ns,0.3227 ns,0.0895 ns,165.727 ns,166.319 ns,166.435 ns,166.559 ns,166.882 ns,"6,010,398.4",0.3864 ns,13.00,2.5448,2.000,-0.6811,17,*,No,0.0000,0.0064,0.0000,0.0000,885 B,0.0000,608 B
Split,Job-JBOTOK,False,True,Default,Default,Default,Default,Default,111111111111,Empty,RyuJit,Default,X64,8c5e7fda-e8bf-4a96-9a85-a6e23a8c635c,.NET 8.0,False,True,False,True,Default,Default,False,False,True,Default,Default,Default,Default,Default,Default,Default,Default,Default,Default,Default,Default,Default,Default,Default,Default,Default,16,Default,DotNetTips.Spargine.Extensions.BenchmarkTests,"**FOR COMPARISON**,Strings",8,311.936 ns,1.2971 ns,1.0831 ns,0.3004 ns,310.129 ns,311.279 ns,311.955 ns,312.256 ns,314.245 ns,"3,205,786.7",1.2971 ns,13.00,2.6807,2.000,0.3756,24,*,No,0.0000,0.0129,0.0000,0.0000,885 B,0.0000,1184 B
Split,Job-JBOTOK,False,True,Default,Default,Default,Default,Default,111111111111,Empty,RyuJit,Default,X64,8c5e7fda-e8bf-4a96-9a85-a6e23a8c635c,.NET 8.0,False,True,False,True,Default,Default,False,False,True,Default,Default,Default,Default,Default,Default,Default,Default,Default,Default,Default,Default,Default,Default,Default,Default,Default,16,Default,DotNetTips.Spargine.Extensions.BenchmarkTests,"**FOR COMPARISON**,Strings",16,634.959 ns,2.1789 ns,2.0382 ns,0.5263 ns,630.880 ns,633.610 ns,635.317 ns,636.290 ns,637.980 ns,"1,574,905.4",2.1789 ns,15.00,2.0411,2.000,-0.4200,36,*,No,0.0000,0.0248,0.0000,0.0000,885 B,0.0000,2336 B
Split,Job-JBOTOK,False,True,Default,Default,Default,Default,Default,111111111111,Empty,RyuJit,Default,X64,8c5e7fda-e8bf-4a96-9a85-a6e23a8c635c,.NET 8.0,False,True,False,True,Default,Default,False,False,True,Default,Default,Default,Default,Default,Default,Default,Default,Default,Default,Default,Default,Default,Default,Default,Default,Default,16,Default,DotNetTips.Spargine.Extensions.BenchmarkTests,"**FOR COMPARISON**,Strings",32,"1,206.088 ns",4.6445 ns,4.3445 ns,1.1217 ns,"1,199.148 ns","1,201.783 ns","1,206.866 ns","1,209.333 ns","1,212.742 ns","829,126.7",4.6445 ns,15.00,1.5555,2.000,-0.1416,44,*,No,0.0000,0.0496,0.0000,0.0000,885 B,0.0000,4640 B
Split,Job-JBOTOK,False,True,Default,Default,Default,Default,Default,111111111111,Empty,RyuJit,Default,X64,8c5e7fda-e8bf-4a96-9a85-a6e23a8c635c,.NET 8.0,False,True,False,True,Default,Default,False,False,True,Default,Default,Default,Default,Default,Default,Default,Default,Default,Default,Default,Default,Default,Default,Default,Default,Default,16,Default,DotNetTips.Spargine.Extensions.BenchmarkTests,"**FOR COMPARISON**,Strings",64,"2,365.649 ns",9.4591 ns,7.8988 ns,2.1907 ns,"2,346.058 ns","2,362.422 ns","2,366.182 ns","2,369.892 ns","2,378.011 ns","422,716.9",9.4591 ns,13.00,3.5572,2.000,-0.8163,56,*,No,0.0000,0.0992,0.0000,0.0000,885 B,0.0000,9248 B
Split,Job-JBOTOK,False,True,Default,Default,Default,Default,Default,111111111111,Empty,RyuJit,Default,X64,8c5e7fda-e8bf-4a96-9a85-a6e23a8c635c,.NET 8.0,False,True,False,True,Default,Default,False,False,True,Default,Default,Default,Default,Default,Default,Default,Default,Default,Default,Default,Default,Default,Default,Default,Default,Default,16,Default,DotNetTips.Spargine.Extensions.BenchmarkTests,"**FOR COMPARISON**,Strings",128,"4,709.670 ns",16.7421 ns,15.6605 ns,4.0435 ns,"4,683.845 ns","4,697.284 ns","4,709.394 ns","4,722.161 ns","4,737.150 ns","212,329.1",16.7421 ns,15.00,1.7631,2.000,0.2131,67,*,No,0.0000,0.1984,0.0000,0.0000,885 B,0.0000,18464 B
Split,Job-JBOTOK,False,True,Default,Default,Default,Default,Default,111111111111,Empty,RyuJit,Default,X64,8c5e7fda-e8bf-4a96-9a85-a6e23a8c635c,.NET 8.0,False,True,False,True,Default,Default,False,False,True,Default,Default,Default,Default,Default,Default,Default,Default,Default,Default,Default,Default,Default,Default,Default,Default,Default,16,Default,DotNetTips.Spargine.Extensions.BenchmarkTests,"**FOR COMPARISON**,Strings",256,"9,704.839 ns",75.0243 ns,70.1777 ns,18.1198 ns,"9,567.752 ns","9,674.139 ns","9,710.309 ns","9,752.313 ns","9,792.830 ns","103,041.4",75.0243 ns,15.00,2.3866,2.000,-0.6290,82,*,No,0.0000,0.3967,0.0000,0.0000,885 B,0.0153,36896 B
SplitLines,Job-JBOTOK,False,True,Default,Default,Default,Default,Default,111111111111,Empty,RyuJit,Default,X64,8c5e7fda-e8bf-4a96-9a85-a6e23a8c635c,.NET 8.0,False,True,False,True,Default,Default,False,False,True,Default,Default,Default,Default,Default,Default,Default,Default,Default,Default,Default,Default,Default,Default,Default,Default,Default,16,Default,DotNetTips.Spargine.Extensions.BenchmarkTests,Strings,2,113.971 ns,0.2759 ns,0.2446 ns,0.0654 ns,113.546 ns,113.775 ns,113.964 ns,114.169 ns,114.384 ns,"8,774,196.3",0.2759 ns,14.00,1.6279,2.000,0.0063,12,*,No,0.0000,0.0056,0.0000,0.0000,"3,098 B",0.0000,520 B
SplitLines,Job-JBOTOK,False,True,Default,Default,Default,Default,Default,111111111111,Empty,RyuJit,Default,X64,8c5e7fda-e8bf-4a96-9a85-a6e23a8c635c,.NET 8.0,False,True,False,True,Default,Default,False,False,True,Default,Default,Default,Default,Default,Default,Default,Default,Default,Default,Default,Default,Default,Default,Default,Default,Default,16,Default,DotNetTips.Spargine.Extensions.BenchmarkTests,Strings,4,210.494 ns,0.4988 ns,0.4666 ns,0.1205 ns,209.892 ns,210.152 ns,210.436 ns,210.688 ns,211.458 ns,"4,750,725.2",0.4988 ns,15.00,2.1784,2.000,0.5564,19,*,No,0.0000,0.0110,0.0000,0.0000,"3,074 B",0.0000,1024 B
SplitLines,Job-JBOTOK,False,True,Default,Default,Default,Default,Default,111111111111,Empty,RyuJit,Default,X64,8c5e7fda-e8bf-4a96-9a85-a6e23a8c635c,.NET 8.0,False,True,False,True,Default,Default,False,False,True,Default,Default,Default,Default,Default,Default,Default,Default,Default,Default,Default,Default,Default,Default,Default,Default,Default,16,Default,DotNetTips.Spargine.Extensions.BenchmarkTests,Strings,8,413.977 ns,1.4374 ns,1.2003 ns,0.3329 ns,411.738 ns,413.393 ns,414.019 ns,414.477 ns,415.969 ns,"2,415,595.9",1.4374 ns,13.00,2.1526,2.000,-0.0160,29,*,No,0.0000,0.0219,0.0000,0.0000,"3,138 B",0.0000,2024 B
SplitLines,Job-JBOTOK,False,True,Default,Default,Default,Default,Default,111111111111,Empty,RyuJit,Default,X64,8c5e7fda-e8bf-4a96-9a85-a6e23a8c635c,.NET 8.0,False,True,False,True,Default,Default,False,False,True,Default,Default,Default,Default,Default,Default,Default,Default,Default,Default,Default,Default,Default,Default,Default,Default,Default,16,Default,DotNetTips.Spargine.Extensions.BenchmarkTests,Strings,16,814.103 ns,3.5086 ns,3.2820 ns,0.8474 ns,809.376 ns,810.990 ns,814.256 ns,816.534 ns,819.768 ns,"1,228,346.2",3.5086 ns,15.00,1.6217,2.000,-0.1080,38,*,No,0.0000,0.0439,0.0000,0.0000,"3,081 B",0.0000,4024 B
SplitLines,Job-JBOTOK,False,True,Default,Default,Default,Default,Default,111111111111,Empty,RyuJit,Default,X64,8c5e7fda-e8bf-4a96-9a85-a6e23a8c635c,.NET 8.0,False,True,False,True,Default,Default,False,False,True,Default,Default,Default,Default,Default,Default,Default,Default,Default,Default,Default,Default,Default,Default,Default,Default,Default,16,Default,DotNetTips.Spargine.Extensions.BenchmarkTests,Strings,32,"1,600.788 ns",8.0164 ns,7.4985 ns,1.9361 ns,"1,589.955 ns","1,596.812 ns","1,601.541 ns","1,605.154 ns","1,615.876 ns","624,692.3",8.0164 ns,15.00,2.1879,2.000,0.1706,49,*,No,0.0000,0.0877,0.0000,0.0000,"3,091 B",0.0000,8024 B
SplitLines,Job-JBOTOK,False,True,Default,Default,Default,Default,Default,111111111111,Empty,RyuJit,Default,X64,8c5e7fda-e8bf-4a96-9a85-a6e23a8c635c,.NET 8.0,False,True,False,True,Default,Default,False,False,True,Default,Default,Default,Default,Default,Default,Default,Default,Default,Default,Default,Default,Default,Default,Default,Default,Default,16,Default,DotNetTips.Spargine.Extensions.BenchmarkTests,Strings,64,"3,221.881 ns",10.9680 ns,10.2594 ns,2.6490 ns,"3,205.555 ns","3,215.760 ns","3,220.655 ns","3,229.784 ns","3,240.455 ns","310,377.7",10.9680 ns,15.00,1.8504,2.000,0.0083,62,*,No,0.0000,0.1755,0.0000,0.0000,"3,084 B",0.0000,16024 B
SplitLines,Job-JBOTOK,False,True,Default,Default,Default,Default,Default,111111111111,Empty,RyuJit,Default,X64,8c5e7fda-e8bf-4a96-9a85-a6e23a8c635c,.NET 8.0,False,True,False,True,Default,Default,False,False,True,Default,Default,Default,Default,Default,Default,Default,Default,Default,Default,Default,Default,Default,Default,Default,Default,Default,16,Default,DotNetTips.Spargine.Extensions.BenchmarkTests,Strings,128,"6,472.479 ns",30.8054 ns,28.8154 ns,7.4401 ns,"6,421.161 ns","6,459.969 ns","6,472.374 ns","6,485.249 ns","6,518.699 ns","154,500.3",30.8054 ns,15.00,2.2071,2.000,-0.2169,73,*,No,0.0000,0.3510,0.0000,0.0000,"3,091 B",0.0000,32024 B
SplitLines,Job-JBOTOK,False,True,Default,Default,Default,Default,Default,111111111111,Empty,RyuJit,Default,X64,8c5e7fda-e8bf-4a96-9a85-a6e23a8c635c,.NET 8.0,False,True,False,True,Default,Default,False,False,True,Default,Default,Default,Default,Default,Default,Default,Default,Default,Default,Default,Default,Default,Default,Default,Default,Default,16,Default,DotNetTips.Spargine.Extensions.BenchmarkTests,Strings,256,"13,162.827 ns",96.6976 ns,90.4510 ns,23.3543 ns,"13,009.790 ns","13,101.369 ns","13,154.237 ns","13,221.996 ns","13,316.234 ns","75,971.5",96.6976 ns,15.00,1.8822,2.000,0.0958,88,*,No,0.0000,0.7019,0.0000,0.0000,"3,099 B",0.0000,64024 B
SplitRemoveEmpty,Job-JBOTOK,False,True,Default,Default,Default,Default,Default,111111111111,Empty,RyuJit,Default,X64,8c5e7fda-e8bf-4a96-9a85-a6e23a8c635c,.NET 8.0,False,True,False,True,Default,Default,False,False,True,Default,Default,Default,Default,Default,Default,Default,Default,Default,Default,Default,Default,Default,Default,Default,Default,Default,16,Default,DotNetTips.Spargine.Extensions.BenchmarkTests,Strings,2,110.425 ns,0.7867 ns,0.7359 ns,0.1900 ns,109.160 ns,109.816 ns,110.651 ns,110.913 ns,111.668 ns,"9,055,921.1",0.7867 ns,15.00,1.6863,2.000,-0.1385,11,*,No,0.0000,0.0039,0.0000,0.0000,"3,538 B",0.0000,368 B
SplitRemoveEmpty,Job-JBOTOK,False,True,Default,Default,Default,Default,Default,111111111111,Empty,RyuJit,Default,X64,8c5e7fda-e8bf-4a96-9a85-a6e23a8c635c,.NET 8.0,False,True,False,True,Default,Default,False,False,True,Default,Default,Default,Default,Default,Default,Default,Default,Default,Default,Default,Default,Default,Default,Default,Default,Default,16,Default,DotNetTips.Spargine.Extensions.BenchmarkTests,Strings,4,149.816 ns,0.4761 ns,0.4453 ns,0.1150 ns,148.988 ns,149.584 ns,149.813 ns,150.078 ns,150.654 ns,"6,674,853.5",0.4761 ns,15.00,2.2729,2.000,-0.0847,15,*,No,0.0000,0.0064,0.0000,0.0000,"3,449 B",0.0000,600 B
SplitRemoveEmpty,Job-JBOTOK,False,True,Default,Default,Default,Default,Default,111111111111,Empty,RyuJit,Default,X64,8c5e7fda-e8bf-4a96-9a85-a6e23a8c635c,.NET 8.0,False,True,False,True,Default,Default,False,False,True,Default,Default,Default,Default,Default,Default,Default,Default,Default,Default,Default,Default,Default,Default,Default,Default,Default,16,Default,DotNetTips.Spargine.Extensions.BenchmarkTests,Strings,8,230.901 ns,0.6067 ns,0.5066 ns,0.1405 ns,229.986 ns,230.550 ns,230.940 ns,231.200 ns,231.655 ns,"4,330,863.6",0.6067 ns,13.00,1.7754,2.000,-0.0903,21,*,No,0.0000,0.0114,0.0000,0.0000,"3,485 B",0.0000,1056 B
SplitRemoveEmpty,Job-JBOTOK,False,True,Default,Default,Default,Default,Default,111111111111,Empty,RyuJit,Default,X64,8c5e7fda-e8bf-4a96-9a85-a6e23a8c635c,.NET 8.0,False,True,False,True,Default,Default,False,False,True,Default,Default,Default,Default,Default,Default,Default,Default,Default,Default,Default,Default,Default,Default,Default,Default,Default,16,Default,DotNetTips.Spargine.Extensions.BenchmarkTests,Strings,16,399.038 ns,1.3093 ns,1.2247 ns,0.3162 ns,396.773 ns,398.177 ns,398.887 ns,399.683 ns,401.206 ns,"2,506,023.9",1.3093 ns,15.00,2.2861,2.000,0.1196,28,*,No,0.0000,0.0215,0.0000,0.0000,"3,441 B",0.0000,1968 B
SplitRemoveEmpty,Job-JBOTOK,False,True,Default,Default,Default,Default,Default,111111111111,Empty,RyuJit,Default,X64,8c5e7fda-e8bf-4a96-9a85-a6e23a8c635c,.NET 8.0,False,True,False,True,Default,Default,False,False,True,Default,Default,Default,Default,Default,Default,Default,Default,Default,Default,Default,Default,Default,Default,Default,Default,Default,16,Default,DotNetTips.Spargine.Extensions.BenchmarkTests,Strings,32,726.026 ns,2.5747 ns,2.2824 ns,0.6100 ns,721.320 ns,724.889 ns,726.058 ns,726.739 ns,729.900 ns,"1,377,360.4",2.5747 ns,14.00,2.4419,2.000,-0.1813,37,*,No,0.0000,0.0410,0.0000,0.0000,"3,532 B",0.0000,3792 B
SplitRemoveEmpty,Job-JBOTOK,False,True,Default,Default,Default,Default,Default,111111111111,Empty,RyuJit,Default,X64,8c5e7fda-e8bf-4a96-9a85-a6e23a8c635c,.NET 8.0,False,True,False,True,Default,Default,False,False,True,Default,Default,Default,Default,Default,Default,Default,Default,Default,Default,Default,Default,Default,Default,Default,Default,Default,16,Default,DotNetTips.Spargine.Extensions.BenchmarkTests,Strings,64,"1,381.767 ns",6.2636 ns,5.5525 ns,1.4840 ns,"1,369.410 ns","1,378.796 ns","1,383.294 ns","1,385.313 ns","1,389.121 ns","723,711.0",6.2636 ns,14.00,2.3785,2.000,-0.6820,45,*,No,0.0000,0.0820,0.0000,0.0000,"3,552 B",0.0000,7440 B
SplitRemoveEmpty,Job-JBOTOK,False,True,Default,Default,Default,Default,Default,111111111111,Empty,RyuJit,Default,X64,8c5e7fda-e8bf-4a96-9a85-a6e23a8c635c,.NET 8.0,False,True,False,True,Default,Default,False,False,True,Default,Default,Default,Default,Default,Default,Default,Default,Default,Default,Default,Default,Default,Default,Default,Default,Default,16,Default,DotNetTips.Spargine.Extensions.BenchmarkTests,Strings,128,"2,810.406 ns",13.1042 ns,11.6165 ns,3.1046 ns,"2,789.315 ns","2,806.422 ns","2,810.923 ns","2,818.027 ns","2,832.158 ns","355,820.5",13.1042 ns,14.00,2.1639,2.000,-0.1565,60,*,No,0.0000,0.1602,0.0000,0.0000,"3,468 B",0.0000,14736 B
SplitRemoveEmpty,Job-JBOTOK,False,True,Default,Default,Default,Default,Default,111111111111,Empty,RyuJit,Default,X64,8c5e7fda-e8bf-4a96-9a85-a6e23a8c635c,.NET 8.0,False,True,False,True,Default,Default,False,False,True,Default,Default,Default,Default,Default,Default,Default,Default,Default,Default,Default,Default,Default,Default,Default,Default,Default,16,Default,DotNetTips.Spargine.Extensions.BenchmarkTests,Strings,256,"5,711.353 ns",27.5210 ns,25.7431 ns,6.6469 ns,"5,659.909 ns","5,699.319 ns","5,708.582 ns","5,726.704 ns","5,750.137 ns","175,089.9",27.5210 ns,15.00,2.1202,2.000,-0.1840,70,*,No,0.0000,0.3204,0.0000,0.0000,"3,545 B",0.0000,29328 B
ToBase64,Job-JBOTOK,False,True,Default,Default,Default,Default,Default,111111111111,Empty,RyuJit,Default,X64,8c5e7fda-e8bf-4a96-9a85-a6e23a8c635c,.NET 8.0,False,True,False,True,Default,Default,False,False,True,Default,Default,Default,Default,Default,Default,Default,Default,Default,Default,Default,Default,Default,Default,Default,Default,Default,16,Default,DotNetTips.Spargine.Extensions.BenchmarkTests,Strings,2,611.172 ns,3.9922 ns,3.7343 ns,0.9642 ns,603.979 ns,608.132 ns,612.325 ns,613.741 ns,617.053 ns,"1,636,201.6",3.9922 ns,15.00,1.8516,2.000,-0.2844,35,*,No,0.0000,0.0401,0.0000,0.0000,517 B,0.0000,3688 B
ToBase64,Job-JBOTOK,False,True,Default,Default,Default,Default,Default,111111111111,Empty,RyuJit,Default,X64,8c5e7fda-e8bf-4a96-9a85-a6e23a8c635c,.NET 8.0,False,True,False,True,Default,Default,False,False,True,Default,Default,Default,Default,Default,Default,Default,Default,Default,Default,Default,Default,Default,Default,Default,Default,Default,16,Default,DotNetTips.Spargine.Extensions.BenchmarkTests,Strings,4,617.708 ns,3.3402 ns,3.1245 ns,0.8067 ns,611.525 ns,616.187 ns,617.465 ns,619.513 ns,623.225 ns,"1,618,889.1",3.3402 ns,15.00,2.2888,2.000,-0.0663,35,*,No,0.0000,0.0401,0.0000,0.0000,517 B,0.0000,3688 B
ToBase64,Job-JBOTOK,False,True,Default,Default,Default,Default,Default,111111111111,Empty,RyuJit,Default,X64,8c5e7fda-e8bf-4a96-9a85-a6e23a8c635c,.NET 8.0,False,True,False,True,Default,Default,False,False,True,Default,Default,Default,Default,Default,Default,Default,Default,Default,Default,Default,Default,Default,Default,Default,Default,Default,16,Default,DotNetTips.Spargine.Extensions.BenchmarkTests,Strings,8,612.612 ns,3.5923 ns,3.3603 ns,0.8676 ns,607.219 ns,610.815 ns,613.346 ns,614.761 ns,617.599 ns,"1,632,355.7",3.5923 ns,15.00,1.8148,2.000,-0.1910,35,*,No,0.0000,0.0401,0.0000,0.0000,517 B,0.0000,3688 B
ToBase64,Job-JBOTOK,False,True,Default,Default,Default,Default,Default,111111111111,Empty,RyuJit,Default,X64,8c5e7fda-e8bf-4a96-9a85-a6e23a8c635c,.NET 8.0,False,True,False,True,Default,Default,False,False,True,Default,Default,Default,Default,Default,Default,Default,Default,Default,Default,Default,Default,Default,Default,Default,Default,Default,16,Default,DotNetTips.Spargine.Extensions.BenchmarkTests,Strings,16,613.527 ns,3.9437 ns,3.6890 ns,0.9525 ns,607.949 ns,611.197 ns,612.995 ns,616.105 ns,620.557 ns,"1,629,920.5",3.9437 ns,15.00,1.8759,2.000,0.0629,35,*,No,0.0000,0.0401,0.0000,0.0000,539 B,0.0000,3688 B
ToBase64,Job-JBOTOK,False,True,Default,Default,Default,Default,Default,111111111111,Empty,RyuJit,Default,X64,8c5e7fda-e8bf-4a96-9a85-a6e23a8c635c,.NET 8.0,False,True,False,True,Default,Default,False,False,True,Default,Default,Default,Default,Default,Default,Default,Default,Default,Default,Default,Default,Default,Default,Default,Default,Default,16,Default,DotNetTips.Spargine.Extensions.BenchmarkTests,Strings,32,611.583 ns,4.4239 ns,4.1381 ns,1.0684 ns,604.438 ns,609.714 ns,610.844 ns,614.091 ns,618.599 ns,"1,635,099.9",4.4239 ns,15.00,1.9033,2.000,-0.0156,35,*,No,0.0000,0.0401,0.0000,0.0000,539 B,0.0000,3688 B
ToBase64,Job-JBOTOK,False,True,Default,Default,Default,Default,Default,111111111111,Empty,RyuJit,Default,X64,8c5e7fda-e8bf-4a96-9a85-a6e23a8c635c,.NET 8.0,False,True,False,True,Default,Default,False,False,True,Default,Default,Default,Default,Default,Default,Default,Default,Default,Default,Default,Default,Default,Default,Default,Default,Default,16,Default,DotNetTips.Spargine.Extensions.BenchmarkTests,Strings,64,612.510 ns,3.7596 ns,3.5168 ns,0.9080 ns,606.962 ns,609.727 ns,612.967 ns,614.866 ns,618.527 ns,"1,632,627.1",3.7596 ns,15.00,1.7591,2.000,0.0088,35,*,No,0.0000,0.0401,0.0000,0.0000,517 B,0.0000,3688 B
ToBase64,Job-JBOTOK,False,True,Default,Default,Default,Default,Default,111111111111,Empty,RyuJit,Default,X64,8c5e7fda-e8bf-4a96-9a85-a6e23a8c635c,.NET 8.0,False,True,False,True,Default,Default,False,False,True,Default,Default,Default,Default,Default,Default,Default,Default,Default,Default,Default,Default,Default,Default,Default,Default,Default,16,Default,DotNetTips.Spargine.Extensions.BenchmarkTests,Strings,128,613.611 ns,3.6473 ns,3.4117 ns,0.8809 ns,607.635 ns,611.032 ns,613.624 ns,616.400 ns,618.875 ns,"1,629,697.1",3.6473 ns,15.00,1.6567,2.000,-0.1928,35,*,No,0.0000,0.0401,0.0000,0.0000,517 B,0.0000,3688 B
ToBase64,Job-JBOTOK,False,True,Default,Default,Default,Default,Default,111111111111,Empty,RyuJit,Default,X64,8c5e7fda-e8bf-4a96-9a85-a6e23a8c635c,.NET 8.0,False,True,False,True,Default,Default,False,False,True,Default,Default,Default,Default,Default,Default,Default,Default,Default,Default,Default,Default,Default,Default,Default,Default,Default,16,Default,DotNetTips.Spargine.Extensions.BenchmarkTests,Strings,256,613.773 ns,3.2463 ns,3.0366 ns,0.7840 ns,608.531 ns,611.177 ns,614.689 ns,616.027 ns,617.738 ns,"1,629,266.6",3.2463 ns,15.00,1.6019,2.000,-0.4081,35,*,No,0.0000,0.0401,0.0000,0.0000,560 B,0.0000,3688 B
ToBrotliStringAsync,Job-JBOTOK,False,True,Default,Default,Default,Default,Default,111111111111,Empty,RyuJit,Default,X64,8c5e7fda-e8bf-4a96-9a85-a6e23a8c635c,.NET 8.0,False,True,False,True,Default,Default,False,False,True,Default,Default,Default,Default,Default,Default,Default,Default,Default,Default,Default,Default,Default,Default,Default,Default,Default,16,Default,DotNetTips.Spargine.Extensions.BenchmarkTests,"**NEW**,Strings",2,"5,908.738 ns",41.5095 ns,36.7971 ns,9.8344 ns,"5,851.625 ns","5,887.465 ns","5,904.175 ns","5,926.231 ns","5,986.029 ns","169,240.9",41.5095 ns,14.00,2.3452,2.000,0.3492,71,*,No,0.0000,0.0153,1.0302,0.0000,511 B,0.0000,1848 B
ToBrotliStringAsync,Job-JBOTOK,False,True,Default,Default,Default,Default,Default,111111111111,Empty,RyuJit,Default,X64,8c5e7fda-e8bf-4a96-9a85-a6e23a8c635c,.NET 8.0,False,True,False,True,Default,Default,False,False,True,Default,Default,Default,Default,Default,Default,Default,Default,Default,Default,Default,Default,Default,Default,Default,Default,Default,16,Default,DotNetTips.Spargine.Extensions.BenchmarkTests,"**NEW**,Strings",4,"7,422.916 ns",55.4326 ns,49.1396 ns,13.1331 ns,"7,321.721 ns","7,390.288 ns","7,424.021 ns","7,453.997 ns","7,514.783 ns","134,717.9",55.4326 ns,14.00,2.4550,2.000,-0.2315,77,*,No,0.0000,0.0153,1.0220,0.0000,511 B,0.0000,2448 B
ToBrotliStringAsync,Job-JBOTOK,False,True,Default,Default,Default,Default,Default,111111111111,Empty,RyuJit,Default,X64,8c5e7fda-e8bf-4a96-9a85-a6e23a8c635c,.NET 8.0,False,True,False,True,Default,Default,False,False,True,Default,Default,Default,Default,Default,Default,Default,Default,Default,Default,Default,Default,Default,Default,Default,Default,Default,16,Default,DotNetTips.Spargine.Extensions.BenchmarkTests,"**NEW**,Strings",8,"10,593.547 ns",41.4866 ns,38.8065 ns,10.0198 ns,"10,536.431 ns","10,556.483 ns","10,597.204 ns","10,628.199 ns","10,651.034 ns","94,397.1",41.4866 ns,15.00,1.3754,2.000,-0.0657,83,*,No,0.0000,0.0458,1.0068,0.0000,511 B,0.0000,4848 B
ToBrotliStringAsync,Job-JBOTOK,False,True,Default,Default,Default,Default,Default,111111111111,Empty,RyuJit,Default,X64,8c5e7fda-e8bf-4a96-9a85-a6e23a8c635c,.NET 8.0,False,True,False,True,Default,Default,False,False,True,Default,Default,Default,Default,Default,Default,Default,Default,Default,Default,Default,Default,Default,Default,Default,Default,Default,16,Default,DotNetTips.Spargine.Extensions.BenchmarkTests,"**NEW**,Strings",16,"18,723.012 ns",186.9661 ns,174.8882 ns,45.1559 ns,"18,365.265 ns","18,632.370 ns","18,697.403 ns","18,851.981 ns","18,972.531 ns","53,410.2",186.9661 ns,15.00,2.0302,2.000,-0.3322,93,*,No,0.0000,0.0916,1.0012,0.0002,511 B,0.0000,8457 B
ToBrotliStringAsync,Job-JBOTOK,False,True,Default,Default,Default,Default,Default,111111111111,Empty,RyuJit,Default,X64,8c5e7fda-e8bf-4a96-9a85-a6e23a8c635c,.NET 8.0,False,True,False,True,Default,Default,False,False,True,Default,Default,Default,Default,Default,Default,Default,Default,Default,Default,Default,Default,Default,Default,Default,Default,Default,16,Default,DotNetTips.Spargine.Extensions.BenchmarkTests,"**NEW**,Strings",32,"29,300.235 ns",137.4280 ns,128.5502 ns,33.1915 ns,"29,081.976 ns","29,201.944 ns","29,326.746 ns","29,369.955 ns","29,553.021 ns","34,129.4",137.4280 ns,15.00,2.0402,2.000,0.2318,100,*,No,0.0000,0.1221,1.0002,0.0001,511 B,0.0000,15545 B
ToBrotliStringAsync,Job-JBOTOK,False,True,Default,Default,Default,Default,Default,111111111111,Empty,RyuJit,Default,X64,8c5e7fda-e8bf-4a96-9a85-a6e23a8c635c,.NET 8.0,False,True,False,True,Default,Default,False,False,True,Default,Default,Default,Default,Default,Default,Default,Default,Default,Default,Default,Default,Default,Default,Default,Default,Default,16,Default,DotNetTips.Spargine.Extensions.BenchmarkTests,"**NEW**,Strings",64,"48,379.294 ns",241.9997 ns,226.3666 ns,58.4476 ns,"47,906.177 ns","48,253.531 ns","48,412.292 ns","48,535.092 ns","48,722.736 ns","20,670.0",241.9997 ns,15.00,2.3079,2.000,-0.4285,104,*,No,0.0000,0.3052,1.0002,0.0000,511 B,0.0000,28833 B
ToBrotliStringAsync,Job-JBOTOK,False,True,Default,Default,Default,Default,Default,111111111111,Empty,RyuJit,Default,X64,8c5e7fda-e8bf-4a96-9a85-a6e23a8c635c,.NET 8.0,False,True,False,True,Default,Default,False,False,True,Default,Default,Default,Default,Default,Default,Default,Default,Default,Default,Default,Default,Default,Default,Default,Default,Default,16,Default,DotNetTips.Spargine.Extensions.BenchmarkTests,"**NEW**,Strings",128,"86,789.789 ns",399.5753 ns,373.7630 ns,96.5052 ns,"86,165.344 ns","86,568.158 ns","86,743.188 ns","87,022.076 ns","87,399.561 ns","11,522.1",399.5753 ns,15.00,1.7923,2.000,0.0049,109,*,No,0.0000,0.6104,1.0001,0.0001,511 B,0.0000,55649 B
ToBrotliStringAsync,Job-JBOTOK,False,True,Default,Default,Default,Default,Default,111111111111,Empty,RyuJit,Default,X64,8c5e7fda-e8bf-4a96-9a85-a6e23a8c635c,.NET 8.0,False,True,False,True,Default,Default,False,False,True,Default,Default,Default,Default,Default,Default,Default,Default,Default,Default,Default,Default,Default,Default,Default,Default,Default,16,Default,DotNetTips.Spargine.Extensions.BenchmarkTests,"**NEW**,Strings",256,"161,746.396 ns",858.2846 ns,802.8400 ns,207.2924 ns,"160,405.371 ns","161,109.045 ns","161,896.802 ns","162,417.029 ns","163,017.554 ns","6,182.5",858.2846 ns,15.00,1.5818,2.000,-0.1211,114,*,No,0.0000,0.9766,1.0005,0.0000,511 B,0.0000,108218 B
ToGZipStringAsync,Job-JBOTOK,False,True,Default,Default,Default,Default,Default,111111111111,Empty,RyuJit,Default,X64,8c5e7fda-e8bf-4a96-9a85-a6e23a8c635c,.NET 8.0,False,True,False,True,Default,Default,False,False,True,Default,Default,Default,Default,Default,Default,Default,Default,Default,Default,Default,Default,Default,Default,Default,Default,Default,16,Default,DotNetTips.Spargine.Extensions.BenchmarkTests,"**NEW**,Strings",2,"12,110.916 ns",80.0015 ns,74.8335 ns,19.3219 ns,"12,005.040 ns","12,049.783 ns","12,131.544 ns","12,178.209 ns","12,227.263 ns","82,570.1",80.0015 ns,15.00,1.3312,2.000,0.0130,85,*,No,0.0000,0.0000,1.0055,0.0000,511 B,0.0000,1960 B
ToGZipStringAsync,Job-JBOTOK,False,True,Default,Default,Default,Default,Default,111111111111,Empty,RyuJit,Default,X64,8c5e7fda-e8bf-4a96-9a85-a6e23a8c635c,.NET 8.0,False,True,False,True,Default,Default,False,False,True,Default,Default,Default,Default,Default,Default,Default,Default,Default,Default,Default,Default,Default,Default,Default,Default,Default,16,Default,DotNetTips.Spargine.Extensions.BenchmarkTests,"**NEW**,Strings",4,"14,284.557 ns",108.2071 ns,101.2170 ns,26.1341 ns,"14,103.204 ns","14,210.335 ns","14,313.870 ns","14,368.808 ns","14,419.009 ns","70,005.7",108.2071 ns,15.00,1.6860,2.000,-0.3525,90,*,No,0.0000,0.0000,1.0058,0.0001,511 B,0.0000,2536 B
ToGZipStringAsync,Job-JBOTOK,False,True,Default,Default,Default,Default,Default,111111111111,Empty,RyuJit,Default,X64,8c5e7fda-e8bf-4a96-9a85-a6e23a8c635c,.NET 8.0,False,True,False,True,Default,Default,False,False,True,Default,Default,Default,Default,Default,Default,Default,Default,Default,Default,Default,Default,Default,Default,Default,Default,Default,16,Default,DotNetTips.Spargine.Extensions.BenchmarkTests,"**NEW**,Strings",8,"21,053.414 ns",91.2111 ns,85.3189 ns,22.0292 ns,"20,890.709 ns","20,991.571 ns","21,059.993 ns","21,111.743 ns","21,181.587 ns","47,498.2",91.2111 ns,15.00,1.8995,2.000,-0.2506,94,*,No,0.0000,0.0305,1.0016,0.0001,511 B,0.0000,4233 B
ToGZipStringAsync,Job-JBOTOK,False,True,Default,Default,Default,Default,Default,111111111111,Empty,RyuJit,Default,X64,8c5e7fda-e8bf-4a96-9a85-a6e23a8c635c,.NET 8.0,False,True,False,True,Default,Default,False,False,True,Default,Default,Default,Default,Default,Default,Default,Default,Default,Default,Default,Default,Default,Default,Default,Default,Default,16,Default,DotNetTips.Spargine.Extensions.BenchmarkTests,"**NEW**,Strings",16,"28,438.555 ns",120.3567 ns,112.5817 ns,29.0685 ns,"28,209.695 ns","28,348.714 ns","28,451.968 ns","28,529.044 ns","28,569.867 ns","35,163.5",120.3567 ns,15.00,1.9589,2.000,-0.5267,99,*,No,0.0000,0.0916,1.0010,0.0000,511 B,0.0000,8561 B
ToGZipStringAsync,Job-JBOTOK,False,True,Default,Default,Default,Default,Default,111111111111,Empty,RyuJit,Default,X64,8c5e7fda-e8bf-4a96-9a85-a6e23a8c635c,.NET 8.0,False,True,False,True,Default,Default,False,False,True,Default,Default,Default,Default,Default,Default,Default,Default,Default,Default,Default,Default,Default,Default,Default,Default,Default,16,Default,DotNetTips.Spargine.Extensions.BenchmarkTests,"**NEW**,Strings",32,"47,789.354 ns",326.9729 ns,305.8507 ns,78.9703 ns,"47,118.439 ns","47,599.966 ns","47,782.660 ns","48,041.537 ns","48,193.683 ns","20,925.2",326.9729 ns,15.00,2.2636,2.000,-0.5539,104,*,No,0.0000,0.1221,1.0010,0.0001,511 B,0.0000,15649 B
ToGZipStringAsync,Job-JBOTOK,False,True,Default,Default,Default,Default,Default,111111111111,Empty,RyuJit,Default,X64,8c5e7fda-e8bf-4a96-9a85-a6e23a8c635c,.NET 8.0,False,True,False,True,Default,Default,False,False,True,Default,Default,Default,Default,Default,Default,Default,Default,Default,Default,Default,Default,Default,Default,Default,Default,Default,16,Default,DotNetTips.Spargine.Extensions.BenchmarkTests,"**NEW**,Strings",64,"93,543.411 ns",623.9898 ns,583.6804 ns,150.7056 ns,"92,387.604 ns","93,111.176 ns","93,599.896 ns","93,786.694 ns","94,549.078 ns","10,690.2",623.9898 ns,15.00,2.2100,2.000,-0.0561,111,*,No,0.0000,0.2441,1.0005,0.0000,511 B,0.0000,29321 B
ToGZipStringAsync,Job-JBOTOK,False,True,Default,Default,Default,Default,Default,111111111111,Empty,RyuJit,Default,X64,8c5e7fda-e8bf-4a96-9a85-a6e23a8c635c,.NET 8.0,False,True,False,True,Default,Default,False,False,True,Default,Default,Default,Default,Default,Default,Default,Default,Default,Default,Default,Default,Default,Default,Default,Default,Default,16,Default,DotNetTips.Spargine.Extensions.BenchmarkTests,"**NEW**,Strings",128,"171,847.223 ns",940.5952 ns,879.8333 ns,227.1720 ns,"170,325.659 ns","171,226.318 ns","171,618.384 ns","172,385.791 ns","173,595.825 ns","5,819.1",940.5952 ns,15.00,2.1216,2.000,0.3182,115,*,No,0.0000,0.4883,1.0012,0.0000,511 B,0.0000,55899 B
ToGZipStringAsync,Job-JBOTOK,False,True,Default,Default,Default,Default,Default,111111111111,Empty,RyuJit,Default,X64,8c5e7fda-e8bf-4a96-9a85-a6e23a8c635c,.NET 8.0,False,True,False,True,Default,Default,False,False,True,Default,Default,Default,Default,Default,Default,Default,Default,Default,Default,Default,Default,Default,Default,Default,Default,Default,16,Default,DotNetTips.Spargine.Extensions.BenchmarkTests,"**NEW**,Strings",256,"310,594.320 ns","1,555.6392 ns","1,455.1459 ns",375.7171 ns,"308,195.508 ns","309,523.145 ns","310,807.617 ns","311,837.451 ns","312,594.775 ns","3,219.6","1,555.6392 ns",15.00,1.5168,2.000,-0.1372,116,*,No,0.0000,0.9766,1.0000,0.0000,511 B,0.0000,98115 B
