Method,Job,AnalyzeLaunchVariance,EvaluateOverhead,MaxAbsoluteError,MaxRelativeError,MinInvokeCount,MinIterationTime,OutlierMode,Affinity,EnvironmentVariables,Jit,LargeAddressAware,Platform,PowerPlanMode,Runtime,AllowVeryLargeObjects,Concurrent,CpuGroups,Force,HeapAffinitizeMask,HeapCount,NoAffinitize,RetainVm,Server,Arguments,BuildConfiguration,Clock,EngineFactory,NuGetReferences,Toolchain,IsMutator,InvocationCount,IterationCount,IterationTime,LaunchCount,MaxIterationCount,MaxWarmupIterationCount,MemoryRandomization,MinIterationCount,MinWarmupIterationCount,RunStrategy,UnrollFactor,WarmupCount,Namespace,Categories,Count,Mean,Error,StdDev,StdErr,Median,Min,Q1,Q3,Max,Op/s,CI99.9% Margin,Iterations,Kurtosis,MValue,Skewness,Rank,LogicalGroup,Baseline,Code Size,Gen0,Completed Work Items,Lock Contentions,Exceptions,Allocated
'GeneratePersonRefCollection: Person',Job-ZHGWDT,False,True,Default,Default,Default,Default,Default,111111111111,Empty,RyuJit,Default,X64,8c5e7fda-e8bf-4a96-9a85-a6e23a8c635c,.NET 8.0,False,True,False,True,Default,Default,False,False,True,Default,Default,Default,Default,Default,Default,Default,Default,Default,Default,Default,Default,Default,Default,Default,Default,Default,16,Default,DotNetTips.Spargine.Tester.BenchmarkTests,**NEW**,64,"21,719,668.12 ns","189,570.996 ns","177,324.827 ns","45,785.074 ns","21,812,128.12 ns","21,330,006.25 ns","21,639,084.38 ns","21,837,464.06 ns","21,884,162.50 ns",46.0412,"189,570.9962 ns",15.00,2.375,2.000,-0.9785,26,*,No,441 B,0.0000,0.0000,0.0000,0.0000,263076 B
'GeneratePersonRefCollection: Person',Job-ZHGWDT,False,True,Default,Default,Default,Default,Default,111111111111,Empty,RyuJit,Default,X64,8c5e7fda-e8bf-4a96-9a85-a6e23a8c635c,.NET 8.0,False,True,False,True,Default,Default,False,False,True,Default,Default,Default,Default,Default,Default,Default,Default,Default,Default,Default,Default,Default,Default,Default,Default,Default,16,Default,DotNetTips.Spargine.Tester.BenchmarkTests,**NEW**,128,"43,315,486.31 ns","451,814.437 ns","400,521.730 ns","107,043.935 ns","43,540,937.50 ns","42,541,158.33 ns","43,026,037.50 ns","43,566,314.58 ns","43,693,133.33 ns",23.0864,"451,814.4370 ns",14.00,2.028,2.000,-0.8836,29,*,No,441 B,0.0000,0.0000,0.0000,0.0000,525284 B
'GeneratePersonRefCollection: Person',Job-ZHGWDT,False,True,Default,Default,Default,Default,Default,111111111111,Empty,RyuJit,Default,X64,8c5e7fda-e8bf-4a96-9a85-a6e23a8c635c,.NET 8.0,False,True,False,True,Default,Default,False,False,True,Default,Default,Default,Default,Default,Default,Default,Default,Default,Default,Default,Default,Default,Default,Default,Default,Default,16,Default,DotNetTips.Spargine.Tester.BenchmarkTests,**NEW**,256,"87,082,844.87 ns","256,605.045 ns","214,276.834 ns","59,429.701 ns","87,178,816.67 ns","86,677,750.00 ns","86,967,966.67 ns","87,231,183.33 ns","87,310,550.00 ns",11.4833,"256,605.0445 ns",13.00,2.119,2.000,-0.7687,32,*,No,441 B,0.0000,0.0000,0.0000,0.0000,1046812 B
'GeneratePersonRefCollection: Person',Job-ZHGWDT,False,True,Default,Default,Default,Default,Default,111111111111,Empty,RyuJit,Default,X64,8c5e7fda-e8bf-4a96-9a85-a6e23a8c635c,.NET 8.0,False,True,False,True,Default,Default,False,False,True,Default,Default,Default,Default,Default,Default,Default,Default,Default,Default,Default,Default,Default,Default,Default,Default,Default,16,Default,DotNetTips.Spargine.Tester.BenchmarkTests,**NEW**,512,"175,455,733.33 ns","1,298,074.381 ns","1,150,709.128 ns","307,539.951 ns","175,361,600.00 ns","172,738,166.67 ns","175,079,600.00 ns","176,237,416.67 ns","177,476,733.33 ns",5.6994,"1,298,074.3807 ns",14.00,3.156,2.000,-0.4541,35,*,No,441 B,0.0000,0.0000,0.0000,0.0000,2101851 B
'GeneratePersonRefCollection: Person',Job-ZHGWDT,False,True,Default,Default,Default,Default,Default,111111111111,Empty,RyuJit,Default,X64,8c5e7fda-e8bf-4a96-9a85-a6e23a8c635c,.NET 8.0,False,True,False,True,Default,Default,False,False,True,Default,Default,Default,Default,Default,Default,Default,Default,Default,Default,Default,Default,Default,Default,Default,Default,Default,16,Default,DotNetTips.Spargine.Tester.BenchmarkTests,**NEW**,1024,"348,582,160.00 ns","3,688,422.693 ns","3,450,152.875 ns","890,825.642 ns","349,394,900.00 ns","341,813,900.00 ns","346,431,650.00 ns","351,501,600.00 ns","352,575,200.00 ns",2.8688,"3,688,422.6925 ns",15.00,1.797,2.000,-0.5297,37,*,No,684 B,0.0000,0.0000,0.0000,0.0000,4186472 B
'GeneratePersonRefCollection: Person',Job-ZHGWDT,False,True,Default,Default,Default,Default,Default,111111111111,Empty,RyuJit,Default,X64,8c5e7fda-e8bf-4a96-9a85-a6e23a8c635c,.NET 8.0,False,True,False,True,Default,Default,False,False,True,Default,Default,Default,Default,Default,Default,Default,Default,Default,Default,Default,Default,Default,Default,Default,Default,Default,16,Default,DotNetTips.Spargine.Tester.BenchmarkTests,**NEW**,2048,"711,213,740.00 ns","4,905,828.945 ns","4,588,915.439 ns","1,184,852.871 ns","712,401,100.00 ns","697,221,000.00 ns","710,838,800.00 ns","713,739,200.00 ns","716,010,100.00 ns",1.4060,"4,905,828.9448 ns",15.00,5.979,2.000,-1.8249,41,*,No,684 B,0.0000,0.0000,0.0000,0.0000,8407536 B
'GeneratePersonRefCollection: Person',Job-ZHGWDT,False,True,Default,Default,Default,Default,Default,111111111111,Empty,RyuJit,Default,X64,8c5e7fda-e8bf-4a96-9a85-a6e23a8c635c,.NET 8.0,False,True,False,True,Default,Default,False,False,True,Default,Default,Default,Default,Default,Default,Default,Default,Default,Default,Default,Default,Default,Default,Default,Default,Default,16,Default,DotNetTips.Spargine.Tester.BenchmarkTests,**NEW**,4096,"1,395,800,293.33 ns","8,643,460.332 ns","8,085,098.157 ns","2,087,563.368 ns","1,397,776,200.00 ns","1,377,039,300.00 ns","1,394,847,800.00 ns","1,400,671,450.00 ns","1,403,289,700.00 ns",0.7164,"8,643,460.3316 ns",15.00,3.857,2.000,-1.4633,43,*,No,684 B,0.0000,0.0000,0.0000,0.0000,16770352 B
'GeneratePersonRefCollection: Person',Job-ZHGWDT,False,True,Default,Default,Default,Default,Default,111111111111,Empty,RyuJit,Default,X64,8c5e7fda-e8bf-4a96-9a85-a6e23a8c635c,.NET 8.0,False,True,False,True,Default,Default,False,False,True,Default,Default,Default,Default,Default,Default,Default,Default,Default,Default,Default,Default,Default,Default,Default,Default,Default,16,Default,DotNetTips.Spargine.Tester.BenchmarkTests,**NEW**,8192,"2,774,320,825.00 ns","3,209,844.744 ns","2,506,035.642 ns","723,430.176 ns","2,774,510,950.00 ns","2,769,634,200.00 ns","2,773,041,900.00 ns","2,775,842,675.00 ns","2,778,343,400.00 ns",0.3604,"3,209,844.7440 ns",12.00,2.087,2.000,-0.3159,46,*,No,684 B,0.0000,0.0000,0.0000,0.0000,33640720 B
Coordinate:OrderBy(),Job-ZHGWDT,False,True,Default,Default,Default,Default,Default,111111111111,Empty,RyuJit,Default,X64,8c5e7fda-e8bf-4a96-9a85-a6e23a8c635c,.NET 8.0,False,True,False,True,Default,Default,False,False,True,Default,Default,Default,Default,Default,Default,Default,Default,Default,Default,Default,Default,Default,Default,Default,Default,Default,16,Default,DotNetTips.Spargine.Tester.BenchmarkTests,"**NEW**,Value Type",64,13.73 ns,0.091 ns,0.081 ns,0.022 ns,13.75 ns,13.56 ns,13.72 ns,13.77 ns,13.85 ns,"72,816,045.1911",0.0912 ns,14.00,2.894,2.000,-0.7646,1,*,No,356 B,0.0006,0.0000,0.0000,0.0000,56 B
Coordinate:OrderBy(),Job-ZHGWDT,False,True,Default,Default,Default,Default,Default,111111111111,Empty,RyuJit,Default,X64,8c5e7fda-e8bf-4a96-9a85-a6e23a8c635c,.NET 8.0,False,True,False,True,Default,Default,False,False,True,Default,Default,Default,Default,Default,Default,Default,Default,Default,Default,Default,Default,Default,Default,Default,Default,Default,16,Default,DotNetTips.Spargine.Tester.BenchmarkTests,"**NEW**,Value Type",128,14.03 ns,0.066 ns,0.055 ns,0.015 ns,14.03 ns,13.96 ns,13.99 ns,14.06 ns,14.17 ns,"71,260,016.4970",0.0658 ns,13.00,3.150,2.000,0.7197,1,*,No,356 B,0.0006,0.0000,0.0000,0.0000,56 B
Coordinate:OrderBy(),Job-ZHGWDT,False,True,Default,Default,Default,Default,Default,111111111111,Empty,RyuJit,Default,X64,8c5e7fda-e8bf-4a96-9a85-a6e23a8c635c,.NET 8.0,False,True,False,True,Default,Default,False,False,True,Default,Default,Default,Default,Default,Default,Default,Default,Default,Default,Default,Default,Default,Default,Default,Default,Default,16,Default,DotNetTips.Spargine.Tester.BenchmarkTests,"**NEW**,Value Type",256,13.80 ns,0.089 ns,0.079 ns,0.021 ns,13.78 ns,13.72 ns,13.74 ns,13.83 ns,13.98 ns,"72,451,777.9272",0.0891 ns,14.00,2.640,2.000,0.9268,1,*,No,318 B,0.0006,0.0000,0.0000,0.0000,56 B
Coordinate:OrderBy(),Job-ZHGWDT,False,True,Default,Default,Default,Default,Default,111111111111,Empty,RyuJit,Default,X64,8c5e7fda-e8bf-4a96-9a85-a6e23a8c635c,.NET 8.0,False,True,False,True,Default,Default,False,False,True,Default,Default,Default,Default,Default,Default,Default,Default,Default,Default,Default,Default,Default,Default,Default,Default,Default,16,Default,DotNetTips.Spargine.Tester.BenchmarkTests,"**NEW**,Value Type",512,13.96 ns,0.079 ns,0.073 ns,0.019 ns,13.96 ns,13.82 ns,13.92 ns,14.01 ns,14.09 ns,"71,613,459.4520",0.0786 ns,15.00,2.231,2.000,-0.0536,1,*,No,318 B,0.0006,0.0000,0.0000,0.0000,56 B
Coordinate:OrderBy(),Job-ZHGWDT,False,True,Default,Default,Default,Default,Default,111111111111,Empty,RyuJit,Default,X64,8c5e7fda-e8bf-4a96-9a85-a6e23a8c635c,.NET 8.0,False,True,False,True,Default,Default,False,False,True,Default,Default,Default,Default,Default,Default,Default,Default,Default,Default,Default,Default,Default,Default,Default,Default,Default,16,Default,DotNetTips.Spargine.Tester.BenchmarkTests,"**NEW**,Value Type",1024,14.10 ns,0.074 ns,0.066 ns,0.018 ns,14.12 ns,13.96 ns,14.07 ns,14.15 ns,14.20 ns,"70,897,101.7480",0.0740 ns,14.00,2.437,2.000,-0.5462,1,*,No,318 B,0.0006,0.0000,0.0000,0.0000,56 B
Coordinate:OrderBy(),Job-ZHGWDT,False,True,Default,Default,Default,Default,Default,111111111111,Empty,RyuJit,Default,X64,8c5e7fda-e8bf-4a96-9a85-a6e23a8c635c,.NET 8.0,False,True,False,True,Default,Default,False,False,True,Default,Default,Default,Default,Default,Default,Default,Default,Default,Default,Default,Default,Default,Default,Default,Default,Default,16,Default,DotNetTips.Spargine.Tester.BenchmarkTests,"**NEW**,Value Type",2048,14.03 ns,0.058 ns,0.054 ns,0.014 ns,14.02 ns,13.96 ns,14.01 ns,14.07 ns,14.13 ns,"71,257,804.0349",0.0577 ns,15.00,1.872,2.000,0.3276,1,*,No,318 B,0.0006,0.0000,0.0000,0.0000,56 B
Coordinate:OrderBy(),Job-ZHGWDT,False,True,Default,Default,Default,Default,Default,111111111111,Empty,RyuJit,Default,X64,8c5e7fda-e8bf-4a96-9a85-a6e23a8c635c,.NET 8.0,False,True,False,True,Default,Default,False,False,True,Default,Default,Default,Default,Default,Default,Default,Default,Default,Default,Default,Default,Default,Default,Default,Default,Default,16,Default,DotNetTips.Spargine.Tester.BenchmarkTests,"**NEW**,Value Type",4096,14.00 ns,0.117 ns,0.104 ns,0.028 ns,14.00 ns,13.84 ns,13.94 ns,14.07 ns,14.17 ns,"71,443,662.2808",0.1170 ns,14.00,1.735,2.000,0.0811,1,*,No,318 B,0.0006,0.0000,0.0000,0.0000,56 B
Coordinate:OrderBy(),Job-ZHGWDT,False,True,Default,Default,Default,Default,Default,111111111111,Empty,RyuJit,Default,X64,8c5e7fda-e8bf-4a96-9a85-a6e23a8c635c,.NET 8.0,False,True,False,True,Default,Default,False,False,True,Default,Default,Default,Default,Default,Default,Default,Default,Default,Default,Default,Default,Default,Default,Default,Default,Default,16,Default,DotNetTips.Spargine.Tester.BenchmarkTests,"**NEW**,Value Type",8192,14.06 ns,0.076 ns,0.068 ns,0.018 ns,14.06 ns,13.97 ns,14.01 ns,14.09 ns,14.20 ns,"71,127,585.8075",0.0762 ns,14.00,2.523,2.000,0.6738,1,*,No,318 B,0.0006,0.0000,0.0000,0.0000,56 B
GenerateAddressCollection,Job-ZHGWDT,False,True,Default,Default,Default,Default,Default,111111111111,Empty,RyuJit,Default,X64,8c5e7fda-e8bf-4a96-9a85-a6e23a8c635c,.NET 8.0,False,True,False,True,Default,Default,False,False,True,Default,Default,Default,Default,Default,Default,Default,Default,Default,Default,Default,Default,Default,Default,Default,Default,Default,16,Default,DotNetTips.Spargine.Tester.BenchmarkTests,**NEW**,64,"75,644.86 ns","1,046.957 ns",979.324 ns,252.860 ns,"75,773.90 ns","73,989.18 ns","74,866.06 ns","76,543.71 ns","76,834.86 ns","13,219.6691","1,046.9568 ns",15.00,1.489,2.000,-0.3492,6,*,No,"6,920 B",0.0000,0.0000,0.0000,0.0000,3290 B
GenerateAddressCollection,Job-ZHGWDT,False,True,Default,Default,Default,Default,Default,111111111111,Empty,RyuJit,Default,X64,8c5e7fda-e8bf-4a96-9a85-a6e23a8c635c,.NET 8.0,False,True,False,True,Default,Default,False,False,True,Default,Default,Default,Default,Default,Default,Default,Default,Default,Default,Default,Default,Default,Default,Default,Default,Default,16,Default,DotNetTips.Spargine.Tester.BenchmarkTests,**NEW**,128,"76,328.57 ns","1,012.886 ns",947.455 ns,244.632 ns,"76,413.77 ns","74,995.47 ns","75,570.64 ns","77,168.99 ns","77,960.16 ns","13,101.2538","1,012.8863 ns",15.00,1.585,2.000,0.1005,6,*,No,"6,920 B",0.0000,0.0000,0.0000,0.0000,3294 B
GenerateAddressCollection,Job-ZHGWDT,False,True,Default,Default,Default,Default,Default,111111111111,Empty,RyuJit,Default,X64,8c5e7fda-e8bf-4a96-9a85-a6e23a8c635c,.NET 8.0,False,True,False,True,Default,Default,False,False,True,Default,Default,Default,Default,Default,Default,Default,Default,Default,Default,Default,Default,Default,Default,Default,Default,Default,16,Default,DotNetTips.Spargine.Tester.BenchmarkTests,**NEW**,256,"77,042.22 ns",916.686 ns,857.468 ns,221.397 ns,"77,155.66 ns","75,222.80 ns","76,479.19 ns","77,692.43 ns","78,115.58 ns","12,979.8961",916.6855 ns,15.00,2.120,2.000,-0.5394,6,*,No,"6,865 B",0.0000,0.0000,0.0000,0.0000,3296 B
GenerateAddressCollection,Job-ZHGWDT,False,True,Default,Default,Default,Default,Default,111111111111,Empty,RyuJit,Default,X64,8c5e7fda-e8bf-4a96-9a85-a6e23a8c635c,.NET 8.0,False,True,False,True,Default,Default,False,False,True,Default,Default,Default,Default,Default,Default,Default,Default,Default,Default,Default,Default,Default,Default,Default,Default,Default,16,Default,DotNetTips.Spargine.Tester.BenchmarkTests,**NEW**,512,"80,538.17 ns",747.272 ns,583.421 ns,168.419 ns,"80,460.50 ns","79,397.95 ns","80,136.69 ns","81,071.49 ns","81,376.04 ns","12,416.4731",747.2717 ns,12.00,1.907,2.000,-0.2552,7,*,No,"6,862 B",0.0000,0.0000,0.0000,0.0000,3291 B
GenerateAddressCollection,Job-ZHGWDT,False,True,Default,Default,Default,Default,Default,111111111111,Empty,RyuJit,Default,X64,8c5e7fda-e8bf-4a96-9a85-a6e23a8c635c,.NET 8.0,False,True,False,True,Default,Default,False,False,True,Default,Default,Default,Default,Default,Default,Default,Default,Default,Default,Default,Default,Default,Default,Default,Default,Default,16,Default,DotNetTips.Spargine.Tester.BenchmarkTests,**NEW**,1024,"80,126.37 ns",957.474 ns,799.534 ns,221.751 ns,"80,301.48 ns","78,590.39 ns","80,109.57 ns","80,589.58 ns","81,244.04 ns","12,480.2861",957.4739 ns,13.00,2.130,2.000,-0.7006,7,*,No,"6,900 B",0.0000,0.0000,0.0000,0.0000,3293 B
GenerateAddressCollection,Job-ZHGWDT,False,True,Default,Default,Default,Default,Default,111111111111,Empty,RyuJit,Default,X64,8c5e7fda-e8bf-4a96-9a85-a6e23a8c635c,.NET 8.0,False,True,False,True,Default,Default,False,False,True,Default,Default,Default,Default,Default,Default,Default,Default,Default,Default,Default,Default,Default,Default,Default,Default,Default,16,Default,DotNetTips.Spargine.Tester.BenchmarkTests,**NEW**,2048,"81,834.98 ns","1,577.833 ns","1,688.263 ns",397.927 ns,"81,342.72 ns","79,116.00 ns","80,442.77 ns","83,344.32 ns","84,845.92 ns","12,219.7133","1,577.8327 ns",18.00,1.694,2.000,0.3353,7,*,No,"6,900 B",0.0000,0.0000,0.0000,0.0000,3292 B
GenerateAddressCollection,Job-ZHGWDT,False,True,Default,Default,Default,Default,Default,111111111111,Empty,RyuJit,Default,X64,8c5e7fda-e8bf-4a96-9a85-a6e23a8c635c,.NET 8.0,False,True,False,True,Default,Default,False,False,True,Default,Default,Default,Default,Default,Default,Default,Default,Default,Default,Default,Default,Default,Default,Default,Default,Default,16,Default,DotNetTips.Spargine.Tester.BenchmarkTests,**NEW**,4096,"80,484.72 ns",668.370 ns,625.194 ns,161.424 ns,"80,487.93 ns","78,921.15 ns","80,221.00 ns","80,916.31 ns","81,651.67 ns","12,424.7179",668.3704 ns,15.00,3.589,2.000,-0.5845,7,*,No,"6,914 B",0.0000,0.0000,0.0000,0.0000,3289 B
GenerateAddressCollection,Job-ZHGWDT,False,True,Default,Default,Default,Default,Default,111111111111,Empty,RyuJit,Default,X64,8c5e7fda-e8bf-4a96-9a85-a6e23a8c635c,.NET 8.0,False,True,False,True,Default,Default,False,False,True,Default,Default,Default,Default,Default,Default,Default,Default,Default,Default,Default,Default,Default,Default,Default,Default,Default,16,Default,DotNetTips.Spargine.Tester.BenchmarkTests,**NEW**,8192,"80,198.63 ns",700.046 ns,584.570 ns,162.131 ns,"80,332.41 ns","78,792.29 ns","80,013.22 ns","80,556.35 ns","81,113.23 ns","12,469.0402",700.0461 ns,13.00,3.260,2.000,-0.8459,7,*,No,"6,900 B",0.0000,0.0000,0.0000,0.0000,3293 B
GenerateAddressRecordCollection,Job-ZHGWDT,False,True,Default,Default,Default,Default,Default,111111111111,Empty,RyuJit,Default,X64,8c5e7fda-e8bf-4a96-9a85-a6e23a8c635c,.NET 8.0,False,True,False,True,Default,Default,False,False,True,Default,Default,Default,Default,Default,Default,Default,Default,Default,Default,Default,Default,Default,Default,Default,Default,Default,16,Default,DotNetTips.Spargine.Tester.BenchmarkTests,**NEW**,64,"2,439,422.21 ns","31,975.881 ns","29,910.259 ns","7,722.796 ns","2,427,329.69 ns","2,390,318.36 ns","2,417,018.95 ns","2,467,867.19 ns","2,481,593.36 ns",409.9331,"31,975.8809 ns",15.00,1.400,2.000,0.0762,18,*,No,"1,648 B",0.0000,0.0000,0.0000,0.0000,115025 B
GenerateAddressRecordCollection,Job-ZHGWDT,False,True,Default,Default,Default,Default,Default,111111111111,Empty,RyuJit,Default,X64,8c5e7fda-e8bf-4a96-9a85-a6e23a8c635c,.NET 8.0,False,True,False,True,Default,Default,False,False,True,Default,Default,Default,Default,Default,Default,Default,Default,Default,Default,Default,Default,Default,Default,Default,Default,Default,16,Default,DotNetTips.Spargine.Tester.BenchmarkTests,**NEW**,128,"4,930,960.04 ns","71,661.138 ns","63,525.733 ns","16,977.966 ns","4,958,420.70 ns","4,805,985.16 ns","4,909,802.34 ns","4,975,879.30 ns","4,989,428.91 ns",202.8003,"71,661.1384 ns",14.00,2.174,2.000,-0.9264,20,*,No,"1,655 B",0.0000,0.0000,0.0000,0.0000,223898 B
GenerateAddressRecordCollection,Job-ZHGWDT,False,True,Default,Default,Default,Default,Default,111111111111,Empty,RyuJit,Default,X64,8c5e7fda-e8bf-4a96-9a85-a6e23a8c635c,.NET 8.0,False,True,False,True,Default,Default,False,False,True,Default,Default,Default,Default,Default,Default,Default,Default,Default,Default,Default,Default,Default,Default,Default,Default,Default,16,Default,DotNetTips.Spargine.Tester.BenchmarkTests,**NEW**,256,"9,768,946.25 ns","108,793.671 ns","101,765.667 ns","26,275.782 ns","9,774,620.31 ns","9,556,162.50 ns","9,736,680.47 ns","9,827,059.38 ns","9,960,243.75 ns",102.3652,"108,793.6711 ns",15.00,2.768,2.000,-0.4629,22,*,No,"1,655 B",0.0000,0.0000,0.0000,0.0000,442241 B
GenerateAddressRecordCollection,Job-ZHGWDT,False,True,Default,Default,Default,Default,Default,111111111111,Empty,RyuJit,Default,X64,8c5e7fda-e8bf-4a96-9a85-a6e23a8c635c,.NET 8.0,False,True,False,True,Default,Default,False,False,True,Default,Default,Default,Default,Default,Default,Default,Default,Default,Default,Default,Default,Default,Default,Default,Default,Default,16,Default,DotNetTips.Spargine.Tester.BenchmarkTests,**NEW**,512,"20,587,642.41 ns","194,302.499 ns","172,244.104 ns","46,034.173 ns","20,611,729.69 ns","20,199,471.88 ns","20,560,719.53 ns","20,718,703.91 ns","20,805,165.62 ns",48.5728,"194,302.4987 ns",14.00,2.770,2.000,-0.8937,25,*,No,"1,651 B",0.0000,0.0000,0.0000,0.0000,877812 B
GenerateAddressRecordCollection,Job-ZHGWDT,False,True,Default,Default,Default,Default,Default,111111111111,Empty,RyuJit,Default,X64,8c5e7fda-e8bf-4a96-9a85-a6e23a8c635c,.NET 8.0,False,True,False,True,Default,Default,False,False,True,Default,Default,Default,Default,Default,Default,Default,Default,Default,Default,Default,Default,Default,Default,Default,Default,Default,16,Default,DotNetTips.Spargine.Tester.BenchmarkTests,**NEW**,1024,"41,851,835.71 ns","270,371.607 ns","239,677.387 ns","64,056.476 ns","41,885,412.50 ns","41,138,166.67 ns","41,838,781.25 ns","41,976,012.50 ns","42,091,325.00 ns",23.8938,"270,371.6069 ns",14.00,5.826,2.000,-1.7648,28,*,No,"1,655 B",0.0000,0.0000,0.0000,0.0000,1748707 B
GenerateAddressRecordCollection,Job-ZHGWDT,False,True,Default,Default,Default,Default,Default,111111111111,Empty,RyuJit,Default,X64,8c5e7fda-e8bf-4a96-9a85-a6e23a8c635c,.NET 8.0,False,True,False,True,Default,Default,False,False,True,Default,Default,Default,Default,Default,Default,Default,Default,Default,Default,Default,Default,Default,Default,Default,Default,Default,16,Default,DotNetTips.Spargine.Tester.BenchmarkTests,**NEW**,2048,"84,206,815.48 ns","734,161.772 ns","650,815.288 ns","173,937.702 ns","84,387,733.33 ns","82,957,116.67 ns","83,881,733.33 ns","84,611,016.67 ns","85,040,866.67 ns",11.8755,"734,161.7721 ns",14.00,2.319,2.000,-0.7800,31,*,No,"1,705 B",0.0000,0.0000,0.0000,0.0000,3491428 B
GenerateAddressRecordCollection,Job-ZHGWDT,False,True,Default,Default,Default,Default,Default,111111111111,Empty,RyuJit,Default,X64,8c5e7fda-e8bf-4a96-9a85-a6e23a8c635c,.NET 8.0,False,True,False,True,Default,Default,False,False,True,Default,Default,Default,Default,Default,Default,Default,Default,Default,Default,Default,Default,Default,Default,Default,Default,Default,16,Default,DotNetTips.Spargine.Tester.BenchmarkTests,**NEW**,4096,"165,654,570.00 ns","1,633,258.715 ns","1,527,751.216 ns","394,463.668 ns","165,966,500.00 ns","162,498,300.00 ns","164,726,650.00 ns","166,500,837.50 ns","168,243,750.00 ns",6.0367,"1,633,258.7154 ns",15.00,2.337,2.000,-0.3892,34,*,No,"1,655 B",0.0000,0.0000,0.0000,0.0000,6980598 B
GenerateAddressRecordCollection,Job-ZHGWDT,False,True,Default,Default,Default,Default,Default,111111111111,Empty,RyuJit,Default,X64,8c5e7fda-e8bf-4a96-9a85-a6e23a8c635c,.NET 8.0,False,True,False,True,Default,Default,False,False,True,Default,Default,Default,Default,Default,Default,Default,Default,Default,Default,Default,Default,Default,Default,Default,Default,Default,16,Default,DotNetTips.Spargine.Tester.BenchmarkTests,**NEW**,8192,"311,789,870.83 ns","2,830,718.189 ns","2,210,038.565 ns","637,983.180 ns","311,903,925.00 ns","308,211,200.00 ns","310,651,637.50 ns","313,521,537.50 ns","314,899,550.00 ns",3.2073,"2,830,718.1887 ns",12.00,1.632,2.000,-0.2587,36,*,No,"1,154 B",0.0000,0.0000,0.0000,0.0000,13966756 B
GenerateCoordinateCollection,Job-ZHGWDT,False,True,Default,Default,Default,Default,Default,111111111111,Empty,RyuJit,Default,X64,8c5e7fda-e8bf-4a96-9a85-a6e23a8c635c,.NET 8.0,False,True,False,True,Default,Default,False,False,True,Default,Default,Default,Default,Default,Default,Default,Default,Default,Default,Default,Default,Default,Default,Default,Default,Default,16,Default,DotNetTips.Spargine.Tester.BenchmarkTests,**NEW**,64,"18,867.27 ns",374.838 ns,487.395 ns,99.489 ns,"19,160.13 ns","17,927.72 ns","18,253.98 ns","19,189.43 ns","19,445.10 ns","53,001.8328",374.8379 ns,24.00,1.601,3.000,-0.6601,3,*,No,495 B,0.0000,0.0000,0.0000,0.0000,848 B
GenerateCoordinateCollection,Job-ZHGWDT,False,True,Default,Default,Default,Default,Default,111111111111,Empty,RyuJit,Default,X64,8c5e7fda-e8bf-4a96-9a85-a6e23a8c635c,.NET 8.0,False,True,False,True,Default,Default,False,False,True,Default,Default,Default,Default,Default,Default,Default,Default,Default,Default,Default,Default,Default,Default,Default,Default,Default,16,Default,DotNetTips.Spargine.Tester.BenchmarkTests,**NEW**,128,"34,983.07 ns",193.708 ns,181.194 ns,46.784 ns,"35,016.68 ns","34,623.79 ns","34,915.72 ns","35,084.44 ns","35,259.88 ns","28,585.2548",193.7075 ns,15.00,2.415,2.000,-0.4596,4,*,No,495 B,0.0000,0.0000,0.0000,0.0000,1616 B
GenerateCoordinateCollection,Job-ZHGWDT,False,True,Default,Default,Default,Default,Default,111111111111,Empty,RyuJit,Default,X64,8c5e7fda-e8bf-4a96-9a85-a6e23a8c635c,.NET 8.0,False,True,False,True,Default,Default,False,False,True,Default,Default,Default,Default,Default,Default,Default,Default,Default,Default,Default,Default,Default,Default,Default,Default,Default,16,Default,DotNetTips.Spargine.Tester.BenchmarkTests,**NEW**,256,"69,620.23 ns",816.655 ns,763.899 ns,197.238 ns,"69,853.36 ns","68,311.82 ns","68,886.94 ns","69,993.44 ns","70,951.74 ns","14,363.6413",816.6545 ns,15.00,1.885,2.000,-0.0781,5,*,No,495 B,0.0000,0.0000,0.0000,0.0000,3152 B
GenerateCoordinateCollection,Job-ZHGWDT,False,True,Default,Default,Default,Default,Default,111111111111,Empty,RyuJit,Default,X64,8c5e7fda-e8bf-4a96-9a85-a6e23a8c635c,.NET 8.0,False,True,False,True,Default,Default,False,False,True,Default,Default,Default,Default,Default,Default,Default,Default,Default,Default,Default,Default,Default,Default,Default,Default,Default,16,Default,DotNetTips.Spargine.Tester.BenchmarkTests,**NEW**,512,"139,688.03 ns",469.868 ns,439.515 ns,113.482 ns,"139,705.07 ns","138,961.98 ns","139,496.36 ns","139,962.71 ns","140,542.18 ns","7,158.8095",469.8680 ns,15.00,2.222,2.000,-0.1169,9,*,No,495 B,0.0000,0.0000,0.0000,0.0000,6224 B
GenerateCoordinateCollection,Job-ZHGWDT,False,True,Default,Default,Default,Default,Default,111111111111,Empty,RyuJit,Default,X64,8c5e7fda-e8bf-4a96-9a85-a6e23a8c635c,.NET 8.0,False,True,False,True,Default,Default,False,False,True,Default,Default,Default,Default,Default,Default,Default,Default,Default,Default,Default,Default,Default,Default,Default,Default,Default,16,Default,DotNetTips.Spargine.Tester.BenchmarkTests,**NEW**,1024,"280,749.71 ns","1,593.250 ns","1,330.436 ns",368.996 ns,"281,018.63 ns","276,471.70 ns","280,939.14 ns","281,338.70 ns","281,746.41 ns","3,561.8915","1,593.2496 ns",13.00,8.262,2.000,-2.4969,11,*,No,495 B,0.0000,0.0000,0.0000,0.0000,12369 B
GenerateCoordinateCollection,Job-ZHGWDT,False,True,Default,Default,Default,Default,Default,111111111111,Empty,RyuJit,Default,X64,8c5e7fda-e8bf-4a96-9a85-a6e23a8c635c,.NET 8.0,False,True,False,True,Default,Default,False,False,True,Default,Default,Default,Default,Default,Default,Default,Default,Default,Default,Default,Default,Default,Default,Default,Default,Default,16,Default,DotNetTips.Spargine.Tester.BenchmarkTests,**NEW**,2048,"570,065.86 ns","4,405.942 ns","4,121.320 ns","1,064.120 ns","571,597.71 ns","562,083.84 ns","570,723.63 ns","572,346.48 ns","573,927.49 ns","1,754.1833","4,405.9416 ns",15.00,2.654,2.000,-1.1988,13,*,No,495 B,0.0000,0.0000,0.0000,0.0000,24657 B
GenerateCoordinateCollection,Job-ZHGWDT,False,True,Default,Default,Default,Default,Default,111111111111,Empty,RyuJit,Default,X64,8c5e7fda-e8bf-4a96-9a85-a6e23a8c635c,.NET 8.0,False,True,False,True,Default,Default,False,False,True,Default,Default,Default,Default,Default,Default,Default,Default,Default,Default,Default,Default,Default,Default,Default,Default,Default,16,Default,DotNetTips.Spargine.Tester.BenchmarkTests,**NEW**,4096,"1,123,809.01 ns","9,453.872 ns","8,843.157 ns","2,283.293 ns","1,124,344.14 ns","1,111,884.96 ns","1,115,894.14 ns","1,131,054.98 ns","1,135,601.37 ns",889.8309,"9,453.8717 ns",15.00,1.487,2.000,0.0228,15,*,No,495 B,0.0000,0.0000,0.0000,0.0000,49234 B
GenerateCoordinateCollection,Job-ZHGWDT,False,True,Default,Default,Default,Default,Default,111111111111,Empty,RyuJit,Default,X64,8c5e7fda-e8bf-4a96-9a85-a6e23a8c635c,.NET 8.0,False,True,False,True,Default,Default,False,False,True,Default,Default,Default,Default,Default,Default,Default,Default,Default,Default,Default,Default,Default,Default,Default,Default,Default,16,Default,DotNetTips.Spargine.Tester.BenchmarkTests,**NEW**,8192,"2,246,529.69 ns","25,304.423 ns","22,431.712 ns","5,995.127 ns","2,235,636.33 ns","2,225,836.13 ns","2,228,006.54 ns","2,267,946.00 ns","2,281,972.46 ns",445.1310,"25,304.4230 ns",14.00,1.343,2.000,0.4859,17,*,No,497 B,0.0000,0.0000,0.0000,0.0000,98388 B
GenerateCreditCards,Job-ZHGWDT,False,True,Default,Default,Default,Default,Default,111111111111,Empty,RyuJit,Default,X64,8c5e7fda-e8bf-4a96-9a85-a6e23a8c635c,.NET 8.0,False,True,False,True,Default,Default,False,False,True,Default,Default,Default,Default,Default,Default,Default,Default,Default,Default,Default,Default,Default,Default,Default,Default,Default,16,Default,DotNetTips.Spargine.Tester.BenchmarkTests,**NEW**,64,"130,132.57 ns",539.237 ns,478.020 ns,127.756 ns,"130,014.03 ns","129,613.57 ns","129,768.98 ns","130,308.13 ns","131,219.43 ns","7,684.4711",539.2371 ns,14.00,2.556,2.000,0.8332,8,*,No,206 B,0.4883,0.0000,0.0000,0.0000,61041 B
GenerateCreditCards,Job-ZHGWDT,False,True,Default,Default,Default,Default,Default,111111111111,Empty,RyuJit,Default,X64,8c5e7fda-e8bf-4a96-9a85-a6e23a8c635c,.NET 8.0,False,True,False,True,Default,Default,False,False,True,Default,Default,Default,Default,Default,Default,Default,Default,Default,Default,Default,Default,Default,Default,Default,Default,Default,16,Default,DotNetTips.Spargine.Tester.BenchmarkTests,**NEW**,128,"260,153.18 ns","1,377.252 ns","1,288.283 ns",332.633 ns,"259,756.79 ns","257,944.38 ns","259,295.73 ns","261,167.60 ns","262,273.10 ns","3,843.8892","1,377.2525 ns",15.00,1.748,2.000,0.2153,10,*,No,206 B,0.9766,0.0000,0.0000,0.0000,121868 B
GenerateCreditCards,Job-ZHGWDT,False,True,Default,Default,Default,Default,Default,111111111111,Empty,RyuJit,Default,X64,8c5e7fda-e8bf-4a96-9a85-a6e23a8c635c,.NET 8.0,False,True,False,True,Default,Default,False,False,True,Default,Default,Default,Default,Default,Default,Default,Default,Default,Default,Default,Default,Default,Default,Default,Default,Default,16,Default,DotNetTips.Spargine.Tester.BenchmarkTests,**NEW**,256,"519,650.10 ns","2,443.546 ns","2,285.695 ns",590.164 ns,"518,676.56 ns","515,800.68 ns","518,074.22 ns","521,686.23 ns","523,336.82 ns","1,924.3718","2,443.5461 ns",15.00,1.497,2.000,0.0729,12,*,No,206 B,1.9531,0.0000,0.0000,0.0000,243501 B
GenerateCreditCards,Job-ZHGWDT,False,True,Default,Default,Default,Default,Default,111111111111,Empty,RyuJit,Default,X64,8c5e7fda-e8bf-4a96-9a85-a6e23a8c635c,.NET 8.0,False,True,False,True,Default,Default,False,False,True,Default,Default,Default,Default,Default,Default,Default,Default,Default,Default,Default,Default,Default,Default,Default,Default,Default,16,Default,DotNetTips.Spargine.Tester.BenchmarkTests,**NEW**,512,"1,043,668.01 ns","4,893.093 ns","4,577.003 ns","1,181.777 ns","1,043,573.63 ns","1,037,163.48 ns","1,039,832.91 ns","1,047,200.00 ns","1,050,675.78 ns",958.1591,"4,893.0935 ns",15.00,1.497,2.000,0.1032,14,*,No,206 B,3.9063,0.0000,0.0000,0.0000,486739 B
GenerateCreditCards,Job-ZHGWDT,False,True,Default,Default,Default,Default,Default,111111111111,Empty,RyuJit,Default,X64,8c5e7fda-e8bf-4a96-9a85-a6e23a8c635c,.NET 8.0,False,True,False,True,Default,Default,False,False,True,Default,Default,Default,Default,Default,Default,Default,Default,Default,Default,Default,Default,Default,Default,Default,Default,Default,16,Default,DotNetTips.Spargine.Tester.BenchmarkTests,**NEW**,1024,"2,124,168.19 ns","10,012.711 ns","9,365.896 ns","2,418.264 ns","2,122,224.41 ns","2,110,785.74 ns","2,117,224.02 ns","2,130,018.36 ns","2,143,494.34 ns",470.7725,"10,012.7110 ns",15.00,2.117,2.000,0.4364,16,*,No,206 B,7.8125,0.0000,0.0000,0.0000,973159 B
GenerateCreditCards,Job-ZHGWDT,False,True,Default,Default,Default,Default,Default,111111111111,Empty,RyuJit,Default,X64,8c5e7fda-e8bf-4a96-9a85-a6e23a8c635c,.NET 8.0,False,True,False,True,Default,Default,False,False,True,Default,Default,Default,Default,Default,Default,Default,Default,Default,Default,Default,Default,Default,Default,Default,Default,Default,16,Default,DotNetTips.Spargine.Tester.BenchmarkTests,**NEW**,2048,"4,167,841.80 ns","11,999.670 ns","10,637.395 ns","2,842.963 ns","4,164,285.55 ns","4,155,606.25 ns","4,160,684.77 ns","4,175,807.42 ns","4,189,256.25 ns",239.9323,"11,999.6703 ns",14.00,2.013,2.000,0.6363,19,*,No,206 B,15.6250,0.0000,0.0000,0.0000,1946022 B
GenerateCreditCards,Job-ZHGWDT,False,True,Default,Default,Default,Default,Default,111111111111,Empty,RyuJit,Default,X64,8c5e7fda-e8bf-4a96-9a85-a6e23a8c635c,.NET 8.0,False,True,False,True,Default,Default,False,False,True,Default,Default,Default,Default,Default,Default,Default,Default,Default,Default,Default,Default,Default,Default,Default,Default,Default,16,Default,DotNetTips.Spargine.Tester.BenchmarkTests,**NEW**,4096,"8,460,028.75 ns","49,469.654 ns","46,273.945 ns","11,947.881 ns","8,467,515.62 ns","8,395,975.00 ns","8,415,897.66 ns","8,495,197.66 ns","8,530,492.19 ns",118.2029,"49,469.6537 ns",15.00,1.402,2.000,0.0639,21,*,No,206 B,31.2500,0.0000,0.0000,0.0000,3891858 B
GenerateCreditCards,Job-ZHGWDT,False,True,Default,Default,Default,Default,Default,111111111111,Empty,RyuJit,Default,X64,8c5e7fda-e8bf-4a96-9a85-a6e23a8c635c,.NET 8.0,False,True,False,True,Default,Default,False,False,True,Default,Default,Default,Default,Default,Default,Default,Default,Default,Default,Default,Default,Default,Default,Default,Default,Default,16,Default,DotNetTips.Spargine.Tester.BenchmarkTests,**NEW**,8192,"17,042,897.71 ns","174,114.964 ns","162,867.245 ns","42,052.142 ns","17,014,118.75 ns","16,826,040.62 ns","16,912,867.19 ns","17,174,484.38 ns","17,321,540.62 ns",58.6755,"174,114.9641 ns",15.00,1.653,2.000,0.4584,23,*,No,206 B,62.5000,0.0000,0.0000,0.0000,7783408 B
GeneratePersonNames,Job-ZHGWDT,False,True,Default,Default,Default,Default,Default,111111111111,Empty,RyuJit,Default,X64,8c5e7fda-e8bf-4a96-9a85-a6e23a8c635c,.NET 8.0,False,True,False,True,Default,Default,False,False,True,Default,Default,Default,Default,Default,Default,Default,Default,Default,Default,Default,Default,Default,Default,Default,Default,Default,16,Default,DotNetTips.Spargine.Tester.BenchmarkTests,**NEW**,64,"18,220,000.00 ns","147,838.047 ns","138,287.801 ns","35,705.757 ns","18,243,006.25 ns","17,794,706.25 ns","18,184,387.50 ns","18,281,481.25 ns","18,401,531.25 ns",54.8847,"147,838.0469 ns",15.00,6.300,2.000,-1.6763,24,*,No,"2,489 B",0.0000,0.0000,0.0000,0.0000,24179 B
GeneratePersonNames,Job-ZHGWDT,False,True,Default,Default,Default,Default,Default,111111111111,Empty,RyuJit,Default,X64,8c5e7fda-e8bf-4a96-9a85-a6e23a8c635c,.NET 8.0,False,True,False,True,Default,Default,False,False,True,Default,Default,Default,Default,Default,Default,Default,Default,Default,Default,Default,Default,Default,Default,Default,Default,Default,16,Default,DotNetTips.Spargine.Tester.BenchmarkTests,**NEW**,128,"36,246,678.57 ns","323,859.822 ns","270,437.619 ns","75,005.900 ns","36,348,171.43 ns","35,762,464.29 ns","36,044,900.00 ns","36,425,478.57 ns","36,584,657.14 ns",27.5887,"323,859.8215 ns",13.00,1.779,2.000,-0.6434,27,*,No,"2,489 B",0.0000,0.0000,0.0000,0.0000,48285 B
GeneratePersonNames,Job-ZHGWDT,False,True,Default,Default,Default,Default,Default,111111111111,Empty,RyuJit,Default,X64,8c5e7fda-e8bf-4a96-9a85-a6e23a8c635c,.NET 8.0,False,True,False,True,Default,Default,False,False,True,Default,Default,Default,Default,Default,Default,Default,Default,Default,Default,Default,Default,Default,Default,Default,Default,Default,16,Default,DotNetTips.Spargine.Tester.BenchmarkTests,**NEW**,256,"72,492,497.14 ns","751,854.980 ns","703,285.614 ns","181,587.565 ns","72,401,542.86 ns","71,498,042.86 ns","71,938,721.43 ns","72,991,092.86 ns","73,754,714.29 ns",13.7945,"751,854.9797 ns",15.00,1.645,2.000,0.3671,30,*,No,"2,489 B",0.0000,0.0000,0.0000,0.0000,96496 B
GeneratePersonNames,Job-ZHGWDT,False,True,Default,Default,Default,Default,Default,111111111111,Empty,RyuJit,Default,X64,8c5e7fda-e8bf-4a96-9a85-a6e23a8c635c,.NET 8.0,False,True,False,True,Default,Default,False,False,True,Default,Default,Default,Default,Default,Default,Default,Default,Default,Default,Default,Default,Default,Default,Default,Default,Default,16,Default,DotNetTips.Spargine.Tester.BenchmarkTests,**NEW**,512,"146,699,858.33 ns","1,357,449.770 ns","1,269,759.357 ns","327,850.456 ns","147,233,425.00 ns","144,435,850.00 ns","145,726,712.50 ns","147,742,687.50 ns","148,586,550.00 ns",6.8166,"1,357,449.7703 ns",15.00,1.592,2.000,-0.2982,33,*,No,"2,486 B",0.0000,0.0000,0.0000,0.0000,192860 B
GeneratePersonNames,Job-ZHGWDT,False,True,Default,Default,Default,Default,Default,111111111111,Empty,RyuJit,Default,X64,8c5e7fda-e8bf-4a96-9a85-a6e23a8c635c,.NET 8.0,False,True,False,True,Default,Default,False,False,True,Default,Default,Default,Default,Default,Default,Default,Default,Default,Default,Default,Default,Default,Default,Default,Default,Default,16,Default,DotNetTips.Spargine.Tester.BenchmarkTests,**NEW**,1024,"309,010,679.17 ns","2,425,272.713 ns","1,893,493.406 ns","546,604.464 ns","308,922,775.00 ns","304,305,250.00 ns","308,589,237.50 ns","309,598,712.50 ns","311,788,000.00 ns",3.2361,"2,425,272.7127 ns",12.00,3.789,2.000,-0.8241,36,*,No,727 B,0.0000,0.0000,0.0000,0.0000,385848 B
GeneratePersonNames,Job-ZHGWDT,False,True,Default,Default,Default,Default,Default,111111111111,Empty,RyuJit,Default,X64,8c5e7fda-e8bf-4a96-9a85-a6e23a8c635c,.NET 8.0,False,True,False,True,Default,Default,False,False,True,Default,Default,Default,Default,Default,Default,Default,Default,Default,Default,Default,Default,Default,Default,Default,Default,Default,16,Default,DotNetTips.Spargine.Tester.BenchmarkTests,**NEW**,2048,"600,639,720.00 ns","4,147,072.889 ns","3,879,174.553 ns","1,001,598.563 ns","602,385,100.00 ns","593,620,100.00 ns","598,094,550.00 ns","603,370,500.00 ns","604,752,100.00 ns",1.6649,"4,147,072.8888 ns",15.00,1.797,2.000,-0.6980,39,*,No,740 B,0.0000,0.0000,0.0000,0.0000,771536 B
GeneratePersonNames,Job-ZHGWDT,False,True,Default,Default,Default,Default,Default,111111111111,Empty,RyuJit,Default,X64,8c5e7fda-e8bf-4a96-9a85-a6e23a8c635c,.NET 8.0,False,True,False,True,Default,Default,False,False,True,Default,Default,Default,Default,Default,Default,Default,Default,Default,Default,Default,Default,Default,Default,Default,Default,Default,16,Default,DotNetTips.Spargine.Tester.BenchmarkTests,**NEW**,4096,"1,278,228,846.67 ns","4,143,899.324 ns","3,876,205.999 ns","1,000,832.085 ns","1,279,085,000.00 ns","1,266,719,200.00 ns","1,276,938,950.00 ns","1,280,091,150.00 ns","1,282,820,100.00 ns",0.7823,"4,143,899.3239 ns",15.00,5.490,2.000,-1.5050,42,*,No,740 B,0.0000,0.0000,0.0000,0.0000,1542032 B
GeneratePersonNames,Job-ZHGWDT,False,True,Default,Default,Default,Default,Default,111111111111,Empty,RyuJit,Default,X64,8c5e7fda-e8bf-4a96-9a85-a6e23a8c635c,.NET 8.0,False,True,False,True,Default,Default,False,False,True,Default,Default,Default,Default,Default,Default,Default,Default,Default,Default,Default,Default,Default,Default,Default,Default,Default,16,Default,DotNetTips.Spargine.Tester.BenchmarkTests,**NEW**,8192,"2,575,164,233.33 ns","14,015,500.789 ns","13,110,108.134 ns","3,385,015.365 ns","2,575,413,000.00 ns","2,535,815,900.00 ns","2,570,559,300.00 ns","2,583,717,000.00 ns","2,589,140,300.00 ns",0.3883,"14,015,500.7895 ns",15.00,5.633,2.000,-1.6217,45,*,No,740 B,0.0000,0.0000,0.0000,0.0000,3083888 B
GeneratePersonRecordCollection,Job-ZHGWDT,False,True,Default,Default,Default,Default,Default,111111111111,Empty,RyuJit,Default,X64,8c5e7fda-e8bf-4a96-9a85-a6e23a8c635c,.NET 8.0,False,True,False,True,Default,Default,False,False,True,Default,Default,Default,Default,Default,Default,Default,Default,Default,Default,Default,Default,Default,Default,Default,Default,Default,16,Default,DotNetTips.Spargine.Tester.BenchmarkTests,**NEW**,64,"21,913,351.79 ns","138,240.642 ns","122,546.729 ns","32,751.991 ns","21,926,193.75 ns","21,567,100.00 ns","21,871,794.53 ns","21,966,671.88 ns","22,097,984.38 ns",45.6343,"138,240.6424 ns",14.00,5.042,2.000,-1.2773,26,*,No,481 B,0.0000,0.0000,0.0000,0.0000,286632 B
GeneratePersonRecordCollection,Job-ZHGWDT,False,True,Default,Default,Default,Default,Default,111111111111,Empty,RyuJit,Default,X64,8c5e7fda-e8bf-4a96-9a85-a6e23a8c635c,.NET 8.0,False,True,False,True,Default,Default,False,False,True,Default,Default,Default,Default,Default,Default,Default,Default,Default,Default,Default,Default,Default,Default,Default,Default,Default,16,Default,DotNetTips.Spargine.Tester.BenchmarkTests,**NEW**,128,"43,803,361.67 ns","306,978.008 ns","287,147.419 ns","74,141.145 ns","43,855,050.00 ns","43,048,333.33 ns","43,771,808.33 ns","44,011,333.33 ns","44,107,075.00 ns",22.8293,"306,978.0075 ns",15.00,3.788,2.000,-1.2800,29,*,No,481 B,0.0000,0.0000,0.0000,0.0000,578831 B
GeneratePersonRecordCollection,Job-ZHGWDT,False,True,Default,Default,Default,Default,Default,111111111111,Empty,RyuJit,Default,X64,8c5e7fda-e8bf-4a96-9a85-a6e23a8c635c,.NET 8.0,False,True,False,True,Default,Default,False,False,True,Default,Default,Default,Default,Default,Default,Default,Default,Default,Default,Default,Default,Default,Default,Default,Default,Default,16,Default,DotNetTips.Spargine.Tester.BenchmarkTests,**NEW**,256,"86,772,143.33 ns","783,828.637 ns","733,193.793 ns","189,309.823 ns","87,054,166.67 ns","85,347,316.67 ns","86,518,583.33 ns","87,308,850.00 ns","87,564,683.33 ns",11.5244,"783,828.6371 ns",15.00,2.270,2.000,-0.8159,32,*,No,476 B,0.0000,0.0000,0.0000,0.0000,1155256 B
GeneratePersonRecordCollection,Job-ZHGWDT,False,True,Default,Default,Default,Default,Default,111111111111,Empty,RyuJit,Default,X64,8c5e7fda-e8bf-4a96-9a85-a6e23a8c635c,.NET 8.0,False,True,False,True,Default,Default,False,False,True,Default,Default,Default,Default,Default,Default,Default,Default,Default,Default,Default,Default,Default,Default,Default,Default,Default,16,Default,DotNetTips.Spargine.Tester.BenchmarkTests,**NEW**,512,"174,875,482.22 ns","1,497,642.094 ns","1,400,895.344 ns","361,709.622 ns","175,179,533.33 ns","172,129,466.67 ns","174,641,533.33 ns","175,896,100.00 ns","176,582,566.67 ns",5.7184,"1,497,642.0939 ns",15.00,2.219,2.000,-0.7376,35,*,No,483 B,0.0000,0.0000,0.0000,0.0000,2309659 B
GeneratePersonRecordCollection,Job-ZHGWDT,False,True,Default,Default,Default,Default,Default,111111111111,Empty,RyuJit,Default,X64,8c5e7fda-e8bf-4a96-9a85-a6e23a8c635c,.NET 8.0,False,True,False,True,Default,Default,False,False,True,Default,Default,Default,Default,Default,Default,Default,Default,Default,Default,Default,Default,Default,Default,Default,Default,Default,16,Default,DotNetTips.Spargine.Tester.BenchmarkTests,**NEW**,1024,"351,612,500.00 ns","1,265,598.530 ns","1,121,920.132 ns","299,845.768 ns","351,956,750.00 ns","349,640,900.00 ns","350,751,275.00 ns","352,548,225.00 ns","353,042,600.00 ns",2.8440,"1,265,598.5296 ns",14.00,1.516,2.000,-0.3068,37,*,No,540 B,0.0000,0.0000,0.0000,0.0000,4624408 B
GeneratePersonRecordCollection,Job-ZHGWDT,False,True,Default,Default,Default,Default,Default,111111111111,Empty,RyuJit,Default,X64,8c5e7fda-e8bf-4a96-9a85-a6e23a8c635c,.NET 8.0,False,True,False,True,Default,Default,False,False,True,Default,Default,Default,Default,Default,Default,Default,Default,Default,Default,Default,Default,Default,Default,Default,Default,Default,16,Default,DotNetTips.Spargine.Tester.BenchmarkTests,**NEW**,2048,"696,407,773.33 ns","6,094,510.611 ns","5,700,809.007 ns","1,471,942.556 ns","696,594,700.00 ns","685,860,600.00 ns","693,239,100.00 ns","699,794,900.00 ns","704,229,900.00 ns",1.4359,"6,094,510.6112 ns",15.00,1.884,2.000,-0.4074,40,*,No,540 B,0.0000,0.0000,0.0000,0.0000,9241384 B
GeneratePersonRecordCollection,Job-ZHGWDT,False,True,Default,Default,Default,Default,Default,111111111111,Empty,RyuJit,Default,X64,8c5e7fda-e8bf-4a96-9a85-a6e23a8c635c,.NET 8.0,False,True,False,True,Default,Default,False,False,True,Default,Default,Default,Default,Default,Default,Default,Default,Default,Default,Default,Default,Default,Default,Default,Default,Default,16,Default,DotNetTips.Spargine.Tester.BenchmarkTests,**NEW**,4096,"1,400,774,800.00 ns","13,051,655.947 ns","10,189,874.462 ns","2,941,563.382 ns","1,403,166,000.00 ns","1,381,147,000.00 ns","1,398,977,650.00 ns","1,407,728,800.00 ns","1,411,640,700.00 ns",0.7139,"13,051,655.9473 ns",12.00,2.345,2.000,-0.8937,43,*,No,540 B,0.0000,0.0000,0.0000,0.0000,18562840 B
GeneratePersonRecordCollection,Job-ZHGWDT,False,True,Default,Default,Default,Default,Default,111111111111,Empty,RyuJit,Default,X64,8c5e7fda-e8bf-4a96-9a85-a6e23a8c635c,.NET 8.0,False,True,False,True,Default,Default,False,False,True,Default,Default,Default,Default,Default,Default,Default,Default,Default,Default,Default,Default,Default,Default,Default,Default,Default,16,Default,DotNetTips.Spargine.Tester.BenchmarkTests,**NEW**,8192,"2,776,500,164.29 ns","22,250,993.148 ns","19,724,925.855 ns","5,271,708.181 ns","2,781,292,100.00 ns","2,727,980,500.00 ns","2,779,722,500.00 ns","2,785,011,675.00 ns","2,794,987,800.00 ns",0.3602,"22,250,993.1476 ns",14.00,4.101,2.000,-1.5901,46,*,No,540 B,0.0000,0.0000,0.0000,0.0000,37012008 B
GeneratePersonValCollection,Job-ZHGWDT,False,True,Default,Default,Default,Default,Default,111111111111,Empty,RyuJit,Default,X64,8c5e7fda-e8bf-4a96-9a85-a6e23a8c635c,.NET 8.0,False,True,False,True,Default,Default,False,False,True,Default,Default,Default,Default,Default,Default,Default,Default,Default,Default,Default,Default,Default,Default,Default,Default,Default,16,Default,DotNetTips.Spargine.Tester.BenchmarkTests,**NEW**,64,"21,695,247.32 ns","93,828.049 ns","83,176.121 ns","22,229.753 ns","21,699,465.62 ns","21,506,987.50 ns","21,679,628.12 ns","21,740,486.72 ns","21,826,096.88 ns",46.0930,"93,828.0486 ns",14.00,2.966,2.000,-0.6492,26,*,No,"2,248 B",0.0000,0.0000,0.0000,0.0000,289860 B
GeneratePersonValCollection,Job-ZHGWDT,False,True,Default,Default,Default,Default,Default,111111111111,Empty,RyuJit,Default,X64,8c5e7fda-e8bf-4a96-9a85-a6e23a8c635c,.NET 8.0,False,True,False,True,Default,Default,False,False,True,Default,Default,Default,Default,Default,Default,Default,Default,Default,Default,Default,Default,Default,Default,Default,Default,Default,16,Default,DotNetTips.Spargine.Tester.BenchmarkTests,**NEW**,128,"43,752,061.67 ns","267,764.264 ns","250,466.858 ns","64,670.265 ns","43,767,616.67 ns","43,154,591.67 ns","43,632,020.83 ns","43,890,183.33 ns","44,157,183.33 ns",22.8561,"267,764.2637 ns",15.00,3.043,2.000,-0.4456,29,*,No,"2,248 B",0.0000,0.0000,0.0000,0.0000,577676 B
GeneratePersonValCollection,Job-ZHGWDT,False,True,Default,Default,Default,Default,Default,111111111111,Empty,RyuJit,Default,X64,8c5e7fda-e8bf-4a96-9a85-a6e23a8c635c,.NET 8.0,False,True,False,True,Default,Default,False,False,True,Default,Default,Default,Default,Default,Default,Default,Default,Default,Default,Default,Default,Default,Default,Default,Default,Default,16,Default,DotNetTips.Spargine.Tester.BenchmarkTests,**NEW**,256,"87,320,550.00 ns","363,529.562 ns","322,259.488 ns","86,127.471 ns","87,380,216.67 ns","86,600,366.67 ns","87,171,520.83 ns","87,486,187.50 ns","87,871,716.67 ns",11.4521,"363,529.5617 ns",14.00,2.833,2.000,-0.6108,32,*,No,"2,268 B",0.0000,0.0000,0.0000,0.0000,1155735 B
GeneratePersonValCollection,Job-ZHGWDT,False,True,Default,Default,Default,Default,Default,111111111111,Empty,RyuJit,Default,X64,8c5e7fda-e8bf-4a96-9a85-a6e23a8c635c,.NET 8.0,False,True,False,True,Default,Default,False,False,True,Default,Default,Default,Default,Default,Default,Default,Default,Default,Default,Default,Default,Default,Default,Default,Default,Default,16,Default,DotNetTips.Spargine.Tester.BenchmarkTests,**NEW**,512,"176,419,117.78 ns","3,449,602.280 ns","3,226,760.113 ns","833,145.879 ns","175,303,633.33 ns","172,368,500.00 ns","174,395,533.33 ns","178,504,850.00 ns","183,029,066.67 ns",5.6683,"3,449,602.2799 ns",15.00,2.130,2.000,0.6441,35,*,No,"2,259 B",0.0000,0.0000,0.0000,0.0000,2322803 B
GeneratePersonValCollection,Job-ZHGWDT,False,True,Default,Default,Default,Default,Default,111111111111,Empty,RyuJit,Default,X64,8c5e7fda-e8bf-4a96-9a85-a6e23a8c635c,.NET 8.0,False,True,False,True,Default,Default,False,False,True,Default,Default,Default,Default,Default,Default,Default,Default,Default,Default,Default,Default,Default,Default,Default,Default,Default,16,Default,DotNetTips.Spargine.Tester.BenchmarkTests,**NEW**,1024,"364,381,592.86 ns","6,633,109.378 ns","5,880,078.691 ns","1,571,517.134 ns","362,161,600.00 ns","359,131,000.00 ns","361,327,525.00 ns","363,170,150.00 ns","375,426,700.00 ns",2.7444,"6,633,109.3781 ns",14.00,2.417,2.000,1.1146,38,*,No,653 B,0.0000,0.0000,0.0000,0.0000,4627320 B
GeneratePersonValCollection,Job-ZHGWDT,False,True,Default,Default,Default,Default,Default,111111111111,Empty,RyuJit,Default,X64,8c5e7fda-e8bf-4a96-9a85-a6e23a8c635c,.NET 8.0,False,True,False,True,Default,Default,False,False,True,Default,Default,Default,Default,Default,Default,Default,Default,Default,Default,Default,Default,Default,Default,Default,Default,Default,16,Default,DotNetTips.Spargine.Tester.BenchmarkTests,**NEW**,2048,"707,702,326.67 ns","4,349,903.225 ns","4,068,902.175 ns","1,050,586.024 ns","706,900,600.00 ns","702,778,400.00 ns","705,054,050.00 ns","709,829,950.00 ns","715,666,800.00 ns",1.4130,"4,349,903.2245 ns",15.00,2.316,2.000,0.7702,41,*,No,653 B,0.0000,0.0000,0.0000,0.0000,9276800 B
GeneratePersonValCollection,Job-ZHGWDT,False,True,Default,Default,Default,Default,Default,111111111111,Empty,RyuJit,Default,X64,8c5e7fda-e8bf-4a96-9a85-a6e23a8c635c,.NET 8.0,False,True,False,True,Default,Default,False,False,True,Default,Default,Default,Default,Default,Default,Default,Default,Default,Default,Default,Default,Default,Default,Default,Default,Default,16,Default,DotNetTips.Spargine.Tester.BenchmarkTests,**NEW**,4096,"1,439,015,486.36 ns","27,820,279.928 ns","34,165,802.169 ns","7,284,173.497 ns","1,441,802,200.00 ns","1,383,465,900.00 ns","1,408,659,250.00 ns","1,474,109,350.00 ns","1,482,030,700.00 ns",0.6949,"27,820,279.9279 ns",22.00,1.628,2.000,-0.2063,44,*,No,653 B,0.0000,0.0000,0.0000,0.0000,18560736 B
GeneratePersonValCollection,Job-ZHGWDT,False,True,Default,Default,Default,Default,Default,111111111111,Empty,RyuJit,Default,X64,8c5e7fda-e8bf-4a96-9a85-a6e23a8c635c,.NET 8.0,False,True,False,True,Default,Default,False,False,True,Default,Default,Default,Default,Default,Default,Default,Default,Default,Default,Default,Default,Default,Default,Default,Default,Default,16,Default,DotNetTips.Spargine.Tester.BenchmarkTests,**NEW**,8192,"2,772,374,466.67 ns","23,441,528.848 ns","21,927,220.629 ns","5,661,584.022 ns","2,780,319,900.00 ns","2,735,305,300.00 ns","2,760,858,200.00 ns","2,782,693,350.00 ns","2,798,217,600.00 ns",0.3607,"23,441,528.8481 ns",15.00,1.840,2.000,-0.7028,46,*,No,653 B,0.0000,0.0000,0.0000,0.0000,37124160 B
Person:OrderBy(),Job-ZHGWDT,False,True,Default,Default,Default,Default,Default,111111111111,Empty,RyuJit,Default,X64,8c5e7fda-e8bf-4a96-9a85-a6e23a8c635c,.NET 8.0,False,True,False,True,Default,Default,False,False,True,Default,Default,Default,Default,Default,Default,Default,Default,Default,Default,Default,Default,Default,Default,Default,Default,Default,16,Default,DotNetTips.Spargine.Tester.BenchmarkTests,**NEW**,64,13.74 ns,0.077 ns,0.068 ns,0.018 ns,13.72 ns,13.59 ns,13.71 ns,13.78 ns,13.84 ns,"72,789,713.2543",0.0767 ns,14.00,2.412,2.000,-0.2615,1,*,No,356 B,0.0006,0.0000,0.0000,0.0000,56 B
Person:OrderBy(),Job-ZHGWDT,False,True,Default,Default,Default,Default,Default,111111111111,Empty,RyuJit,Default,X64,8c5e7fda-e8bf-4a96-9a85-a6e23a8c635c,.NET 8.0,False,True,False,True,Default,Default,False,False,True,Default,Default,Default,Default,Default,Default,Default,Default,Default,Default,Default,Default,Default,Default,Default,Default,Default,16,Default,DotNetTips.Spargine.Tester.BenchmarkTests,**NEW**,128,13.93 ns,0.122 ns,0.115 ns,0.030 ns,13.97 ns,13.73 ns,13.84 ns,14.00 ns,14.10 ns,"71,808,435.0077",0.1224 ns,15.00,1.631,2.000,-0.1449,1,*,No,356 B,0.0006,0.0000,0.0000,0.0000,56 B
Person:OrderBy(),Job-ZHGWDT,False,True,Default,Default,Default,Default,Default,111111111111,Empty,RyuJit,Default,X64,8c5e7fda-e8bf-4a96-9a85-a6e23a8c635c,.NET 8.0,False,True,False,True,Default,Default,False,False,True,Default,Default,Default,Default,Default,Default,Default,Default,Default,Default,Default,Default,Default,Default,Default,Default,Default,16,Default,DotNetTips.Spargine.Tester.BenchmarkTests,**NEW**,256,14.37 ns,0.097 ns,0.086 ns,0.023 ns,14.34 ns,14.28 ns,14.31 ns,14.42 ns,14.55 ns,"69,591,027.8333",0.0975 ns,14.00,2.332,2.000,0.8565,2,*,No,356 B,0.0006,0.0000,0.0000,0.0000,56 B
Person:OrderBy(),Job-ZHGWDT,False,True,Default,Default,Default,Default,Default,111111111111,Empty,RyuJit,Default,X64,8c5e7fda-e8bf-4a96-9a85-a6e23a8c635c,.NET 8.0,False,True,False,True,Default,Default,False,False,True,Default,Default,Default,Default,Default,Default,Default,Default,Default,Default,Default,Default,Default,Default,Default,Default,Default,16,Default,DotNetTips.Spargine.Tester.BenchmarkTests,**NEW**,512,14.39 ns,0.097 ns,0.081 ns,0.022 ns,14.40 ns,14.23 ns,14.36 ns,14.45 ns,14.52 ns,"69,481,463.5707",0.0969 ns,13.00,2.055,2.000,-0.3159,2,*,No,318 B,0.0006,0.0000,0.0000,0.0000,56 B
Person:OrderBy(),Job-ZHGWDT,False,True,Default,Default,Default,Default,Default,111111111111,Empty,RyuJit,Default,X64,8c5e7fda-e8bf-4a96-9a85-a6e23a8c635c,.NET 8.0,False,True,False,True,Default,Default,False,False,True,Default,Default,Default,Default,Default,Default,Default,Default,Default,Default,Default,Default,Default,Default,Default,Default,Default,16,Default,DotNetTips.Spargine.Tester.BenchmarkTests,**NEW**,1024,13.99 ns,0.066 ns,0.055 ns,0.015 ns,13.98 ns,13.86 ns,13.96 ns,14.03 ns,14.06 ns,"71,501,962.1553",0.0661 ns,13.00,2.502,2.000,-0.5607,1,*,No,318 B,0.0006,0.0000,0.0000,0.0000,56 B
Person:OrderBy(),Job-ZHGWDT,False,True,Default,Default,Default,Default,Default,111111111111,Empty,RyuJit,Default,X64,8c5e7fda-e8bf-4a96-9a85-a6e23a8c635c,.NET 8.0,False,True,False,True,Default,Default,False,False,True,Default,Default,Default,Default,Default,Default,Default,Default,Default,Default,Default,Default,Default,Default,Default,Default,Default,16,Default,DotNetTips.Spargine.Tester.BenchmarkTests,**NEW**,2048,13.95 ns,0.065 ns,0.061 ns,0.016 ns,13.94 ns,13.87 ns,13.90 ns,13.98 ns,14.09 ns,"71,698,489.8724",0.0649 ns,15.00,2.639,2.000,0.6871,1,*,No,318 B,0.0006,0.0000,0.0000,0.0000,56 B
Person:OrderBy(),Job-ZHGWDT,False,True,Default,Default,Default,Default,Default,111111111111,Empty,RyuJit,Default,X64,8c5e7fda-e8bf-4a96-9a85-a6e23a8c635c,.NET 8.0,False,True,False,True,Default,Default,False,False,True,Default,Default,Default,Default,Default,Default,Default,Default,Default,Default,Default,Default,Default,Default,Default,Default,Default,16,Default,DotNetTips.Spargine.Tester.BenchmarkTests,**NEW**,4096,13.90 ns,0.051 ns,0.042 ns,0.012 ns,13.90 ns,13.85 ns,13.86 ns,13.92 ns,13.99 ns,"71,935,174.1160",0.0508 ns,13.00,1.969,2.000,0.4788,1,*,No,318 B,0.0006,0.0000,0.0000,0.0000,56 B
Person:OrderBy(),Job-ZHGWDT,False,True,Default,Default,Default,Default,Default,111111111111,Empty,RyuJit,Default,X64,8c5e7fda-e8bf-4a96-9a85-a6e23a8c635c,.NET 8.0,False,True,False,True,Default,Default,False,False,True,Default,Default,Default,Default,Default,Default,Default,Default,Default,Default,Default,Default,Default,Default,Default,Default,Default,16,Default,DotNetTips.Spargine.Tester.BenchmarkTests,**NEW**,8192,13.88 ns,0.048 ns,0.040 ns,0.011 ns,13.89 ns,13.82 ns,13.85 ns,13.91 ns,13.95 ns,"72,024,386.5494",0.0477 ns,13.00,1.730,2.000,0.0954,1,*,No,318 B,0.0006,0.0000,0.0000,0.0000,56 B
PersonRecord:OrderBy(),Job-ZHGWDT,False,True,Default,Default,Default,Default,Default,111111111111,Empty,RyuJit,Default,X64,8c5e7fda-e8bf-4a96-9a85-a6e23a8c635c,.NET 8.0,False,True,False,True,Default,Default,False,False,True,Default,Default,Default,Default,Default,Default,Default,Default,Default,Default,Default,Default,Default,Default,Default,Default,Default,16,Default,DotNetTips.Spargine.Tester.BenchmarkTests,**NEW**,64,13.75 ns,0.078 ns,0.069 ns,0.018 ns,13.75 ns,13.65 ns,13.69 ns,13.79 ns,13.88 ns,"72,737,174.0477",0.0780 ns,14.00,1.868,2.000,0.4394,1,*,No,356 B,0.0006,0.0000,0.0000,0.0000,56 B
PersonRecord:OrderBy(),Job-ZHGWDT,False,True,Default,Default,Default,Default,Default,111111111111,Empty,RyuJit,Default,X64,8c5e7fda-e8bf-4a96-9a85-a6e23a8c635c,.NET 8.0,False,True,False,True,Default,Default,False,False,True,Default,Default,Default,Default,Default,Default,Default,Default,Default,Default,Default,Default,Default,Default,Default,Default,Default,16,Default,DotNetTips.Spargine.Tester.BenchmarkTests,**NEW**,128,13.86 ns,0.074 ns,0.065 ns,0.017 ns,13.86 ns,13.73 ns,13.81 ns,13.91 ns,13.97 ns,"72,160,057.7327",0.0738 ns,14.00,1.982,2.000,-0.1294,1,*,No,356 B,0.0006,0.0000,0.0000,0.0000,56 B
PersonRecord:OrderBy(),Job-ZHGWDT,False,True,Default,Default,Default,Default,Default,111111111111,Empty,RyuJit,Default,X64,8c5e7fda-e8bf-4a96-9a85-a6e23a8c635c,.NET 8.0,False,True,False,True,Default,Default,False,False,True,Default,Default,Default,Default,Default,Default,Default,Default,Default,Default,Default,Default,Default,Default,Default,Default,Default,16,Default,DotNetTips.Spargine.Tester.BenchmarkTests,**NEW**,256,13.99 ns,0.084 ns,0.074 ns,0.020 ns,13.98 ns,13.88 ns,13.94 ns,14.04 ns,14.13 ns,"71,476,195.3400",0.0839 ns,14.00,1.728,2.000,0.1259,1,*,No,356 B,0.0006,0.0000,0.0000,0.0000,56 B
PersonRecord:OrderBy(),Job-ZHGWDT,False,True,Default,Default,Default,Default,Default,111111111111,Empty,RyuJit,Default,X64,8c5e7fda-e8bf-4a96-9a85-a6e23a8c635c,.NET 8.0,False,True,False,True,Default,Default,False,False,True,Default,Default,Default,Default,Default,Default,Default,Default,Default,Default,Default,Default,Default,Default,Default,Default,Default,16,Default,DotNetTips.Spargine.Tester.BenchmarkTests,**NEW**,512,13.72 ns,0.083 ns,0.073 ns,0.020 ns,13.72 ns,13.60 ns,13.66 ns,13.76 ns,13.84 ns,"72,881,681.4284",0.0826 ns,14.00,1.717,2.000,0.0384,1,*,No,318 B,0.0006,0.0000,0.0000,0.0000,56 B
PersonRecord:OrderBy(),Job-ZHGWDT,False,True,Default,Default,Default,Default,Default,111111111111,Empty,RyuJit,Default,X64,8c5e7fda-e8bf-4a96-9a85-a6e23a8c635c,.NET 8.0,False,True,False,True,Default,Default,False,False,True,Default,Default,Default,Default,Default,Default,Default,Default,Default,Default,Default,Default,Default,Default,Default,Default,Default,16,Default,DotNetTips.Spargine.Tester.BenchmarkTests,**NEW**,1024,13.98 ns,0.105 ns,0.099 ns,0.025 ns,13.94 ns,13.86 ns,13.91 ns,14.04 ns,14.16 ns,"71,539,596.4102",0.1053 ns,15.00,1.838,2.000,0.6289,1,*,No,318 B,0.0006,0.0000,0.0000,0.0000,56 B
PersonRecord:OrderBy(),Job-ZHGWDT,False,True,Default,Default,Default,Default,Default,111111111111,Empty,RyuJit,Default,X64,8c5e7fda-e8bf-4a96-9a85-a6e23a8c635c,.NET 8.0,False,True,False,True,Default,Default,False,False,True,Default,Default,Default,Default,Default,Default,Default,Default,Default,Default,Default,Default,Default,Default,Default,Default,Default,16,Default,DotNetTips.Spargine.Tester.BenchmarkTests,**NEW**,2048,13.85 ns,0.076 ns,0.071 ns,0.018 ns,13.85 ns,13.76 ns,13.79 ns,13.89 ns,14.00 ns,"72,192,746.5146",0.0763 ns,15.00,2.173,2.000,0.3266,1,*,No,318 B,0.0006,0.0000,0.0000,0.0000,56 B
PersonRecord:OrderBy(),Job-ZHGWDT,False,True,Default,Default,Default,Default,Default,111111111111,Empty,RyuJit,Default,X64,8c5e7fda-e8bf-4a96-9a85-a6e23a8c635c,.NET 8.0,False,True,False,True,Default,Default,False,False,True,Default,Default,Default,Default,Default,Default,Default,Default,Default,Default,Default,Default,Default,Default,Default,Default,Default,16,Default,DotNetTips.Spargine.Tester.BenchmarkTests,**NEW**,4096,13.69 ns,0.102 ns,0.091 ns,0.024 ns,13.69 ns,13.54 ns,13.67 ns,13.75 ns,13.85 ns,"73,030,118.9163",0.1025 ns,14.00,2.084,2.000,-0.1957,1,*,No,318 B,0.0006,0.0000,0.0000,0.0000,56 B
PersonRecord:OrderBy(),Job-ZHGWDT,False,True,Default,Default,Default,Default,Default,111111111111,Empty,RyuJit,Default,X64,8c5e7fda-e8bf-4a96-9a85-a6e23a8c635c,.NET 8.0,False,True,False,True,Default,Default,False,False,True,Default,Default,Default,Default,Default,Default,Default,Default,Default,Default,Default,Default,Default,Default,Default,Default,Default,16,Default,DotNetTips.Spargine.Tester.BenchmarkTests,**NEW**,8192,13.99 ns,0.082 ns,0.077 ns,0.020 ns,14.02 ns,13.85 ns,13.94 ns,14.04 ns,14.09 ns,"71,492,217.7310",0.0824 ns,15.00,1.761,2.000,-0.5491,1,*,No,318 B,0.0006,0.0000,0.0000,0.0000,56 B
