Method,Job,AnalyzeLaunchVariance,EvaluateOverhead,MaxAbsoluteError,MaxRelativeError,MinInvokeCount,MinIterationTime,OutlierMode,Affinity,EnvironmentVariables,Jit,LargeAddressAware,Platform,PowerPlanMode,Runtime,AllowVeryLargeObjects,Concurrent,CpuGroups,Force,HeapAffinitizeMask,HeapCount,NoAffinitize,RetainVm,Server,Arguments,BuildConfiguration,Clock,EngineFactory,NuGetReferences,Toolchain,IsMutator,InvocationCount,IterationCount,IterationTime,LaunchCount,MaxIterationCount,MaxWarmupIterationCount,MemoryRandomization,MinIterationCount,MinWarmupIterationCount,RunStrategy,UnrollFactor,WarmupCount,Namespace,Categories,Count,Mean,Error,StdDev,StdErr,Min,Q1,Median,Q3,Max,Op/s,CI99.9% Margin,Iterations,Kurtosis,MValue,Skewness,Rank,LogicalGroup,Baseline,Gen0,Exceptions,Code Size,Completed Work Items,Lock Contentions,Allocated
'AddRange: List',Job-AVPYBY,False,True,Default,Default,Default,Default,Default,111111111111,Empty,RyuJit,Default,X64,8c5e7fda-e8bf-4a96-9a85-a6e23a8c635c,.NET 8.0,False,True,False,True,Default,Default,False,False,True,Default,Default,Default,Default,Default,Default,Default,Default,Default,Default,Default,Default,Default,Default,Default,Default,Default,16,Default,DotNetTips.Spargine.Extensions.BenchmarkTests,Collections,16,"2,665.983 ns",10.0875 ns,9.4359 ns,2.4363 ns,"2,651.063 ns","2,658.863 ns","2,666.445 ns","2,671.638 ns","2,681.669 ns","375,096.1",6.2818 ns,15.00,1.731,2.000,-0.0029,10,*,No,0.0076,0.0000,"1,348 B",0.0000,0.0000,768 B
'AddRange: List',Job-AVPYBY,False,True,Default,Default,Default,Default,Default,111111111111,Empty,RyuJit,Default,X64,8c5e7fda-e8bf-4a96-9a85-a6e23a8c635c,.NET 8.0,False,True,False,True,Default,Default,False,False,True,Default,Default,Default,Default,Default,Default,Default,Default,Default,Default,Default,Default,Default,Default,Default,Default,Default,16,Default,DotNetTips.Spargine.Extensions.BenchmarkTests,Collections,32,"5,405.158 ns",18.5217 ns,17.3252 ns,4.4734 ns,"5,369.828 ns","5,396.244 ns","5,409.299 ns","5,412.977 ns","5,433.145 ns","185,008.5",5.2633 ns,15.00,2.298,2.000,-0.3020,13,*,No,0.0076,0.0000,"1,348 B",0.0000,0.0000,1368 B
'AddRange: List',Job-AVPYBY,False,True,Default,Default,Default,Default,Default,111111111111,Empty,RyuJit,Default,X64,8c5e7fda-e8bf-4a96-9a85-a6e23a8c635c,.NET 8.0,False,True,False,True,Default,Default,False,False,True,Default,Default,Default,Default,Default,Default,Default,Default,Default,Default,Default,Default,Default,Default,Default,Default,Default,16,Default,DotNetTips.Spargine.Extensions.BenchmarkTests,Collections,64,"11,303.505 ns",34.1821 ns,28.5436 ns,7.9166 ns,"11,268.965 ns","11,283.223 ns","11,299.306 ns","11,309.375 ns","11,375.542 ns","88,468.1",2.5417 ns,13.00,3.586,2.000,1.1135,16,*,No,0.0153,0.0000,"1,348 B",0.0000,0.0000,2328 B
'AddRange: List',Job-AVPYBY,False,True,Default,Default,Default,Default,Default,111111111111,Empty,RyuJit,Default,X64,8c5e7fda-e8bf-4a96-9a85-a6e23a8c635c,.NET 8.0,False,True,False,True,Default,Default,False,False,True,Default,Default,Default,Default,Default,Default,Default,Default,Default,Default,Default,Default,Default,Default,Default,Default,Default,16,Default,DotNetTips.Spargine.Extensions.BenchmarkTests,Collections,128,"23,831.584 ns",80.4061 ns,75.2119 ns,19.4196 ns,"23,737.079 ns","23,776.160 ns","23,799.973 ns","23,891.191 ns","23,989.032 ns","41,961.1",-2.2098 ns,15.00,1.922,2.000,0.4739,19,*,No,0.0305,0.0000,"1,348 B",0.0000,0.0000,4128 B
'AddRange: List',Job-AVPYBY,False,True,Default,Default,Default,Default,Default,111111111111,Empty,RyuJit,Default,X64,8c5e7fda-e8bf-4a96-9a85-a6e23a8c635c,.NET 8.0,False,True,False,True,Default,Default,False,False,True,Default,Default,Default,Default,Default,Default,Default,Default,Default,Default,Default,Default,Default,Default,Default,Default,Default,16,Default,DotNetTips.Spargine.Extensions.BenchmarkTests,Collections,256,"53,023.841 ns",204.0463 ns,170.3879 ns,47.2571 ns,"52,708.987 ns","52,921.512 ns","53,032.309 ns","53,160.745 ns","53,289.603 ns","18,859.4",-17.1286 ns,13.00,1.887,2.000,-0.0393,21,*,No,0.0610,0.0000,"1,348 B",0.0000,0.0000,8808 B
'AddRange: List',Job-AVPYBY,False,True,Default,Default,Default,Default,Default,111111111111,Empty,RyuJit,Default,X64,8c5e7fda-e8bf-4a96-9a85-a6e23a8c635c,.NET 8.0,False,True,False,True,Default,Default,False,False,True,Default,Default,Default,Default,Default,Default,Default,Default,Default,Default,Default,Default,Default,Default,Default,Default,Default,16,Default,DotNetTips.Spargine.Extensions.BenchmarkTests,Collections,512,"113,412.338 ns",403.0563 ns,336.5703 ns,93.3478 ns,"112,881.274 ns","113,081.311 ns","113,457.312 ns","113,667.871 ns","113,968.616 ns","8,817.4",-40.1739 ns,13.00,1.690,2.000,-0.1551,23,*,No,0.1221,0.0000,"1,348 B",0.0000,0.0000,18568 B
'AddRange: List',Job-AVPYBY,False,True,Default,Default,Default,Default,Default,111111111111,Empty,RyuJit,Default,X64,8c5e7fda-e8bf-4a96-9a85-a6e23a8c635c,.NET 8.0,False,True,False,True,Default,Default,False,False,True,Default,Default,Default,Default,Default,Default,Default,Default,Default,Default,Default,Default,Default,Default,Default,Default,Default,16,Default,DotNetTips.Spargine.Extensions.BenchmarkTests,Collections,1024,"234,356.442 ns",846.4606 ns,791.7798 ns,204.4367 ns,"232,856.860 ns","233,851.709 ns","234,476.440 ns","234,939.673 ns","235,429.126 ns","4,267.0",-94.7183 ns,15.00,1.823,2.000,-0.4152,25,*,No,0.2441,0.0000,"1,348 B",0.0000,0.0000,32128 B
'AddRange: List',Job-AVPYBY,False,True,Default,Default,Default,Default,Default,111111111111,Empty,RyuJit,Default,X64,8c5e7fda-e8bf-4a96-9a85-a6e23a8c635c,.NET 8.0,False,True,False,True,Default,Default,False,False,True,Default,Default,Default,Default,Default,Default,Default,Default,Default,Default,Default,Default,Default,Default,Default,Default,Default,16,Default,DotNetTips.Spargine.Extensions.BenchmarkTests,Collections,2048,"472,363.546 ns","1,660.6937 ns","1,296.5604 ns",374.2847 ns,"469,766.040 ns","471,863.818 ns","472,413.110 ns","473,318.542 ns","474,049.194 ns","2,117.0",-181.1424 ns,12.00,2.063,2.000,-0.4941,27,*,No,0.4883,0.0000,"1,344 B",0.0000,0.0000,67609 B
'HasItems: With Count',Job-AVPYBY,False,True,Default,Default,Default,Default,Default,111111111111,Empty,RyuJit,Default,X64,8c5e7fda-e8bf-4a96-9a85-a6e23a8c635c,.NET 8.0,False,True,False,True,Default,Default,False,False,True,Default,Default,Default,Default,Default,Default,Default,Default,Default,Default,Default,Default,Default,Default,Default,Default,Default,16,Default,DotNetTips.Spargine.Extensions.BenchmarkTests,Collections,16,1.662 ns,0.0100 ns,0.0094 ns,0.0024 ns,1.646 ns,1.658 ns,1.662 ns,1.669 ns,1.679 ns,"601,705,461.7",7.4988 ns,15.00,2.143,2.000,-0.0664,2,*,No,0.0000,0.0000,93 B,0.0000,0.0000,0 B
'HasItems: With Count',Job-AVPYBY,False,True,Default,Default,Default,Default,Default,111111111111,Empty,RyuJit,Default,X64,8c5e7fda-e8bf-4a96-9a85-a6e23a8c635c,.NET 8.0,False,True,False,True,Default,Default,False,False,True,Default,Default,Default,Default,Default,Default,Default,Default,Default,Default,Default,Default,Default,Default,Default,Default,Default,16,Default,DotNetTips.Spargine.Extensions.BenchmarkTests,Collections,32,1.453 ns,0.0090 ns,0.0084 ns,0.0022 ns,1.443 ns,1.448 ns,1.449 ns,1.461 ns,1.467 ns,"688,418,461.8",7.4989 ns,15.00,1.614,2.000,0.6116,1,*,No,0.0000,0.0000,93 B,0.0000,0.0000,0 B
'HasItems: With Count',Job-AVPYBY,False,True,Default,Default,Default,Default,Default,111111111111,Empty,RyuJit,Default,X64,8c5e7fda-e8bf-4a96-9a85-a6e23a8c635c,.NET 8.0,False,True,False,True,Default,Default,False,False,True,Default,Default,Default,Default,Default,Default,Default,Default,Default,Default,Default,Default,Default,Default,Default,Default,Default,16,Default,DotNetTips.Spargine.Extensions.BenchmarkTests,Collections,64,1.644 ns,0.0113 ns,0.0106 ns,0.0027 ns,1.632 ns,1.637 ns,1.641 ns,1.651 ns,1.666 ns,"608,141,035.8",7.4986 ns,15.00,2.044,2.000,0.7484,2,*,No,0.0000,0.0000,93 B,0.0000,0.0000,0 B
'HasItems: With Count',Job-AVPYBY,False,True,Default,Default,Default,Default,Default,111111111111,Empty,RyuJit,Default,X64,8c5e7fda-e8bf-4a96-9a85-a6e23a8c635c,.NET 8.0,False,True,False,True,Default,Default,False,False,True,Default,Default,Default,Default,Default,Default,Default,Default,Default,Default,Default,Default,Default,Default,Default,Default,Default,16,Default,DotNetTips.Spargine.Extensions.BenchmarkTests,Collections,128,1.645 ns,0.0128 ns,0.0119 ns,0.0031 ns,1.623 ns,1.639 ns,1.647 ns,1.652 ns,1.667 ns,"608,049,879.5",7.4985 ns,15.00,2.192,2.000,0.0397,2,*,No,0.0000,0.0000,93 B,0.0000,0.0000,0 B
'HasItems: With Count',Job-AVPYBY,False,True,Default,Default,Default,Default,Default,111111111111,Empty,RyuJit,Default,X64,8c5e7fda-e8bf-4a96-9a85-a6e23a8c635c,.NET 8.0,False,True,False,True,Default,Default,False,False,True,Default,Default,Default,Default,Default,Default,Default,Default,Default,Default,Default,Default,Default,Default,Default,Default,Default,16,Default,DotNetTips.Spargine.Extensions.BenchmarkTests,Collections,256,1.717 ns,0.0629 ns,0.0588 ns,0.0152 ns,1.637 ns,1.664 ns,1.717 ns,1.771 ns,1.793 ns,"582,462,066.3",7.4924 ns,15.00,1.288,3.000,-0.0329,2,*,No,0.0000,0.0000,93 B,0.0000,0.0000,0 B
'HasItems: With Count',Job-AVPYBY,False,True,Default,Default,Default,Default,Default,111111111111,Empty,RyuJit,Default,X64,8c5e7fda-e8bf-4a96-9a85-a6e23a8c635c,.NET 8.0,False,True,False,True,Default,Default,False,False,True,Default,Default,Default,Default,Default,Default,Default,Default,Default,Default,Default,Default,Default,Default,Default,Default,Default,16,Default,DotNetTips.Spargine.Extensions.BenchmarkTests,Collections,512,1.662 ns,0.0158 ns,0.0140 ns,0.0037 ns,1.645 ns,1.652 ns,1.658 ns,1.663 ns,1.689 ns,"601,826,974.3",6.9981 ns,14.00,2.283,2.000,0.8806,2,*,No,0.0000,0.0000,93 B,0.0000,0.0000,0 B
'HasItems: With Count',Job-AVPYBY,False,True,Default,Default,Default,Default,Default,111111111111,Empty,RyuJit,Default,X64,8c5e7fda-e8bf-4a96-9a85-a6e23a8c635c,.NET 8.0,False,True,False,True,Default,Default,False,False,True,Default,Default,Default,Default,Default,Default,Default,Default,Default,Default,Default,Default,Default,Default,Default,Default,Default,16,Default,DotNetTips.Spargine.Extensions.BenchmarkTests,Collections,1024,1.641 ns,0.0049 ns,0.0041 ns,0.0011 ns,1.636 ns,1.640 ns,1.641 ns,1.642 ns,1.649 ns,"609,268,720.6",6.4994 ns,13.00,2.263,2.000,0.5925,2,*,No,0.0000,0.0000,93 B,0.0000,0.0000,0 B
'HasItems: With Count',Job-AVPYBY,False,True,Default,Default,Default,Default,Default,111111111111,Empty,RyuJit,Default,X64,8c5e7fda-e8bf-4a96-9a85-a6e23a8c635c,.NET 8.0,False,True,False,True,Default,Default,False,False,True,Default,Default,Default,Default,Default,Default,Default,Default,Default,Default,Default,Default,Default,Default,Default,Default,Default,16,Default,DotNetTips.Spargine.Extensions.BenchmarkTests,Collections,2048,1.658 ns,0.0106 ns,0.0094 ns,0.0025 ns,1.645 ns,1.652 ns,1.656 ns,1.664 ns,1.680 ns,"603,046,098.0",6.9987 ns,14.00,2.776,2.000,0.5755,2,*,No,0.0000,0.0000,93 B,0.0000,0.0000,0 B
AsReadOnlySpan,Job-AVPYBY,False,True,Default,Default,Default,Default,Default,111111111111,Empty,RyuJit,Default,X64,8c5e7fda-e8bf-4a96-9a85-a6e23a8c635c,.NET 8.0,False,True,False,True,Default,Default,False,False,True,Default,Default,Default,Default,Default,Default,Default,Default,Default,Default,Default,Default,Default,Default,Default,Default,Default,16,Default,DotNetTips.Spargine.Extensions.BenchmarkTests,Collections,16,195.098 ns,0.8767 ns,0.8201 ns,0.2117 ns,193.883 ns,194.622 ns,195.016 ns,195.513 ns,196.604 ns,"5,125,629.4",7.3941 ns,15.00,2.123,2.000,0.2097,5,*,No,0.0036,0.0000,943 B,0.0000,0.0000,344 B
AsReadOnlySpan,Job-AVPYBY,False,True,Default,Default,Default,Default,Default,111111111111,Empty,RyuJit,Default,X64,8c5e7fda-e8bf-4a96-9a85-a6e23a8c635c,.NET 8.0,False,True,False,True,Default,Default,False,False,True,Default,Default,Default,Default,Default,Default,Default,Default,Default,Default,Default,Default,Default,Default,Default,Default,Default,16,Default,DotNetTips.Spargine.Extensions.BenchmarkTests,Collections,32,340.575 ns,1.2878 ns,1.1416 ns,0.3051 ns,339.242 ns,339.691 ns,340.288 ns,341.052 ns,343.287 ns,"2,936,207.6",6.8474 ns,14.00,2.859,2.000,0.8878,6,*,No,0.0062,0.0000,955 B,0.0000,0.0000,600 B
AsReadOnlySpan,Job-AVPYBY,False,True,Default,Default,Default,Default,Default,111111111111,Empty,RyuJit,Default,X64,8c5e7fda-e8bf-4a96-9a85-a6e23a8c635c,.NET 8.0,False,True,False,True,Default,Default,False,False,True,Default,Default,Default,Default,Default,Default,Default,Default,Default,Default,Default,Default,Default,Default,Default,Default,Default,16,Default,DotNetTips.Spargine.Extensions.BenchmarkTests,Collections,64,631.501 ns,4.0581 ns,3.7959 ns,0.9801 ns,627.275 ns,628.378 ns,630.659 ns,635.321 ns,637.425 ns,"1,583,527.7",7.0099 ns,15.00,1.371,2.000,0.3739,7,*,No,0.0114,0.0000,944 B,0.0000,0.0000,1112 B
AsReadOnlySpan,Job-AVPYBY,False,True,Default,Default,Default,Default,Default,111111111111,Empty,RyuJit,Default,X64,8c5e7fda-e8bf-4a96-9a85-a6e23a8c635c,.NET 8.0,False,True,False,True,Default,Default,False,False,True,Default,Default,Default,Default,Default,Default,Default,Default,Default,Default,Default,Default,Default,Default,Default,Default,Default,16,Default,DotNetTips.Spargine.Extensions.BenchmarkTests,Collections,128,"1,228.978 ns",4.1073 ns,3.8419 ns,0.9920 ns,"1,221.746 ns","1,226.560 ns","1,229.410 ns","1,230.758 ns","1,235.639 ns","813,684.0",7.0040 ns,15.00,2.221,2.000,0.0155,8,*,No,0.0229,0.0000,944 B,0.0000,0.0000,2136 B
AsReadOnlySpan,Job-AVPYBY,False,True,Default,Default,Default,Default,Default,111111111111,Empty,RyuJit,Default,X64,8c5e7fda-e8bf-4a96-9a85-a6e23a8c635c,.NET 8.0,False,True,False,True,Default,Default,False,False,True,Default,Default,Default,Default,Default,Default,Default,Default,Default,Default,Default,Default,Default,Default,Default,Default,Default,16,Default,DotNetTips.Spargine.Extensions.BenchmarkTests,Collections,256,"2,391.963 ns",14.9206 ns,13.9567 ns,3.6036 ns,"2,377.169 ns","2,382.180 ns","2,388.379 ns","2,400.037 ns","2,424.058 ns","418,066.7",5.6982 ns,15.00,2.508,2.000,0.8499,9,*,No,0.0458,0.0000,944 B,0.0000,0.0000,4184 B
AsReadOnlySpan,Job-AVPYBY,False,True,Default,Default,Default,Default,Default,111111111111,Empty,RyuJit,Default,X64,8c5e7fda-e8bf-4a96-9a85-a6e23a8c635c,.NET 8.0,False,True,False,True,Default,Default,False,False,True,Default,Default,Default,Default,Default,Default,Default,Default,Default,Default,Default,Default,Default,Default,Default,Default,Default,16,Default,DotNetTips.Spargine.Extensions.BenchmarkTests,Collections,512,"4,820.107 ns",41.8952 ns,39.1888 ns,10.1185 ns,"4,762.595 ns","4,792.881 ns","4,816.541 ns","4,844.606 ns","4,895.791 ns","207,464.3",2.4408 ns,15.00,1.922,2.000,0.3947,12,*,No,0.0839,0.0000,944 B,0.0000,0.0000,8280 B
AsReadOnlySpan,Job-AVPYBY,False,True,Default,Default,Default,Default,Default,111111111111,Empty,RyuJit,Default,X64,8c5e7fda-e8bf-4a96-9a85-a6e23a8c635c,.NET 8.0,False,True,False,True,Default,Default,False,False,True,Default,Default,Default,Default,Default,Default,Default,Default,Default,Default,Default,Default,Default,Default,Default,Default,Default,16,Default,DotNetTips.Spargine.Extensions.BenchmarkTests,Collections,1024,"9,635.057 ns",86.2540 ns,80.6820 ns,20.8320 ns,"9,483.208 ns","9,580.096 ns","9,658.896 ns","9,695.130 ns","9,772.406 ns","103,787.7",-2.9160 ns,15.00,1.874,2.000,-0.2217,15,*,No,0.1831,0.0000,943 B,0.0000,0.0000,16472 B
AsReadOnlySpan,Job-AVPYBY,False,True,Default,Default,Default,Default,Default,111111111111,Empty,RyuJit,Default,X64,8c5e7fda-e8bf-4a96-9a85-a6e23a8c635c,.NET 8.0,False,True,False,True,Default,Default,False,False,True,Default,Default,Default,Default,Default,Default,Default,Default,Default,Default,Default,Default,Default,Default,Default,Default,Default,16,Default,DotNetTips.Spargine.Extensions.BenchmarkTests,Collections,2048,"19,549.465 ns",113.1623 ns,105.8520 ns,27.3309 ns,"19,334.396 ns","19,462.910 ns","19,586.880 ns","19,633.372 ns","19,677.994 ns","51,152.3",-6.1654 ns,15.00,1.884,2.000,-0.5624,18,*,No,0.3662,0.0000,943 B,0.0000,0.0000,32856 B
AsSpan,Job-AVPYBY,False,True,Default,Default,Default,Default,Default,111111111111,Empty,RyuJit,Default,X64,8c5e7fda-e8bf-4a96-9a85-a6e23a8c635c,.NET 8.0,False,True,False,True,Default,Default,False,False,True,Default,Default,Default,Default,Default,Default,Default,Default,Default,Default,Default,Default,Default,Default,Default,Default,Default,16,Default,DotNetTips.Spargine.Extensions.BenchmarkTests,Collections,16,199.148 ns,0.8064 ns,0.7543 ns,0.1948 ns,198.070 ns,198.662 ns,198.947 ns,199.624 ns,200.581 ns,"5,021,382.4",7.4026 ns,15.00,1.886,2.000,0.5623,5,*,No,0.0036,0.0000,927 B,0.0000,0.0000,344 B
AsSpan,Job-AVPYBY,False,True,Default,Default,Default,Default,Default,111111111111,Empty,RyuJit,Default,X64,8c5e7fda-e8bf-4a96-9a85-a6e23a8c635c,.NET 8.0,False,True,False,True,Default,Default,False,False,True,Default,Default,Default,Default,Default,Default,Default,Default,Default,Default,Default,Default,Default,Default,Default,Default,Default,16,Default,DotNetTips.Spargine.Extensions.BenchmarkTests,Collections,32,342.541 ns,1.6738 ns,1.5656 ns,0.4042 ns,340.512 ns,341.160 ns,342.873 ns,343.887 ns,345.236 ns,"2,919,361.8",7.2979 ns,15.00,1.518,2.000,0.0958,6,*,No,0.0062,0.0000,924 B,0.0000,0.0000,600 B
AsSpan,Job-AVPYBY,False,True,Default,Default,Default,Default,Default,111111111111,Empty,RyuJit,Default,X64,8c5e7fda-e8bf-4a96-9a85-a6e23a8c635c,.NET 8.0,False,True,False,True,Default,Default,False,False,True,Default,Default,Default,Default,Default,Default,Default,Default,Default,Default,Default,Default,Default,Default,Default,Default,Default,16,Default,DotNetTips.Spargine.Extensions.BenchmarkTests,Collections,64,637.000 ns,1.7909 ns,1.6752 ns,0.4325 ns,634.729 ns,636.046 ns,636.672 ns,638.484 ns,640.073 ns,"1,569,859.9",7.2837 ns,15.00,1.724,2.000,0.2649,7,*,No,0.0114,0.0000,924 B,0.0000,0.0000,1112 B
AsSpan,Job-AVPYBY,False,True,Default,Default,Default,Default,Default,111111111111,Empty,RyuJit,Default,X64,8c5e7fda-e8bf-4a96-9a85-a6e23a8c635c,.NET 8.0,False,True,False,True,Default,Default,False,False,True,Default,Default,Default,Default,Default,Default,Default,Default,Default,Default,Default,Default,Default,Default,Default,Default,Default,16,Default,DotNetTips.Spargine.Extensions.BenchmarkTests,Collections,128,"1,232.377 ns",5.5656 ns,5.2061 ns,1.3442 ns,"1,222.285 ns","1,228.775 ns","1,232.213 ns","1,235.477 ns","1,241.649 ns","811,439.8",6.8279 ns,15.00,2.097,2.000,0.0213,8,*,No,0.0229,0.0000,924 B,0.0000,0.0000,2136 B
AsSpan,Job-AVPYBY,False,True,Default,Default,Default,Default,Default,111111111111,Empty,RyuJit,Default,X64,8c5e7fda-e8bf-4a96-9a85-a6e23a8c635c,.NET 8.0,False,True,False,True,Default,Default,False,False,True,Default,Default,Default,Default,Default,Default,Default,Default,Default,Default,Default,Default,Default,Default,Default,Default,Default,16,Default,DotNetTips.Spargine.Extensions.BenchmarkTests,Collections,256,"2,423.207 ns",15.0227 ns,14.0523 ns,3.6283 ns,"2,405.348 ns","2,411.794 ns","2,420.452 ns","2,432.741 ns","2,449.768 ns","412,676.3",5.6859 ns,15.00,1.853,2.000,0.4460,9,*,No,0.0458,0.0000,924 B,0.0000,0.0000,4184 B
AsSpan,Job-AVPYBY,False,True,Default,Default,Default,Default,Default,111111111111,Empty,RyuJit,Default,X64,8c5e7fda-e8bf-4a96-9a85-a6e23a8c635c,.NET 8.0,False,True,False,True,Default,Default,False,False,True,Default,Default,Default,Default,Default,Default,Default,Default,Default,Default,Default,Default,Default,Default,Default,Default,Default,16,Default,DotNetTips.Spargine.Extensions.BenchmarkTests,Collections,512,"4,786.396 ns",20.2065 ns,16.8733 ns,4.6798 ns,"4,757.841 ns","4,783.785 ns","4,788.345 ns","4,791.972 ns","4,818.890 ns","208,925.5",4.1601 ns,13.00,2.325,2.000,-0.1013,12,*,No,0.0839,0.0000,924 B,0.0000,0.0000,8280 B
AsSpan,Job-AVPYBY,False,True,Default,Default,Default,Default,Default,111111111111,Empty,RyuJit,Default,X64,8c5e7fda-e8bf-4a96-9a85-a6e23a8c635c,.NET 8.0,False,True,False,True,Default,Default,False,False,True,Default,Default,Default,Default,Default,Default,Default,Default,Default,Default,Default,Default,Default,Default,Default,Default,Default,16,Default,DotNetTips.Spargine.Extensions.BenchmarkTests,Collections,1024,"9,748.552 ns",66.6196 ns,62.3161 ns,16.0899 ns,"9,651.842 ns","9,709.972 ns","9,731.555 ns","9,803.075 ns","9,852.115 ns","102,579.3",-0.5450 ns,15.00,1.557,2.000,0.1242,15,*,No,0.1831,0.0000,924 B,0.0000,0.0000,16472 B
AsSpan,Job-AVPYBY,False,True,Default,Default,Default,Default,Default,111111111111,Empty,RyuJit,Default,X64,8c5e7fda-e8bf-4a96-9a85-a6e23a8c635c,.NET 8.0,False,True,False,True,Default,Default,False,False,True,Default,Default,Default,Default,Default,Default,Default,Default,Default,Default,Default,Default,Default,Default,Default,Default,Default,16,Default,DotNetTips.Spargine.Extensions.BenchmarkTests,Collections,2048,"19,088.233 ns",78.8118 ns,73.7206 ns,19.0346 ns,"18,973.477 ns","19,035.420 ns","19,088.882 ns","19,119.836 ns","19,230.267 ns","52,388.3",-2.0173 ns,15.00,2.002,2.000,0.3386,18,*,No,0.3662,0.0000,924 B,0.0000,0.0000,32856 B
HasItems,Job-AVPYBY,False,True,Default,Default,Default,Default,Default,111111111111,Empty,RyuJit,Default,X64,8c5e7fda-e8bf-4a96-9a85-a6e23a8c635c,.NET 8.0,False,True,False,True,Default,Default,False,False,True,Default,Default,Default,Default,Default,Default,Default,Default,Default,Default,Default,Default,Default,Default,Default,Default,Default,16,Default,DotNetTips.Spargine.Extensions.BenchmarkTests,Collections,16,1.664 ns,0.0164 ns,0.0153 ns,0.0040 ns,1.646 ns,1.654 ns,1.657 ns,1.673 ns,1.695 ns,"600,875,694.2",7.4980 ns,15.00,2.285,2.000,0.8591,2,*,No,0.0000,0.0000,92 B,0.0000,0.0000,0 B
HasItems,Job-AVPYBY,False,True,Default,Default,Default,Default,Default,111111111111,Empty,RyuJit,Default,X64,8c5e7fda-e8bf-4a96-9a85-a6e23a8c635c,.NET 8.0,False,True,False,True,Default,Default,False,False,True,Default,Default,Default,Default,Default,Default,Default,Default,Default,Default,Default,Default,Default,Default,Default,Default,Default,16,Default,DotNetTips.Spargine.Extensions.BenchmarkTests,Collections,32,1.639 ns,0.0043 ns,0.0034 ns,0.0010 ns,1.633 ns,1.637 ns,1.638 ns,1.641 ns,1.645 ns,"610,267,013.8",5.9995 ns,12.00,2.220,2.000,0.2684,2,*,No,0.0000,0.0000,92 B,0.0000,0.0000,0 B
HasItems,Job-AVPYBY,False,True,Default,Default,Default,Default,Default,111111111111,Empty,RyuJit,Default,X64,8c5e7fda-e8bf-4a96-9a85-a6e23a8c635c,.NET 8.0,False,True,False,True,Default,Default,False,False,True,Default,Default,Default,Default,Default,Default,Default,Default,Default,Default,Default,Default,Default,Default,Default,Default,Default,16,Default,DotNetTips.Spargine.Extensions.BenchmarkTests,Collections,64,1.795 ns,0.0660 ns,0.1407 ns,0.0190 ns,1.624 ns,1.643 ns,1.808 ns,1.948 ns,1.975 ns,"557,203,387.2",27.4905 ns,55.00,1.164,3.652,-0.0010,2,*,No,0.0000,0.0000,92 B,0.0000,0.0000,0 B
HasItems,Job-AVPYBY,False,True,Default,Default,Default,Default,Default,111111111111,Empty,RyuJit,Default,X64,8c5e7fda-e8bf-4a96-9a85-a6e23a8c635c,.NET 8.0,False,True,False,True,Default,Default,False,False,True,Default,Default,Default,Default,Default,Default,Default,Default,Default,Default,Default,Default,Default,Default,Default,Default,Default,16,Default,DotNetTips.Spargine.Extensions.BenchmarkTests,Collections,128,1.646 ns,0.0129 ns,0.0114 ns,0.0030 ns,1.632 ns,1.638 ns,1.641 ns,1.655 ns,1.670 ns,"607,493,664.7",6.9985 ns,14.00,1.937,2.000,0.5911,2,*,No,0.0000,0.0000,92 B,0.0000,0.0000,0 B
HasItems,Job-AVPYBY,False,True,Default,Default,Default,Default,Default,111111111111,Empty,RyuJit,Default,X64,8c5e7fda-e8bf-4a96-9a85-a6e23a8c635c,.NET 8.0,False,True,False,True,Default,Default,False,False,True,Default,Default,Default,Default,Default,Default,Default,Default,Default,Default,Default,Default,Default,Default,Default,Default,Default,16,Default,DotNetTips.Spargine.Extensions.BenchmarkTests,Collections,256,1.640 ns,0.0083 ns,0.0078 ns,0.0020 ns,1.626 ns,1.636 ns,1.640 ns,1.645 ns,1.651 ns,"609,888,457.7",7.4990 ns,15.00,1.812,2.000,-0.1566,2,*,No,0.0000,0.0000,92 B,0.0000,0.0000,0 B
HasItems,Job-AVPYBY,False,True,Default,Default,Default,Default,Default,111111111111,Empty,RyuJit,Default,X64,8c5e7fda-e8bf-4a96-9a85-a6e23a8c635c,.NET 8.0,False,True,False,True,Default,Default,False,False,True,Default,Default,Default,Default,Default,Default,Default,Default,Default,Default,Default,Default,Default,Default,Default,Default,Default,16,Default,DotNetTips.Spargine.Extensions.BenchmarkTests,Collections,512,1.636 ns,0.0065 ns,0.0058 ns,0.0015 ns,1.628 ns,1.633 ns,1.635 ns,1.639 ns,1.650 ns,"611,068,926.3",6.9992 ns,14.00,2.719,2.000,0.6498,2,*,No,0.0000,0.0000,92 B,0.0000,0.0000,0 B
HasItems,Job-AVPYBY,False,True,Default,Default,Default,Default,Default,111111111111,Empty,RyuJit,Default,X64,8c5e7fda-e8bf-4a96-9a85-a6e23a8c635c,.NET 8.0,False,True,False,True,Default,Default,False,False,True,Default,Default,Default,Default,Default,Default,Default,Default,Default,Default,Default,Default,Default,Default,Default,Default,Default,16,Default,DotNetTips.Spargine.Extensions.BenchmarkTests,Collections,1024,3.299 ns,0.0180 ns,0.0159 ns,0.0043 ns,3.271 ns,3.288 ns,3.297 ns,3.307 ns,3.328 ns,"303,157,207.3",6.9979 ns,14.00,2.374,2.000,0.3617,4,*,No,0.0000,0.0000,92 B,0.0000,0.0000,0 B
HasItems,Job-AVPYBY,False,True,Default,Default,Default,Default,Default,111111111111,Empty,RyuJit,Default,X64,8c5e7fda-e8bf-4a96-9a85-a6e23a8c635c,.NET 8.0,False,True,False,True,Default,Default,False,False,True,Default,Default,Default,Default,Default,Default,Default,Default,Default,Default,Default,Default,Default,Default,Default,Default,Default,16,Default,DotNetTips.Spargine.Extensions.BenchmarkTests,Collections,2048,3.058 ns,0.0097 ns,0.0091 ns,0.0023 ns,3.040 ns,3.054 ns,3.058 ns,3.062 ns,3.075 ns,"327,043,733.9",7.4988 ns,15.00,2.577,2.000,-0.2550,3,*,No,0.0000,0.0000,92 B,0.0000,0.0000,0 B
ToFrozenSet,Job-AVPYBY,False,True,Default,Default,Default,Default,Default,111111111111,Empty,RyuJit,Default,X64,8c5e7fda-e8bf-4a96-9a85-a6e23a8c635c,.NET 8.0,False,True,False,True,Default,Default,False,False,True,Default,Default,Default,Default,Default,Default,Default,Default,Default,Default,Default,Default,Default,Default,Default,Default,Default,16,Default,DotNetTips.Spargine.Extensions.BenchmarkTests,Collections,16,"3,351.807 ns",11.4790 ns,10.1759 ns,2.7196 ns,"3,334.881 ns","3,346.162 ns","3,349.926 ns","3,357.850 ns","3,375.135 ns","298,346.6",5.6402 ns,14.00,2.818,2.000,0.5081,11,*,No,0.0191,0.0000,"2,243 B",0.0000,0.0000,2080 B
ToFrozenSet,Job-AVPYBY,False,True,Default,Default,Default,Default,Default,111111111111,Empty,RyuJit,Default,X64,8c5e7fda-e8bf-4a96-9a85-a6e23a8c635c,.NET 8.0,False,True,False,True,Default,Default,False,False,True,Default,Default,Default,Default,Default,Default,Default,Default,Default,Default,Default,Default,Default,Default,Default,Default,Default,16,Default,DotNetTips.Spargine.Extensions.BenchmarkTests,Collections,32,"6,718.602 ns",30.8504 ns,28.8575 ns,7.4510 ns,"6,678.531 ns","6,698.227 ns","6,708.099 ns","6,747.811 ns","6,762.361 ns","148,840.5",3.7745 ns,15.00,1.500,2.000,0.4215,14,*,No,0.0458,0.0000,"2,243 B",0.0000,0.0000,4320 B
ToFrozenSet,Job-AVPYBY,False,True,Default,Default,Default,Default,Default,111111111111,Empty,RyuJit,Default,X64,8c5e7fda-e8bf-4a96-9a85-a6e23a8c635c,.NET 8.0,False,True,False,True,Default,Default,False,False,True,Default,Default,Default,Default,Default,Default,Default,Default,Default,Default,Default,Default,Default,Default,Default,Default,Default,16,Default,DotNetTips.Spargine.Extensions.BenchmarkTests,Collections,64,"12,861.720 ns",21.0579 ns,17.5843 ns,4.8770 ns,"12,836.919 ns","12,851.049 ns","12,857.145 ns","12,874.059 ns","12,899.906 ns","77,750.1",4.0615 ns,13.00,2.340,2.000,0.4736,17,*,No,0.0610,0.0000,"2,243 B",0.0000,0.0000,6616 B
ToFrozenSet,Job-AVPYBY,False,True,Default,Default,Default,Default,Default,111111111111,Empty,RyuJit,Default,X64,8c5e7fda-e8bf-4a96-9a85-a6e23a8c635c,.NET 8.0,False,True,False,True,Default,Default,False,False,True,Default,Default,Default,Default,Default,Default,Default,Default,Default,Default,Default,Default,Default,Default,Default,Default,Default,16,Default,DotNetTips.Spargine.Extensions.BenchmarkTests,Collections,128,"28,789.541 ns",105.4054 ns,88.0183 ns,24.4119 ns,"28,631.366 ns","28,748.434 ns","28,771.454 ns","28,872.501 ns","28,919.241 ns","34,734.8",-5.7059 ns,13.00,1.811,2.000,-0.1631,20,*,No,0.1831,0.0000,"2,243 B",0.0000,0.0000,16536 B
ToFrozenSet,Job-AVPYBY,False,True,Default,Default,Default,Default,Default,111111111111,Empty,RyuJit,Default,X64,8c5e7fda-e8bf-4a96-9a85-a6e23a8c635c,.NET 8.0,False,True,False,True,Default,Default,False,False,True,Default,Default,Default,Default,Default,Default,Default,Default,Default,Default,Default,Default,Default,Default,Default,Default,Default,16,Default,DotNetTips.Spargine.Extensions.BenchmarkTests,Collections,256,"62,206.512 ns",248.4783 ns,232.4268 ns,60.0123 ns,"61,803.076 ns","62,053.162 ns","62,178.845 ns","62,358.362 ns","62,559.485 ns","16,075.5",-22.5062 ns,15.00,1.794,2.000,0.1221,22,*,No,0.2441,0.0000,"2,243 B",0.0000,0.0000,31552 B
ToFrozenSet,Job-AVPYBY,False,True,Default,Default,Default,Default,Default,111111111111,Empty,RyuJit,Default,X64,8c5e7fda-e8bf-4a96-9a85-a6e23a8c635c,.NET 8.0,False,True,False,True,Default,Default,False,False,True,Default,Default,Default,Default,Default,Default,Default,Default,Default,Default,Default,Default,Default,Default,Default,Default,Default,16,Default,DotNetTips.Spargine.Extensions.BenchmarkTests,Collections,512,"140,173.559 ns",644.7770 ns,603.1248 ns,155.7262 ns,"139,234.485 ns","139,615.259 ns","140,225.427 ns","140,471.106 ns","141,190.125 ns","7,134.0",-70.3631 ns,15.00,1.715,2.000,0.1279,24,*,No,0.4883,0.0000,"2,243 B",0.0000,0.0000,61824 B
ToFrozenSet,Job-AVPYBY,False,True,Default,Default,Default,Default,Default,111111111111,Empty,RyuJit,Default,X64,8c5e7fda-e8bf-4a96-9a85-a6e23a8c635c,.NET 8.0,False,True,False,True,Default,Default,False,False,True,Default,Default,Default,Default,Default,Default,Default,Default,Default,Default,Default,Default,Default,Default,Default,Default,Default,16,Default,DotNetTips.Spargine.Extensions.BenchmarkTests,Collections,1024,"253,450.138 ns","1,021.5171 ns",955.5277 ns,246.7162 ns,"252,130.054 ns","252,713.477 ns","253,208.960 ns","254,078.394 ns","255,729.858 ns","3,945.5",-115.8581 ns,15.00,2.704,2.000,0.7091,26,*,No,0.4883,0.0000,"2,243 B",0.0000,0.0000,83032 B
ToFrozenSet,Job-AVPYBY,False,True,Default,Default,Default,Default,Default,111111111111,Empty,RyuJit,Default,X64,8c5e7fda-e8bf-4a96-9a85-a6e23a8c635c,.NET 8.0,False,True,False,True,Default,Default,False,False,True,Default,Default,Default,Default,Default,Default,Default,Default,Default,Default,Default,Default,Default,Default,Default,Default,Default,16,Default,DotNetTips.Spargine.Extensions.BenchmarkTests,Collections,2048,"511,737.381 ns","2,761.6692 ns","2,448.1478 ns",654.2950 ns,"507,316.797 ns","509,909.204 ns","512,680.225 ns","513,569.067 ns","514,872.754 ns","1,954.1",-320.1475 ns,14.00,1.795,2.000,-0.5171,28,*,No,0.9766,0.0000,"2,243 B",0.0000,0.0000,172097 B
