Method,Job,AnalyzeLaunchVariance,EvaluateOverhead,MaxAbsoluteError,MaxRelativeError,MinInvokeCount,MinIterationTime,OutlierMode,Affinity,EnvironmentVariables,Jit,LargeAddressAware,Platform,PowerPlanMode,Runtime,AllowVeryLargeObjects,Concurrent,CpuGroups,Force,HeapAffinitizeMask,HeapCount,NoAffinitize,RetainVm,Server,Arguments,BuildConfiguration,Clock,EngineFactory,NuGetReferences,Toolchain,IsMutator,InvocationCount,IterationCount,IterationTime,LaunchCount,MaxIterationCount,MaxWarmupIterationCount,MemoryRandomization,MinIterationCount,MinWarmupIterationCount,RunStrategy,UnrollFactor,WarmupCount,Namespace,Categories,Count,Mean,Error,StdDev,StdErr,Median,Min,Q1,Q3,Max,Op/s,CI99.9% Margin,Iterations,Kurtosis,MValue,Skewness,Rank,LogicalGroup,Baseline,Exceptions,Completed Work Items,Lock Contentions,Code Size,Gen0,Gen1,Allocated
'ComputeHash: SHA256',Job-XJVIUY,False,True,Default,Default,Default,Default,Default,111111111111,Empty,RyuJit,Default,X64,8c5e7fda-e8bf-4a96-9a85-a6e23a8c635c,.NET 8.0,False,True,False,True,Default,Default,False,False,True,Default,Default,Default,Default,Default,Default,Default,Default,Default,Default,Default,Default,Default,Default,Default,Default,Default,16,Default,DotNetTips.Spargine.Extensions.BenchmarkTests,Strings,2,"1,400.114 ns",12.7077 ns,11.8868 ns,3.0691 ns,"1,400.866 ns","1,379.131 ns","1,392.020 ns","1,410.907 ns","1,414.165 ns","714,227.6",12.7077 ns,15.00,1.743,2.000,-0.4647,37,*,No,0.0000,0.0000,0.0000,"1,248 B",0.0153,0.0000,1440 B
'ComputeHash: SHA256',Job-XJVIUY,False,True,Default,Default,Default,Default,Default,111111111111,Empty,RyuJit,Default,X64,8c5e7fda-e8bf-4a96-9a85-a6e23a8c635c,.NET 8.0,False,True,False,True,Default,Default,False,False,True,Default,Default,Default,Default,Default,Default,Default,Default,Default,Default,Default,Default,Default,Default,Default,Default,Default,16,Default,DotNetTips.Spargine.Extensions.BenchmarkTests,Strings,4,"1,950.545 ns",13.5353 ns,12.6610 ns,3.2690 ns,"1,948.533 ns","1,932.940 ns","1,942.438 ns","1,956.831 ns","1,972.812 ns","512,677.2",13.5353 ns,15.00,1.903,2.000,0.4808,43,*,No,0.0000,0.0000,0.0000,"1,229 B",0.0153,0.0000,1552 B
'ComputeHash: SHA256',Job-XJVIUY,False,True,Default,Default,Default,Default,Default,111111111111,Empty,RyuJit,Default,X64,8c5e7fda-e8bf-4a96-9a85-a6e23a8c635c,.NET 8.0,False,True,False,True,Default,Default,False,False,True,Default,Default,Default,Default,Default,Default,Default,Default,Default,Default,Default,Default,Default,Default,Default,Default,Default,16,Default,DotNetTips.Spargine.Extensions.BenchmarkTests,Strings,8,"2,977.817 ns",10.5446 ns,9.8634 ns,2.5467 ns,"2,977.161 ns","2,957.927 ns","2,971.886 ns","2,985.487 ns","2,992.471 ns","335,816.4",10.5446 ns,15.00,1.984,2.000,-0.3811,51,*,No,0.0000,0.0000,0.0000,"1,229 B",0.0191,0.0000,1776 B
'ComputeHash: SHA256',Job-XJVIUY,False,True,Default,Default,Default,Default,Default,111111111111,Empty,RyuJit,Default,X64,8c5e7fda-e8bf-4a96-9a85-a6e23a8c635c,.NET 8.0,False,True,False,True,Default,Default,False,False,True,Default,Default,Default,Default,Default,Default,Default,Default,Default,Default,Default,Default,Default,Default,Default,Default,Default,16,Default,DotNetTips.Spargine.Extensions.BenchmarkTests,Strings,16,"4,787.651 ns",24.8151 ns,23.2121 ns,5.9933 ns,"4,784.726 ns","4,761.108 ns","4,768.363 ns","4,796.414 ns","4,835.405 ns","208,870.7",24.8151 ns,15.00,2.425,2.000,0.7740,58,*,No,0.0000,0.0000,0.0000,"1,229 B",0.0229,0.0000,2232 B
'ComputeHash: SHA256',Job-XJVIUY,False,True,Default,Default,Default,Default,Default,111111111111,Empty,RyuJit,Default,X64,8c5e7fda-e8bf-4a96-9a85-a6e23a8c635c,.NET 8.0,False,True,False,True,Default,Default,False,False,True,Default,Default,Default,Default,Default,Default,Default,Default,Default,Default,Default,Default,Default,Default,Default,Default,Default,16,Default,DotNetTips.Spargine.Extensions.BenchmarkTests,Strings,32,"8,314.283 ns",42.5950 ns,37.7593 ns,10.0916 ns,"8,307.252 ns","8,268.123 ns","8,285.820 ns","8,336.854 ns","8,408.002 ns","120,275.0",42.5950 ns,14.00,3.144,2.000,0.8794,71,*,No,0.0000,0.0000,0.0000,"1,229 B",0.0305,0.0000,3144 B
'ComputeHash: SHA256',Job-XJVIUY,False,True,Default,Default,Default,Default,Default,111111111111,Empty,RyuJit,Default,X64,8c5e7fda-e8bf-4a96-9a85-a6e23a8c635c,.NET 8.0,False,True,False,True,Default,Default,False,False,True,Default,Default,Default,Default,Default,Default,Default,Default,Default,Default,Default,Default,Default,Default,Default,Default,Default,16,Default,DotNetTips.Spargine.Extensions.BenchmarkTests,Strings,64,"15,626.798 ns",74.6808 ns,69.8565 ns,18.0369 ns,"15,643.582 ns","15,493.710 ns","15,587.544 ns","15,677.751 ns","15,714.346 ns","63,992.6",74.6808 ns,15.00,2.134,2.000,-0.6337,83,*,No,0.0000,0.0000,0.0000,"1,229 B",0.0305,0.0000,4968 B
'ComputeHash: SHA256',Job-XJVIUY,False,True,Default,Default,Default,Default,Default,111111111111,Empty,RyuJit,Default,X64,8c5e7fda-e8bf-4a96-9a85-a6e23a8c635c,.NET 8.0,False,True,False,True,Default,Default,False,False,True,Default,Default,Default,Default,Default,Default,Default,Default,Default,Default,Default,Default,Default,Default,Default,Default,Default,16,Default,DotNetTips.Spargine.Extensions.BenchmarkTests,Strings,128,"29,918.658 ns",100.6202 ns,94.1202 ns,24.3017 ns,"29,924.713 ns","29,773.578 ns","29,843.784 ns","29,986.023 ns","30,062.082 ns","33,424.0",100.6202 ns,15.00,1.371,2.000,-0.0011,92,*,No,0.0000,0.0000,0.0000,"1,229 B",0.0916,0.0000,8616 B
'ComputeHash: SHA256',Job-XJVIUY,False,True,Default,Default,Default,Default,Default,111111111111,Empty,RyuJit,Default,X64,8c5e7fda-e8bf-4a96-9a85-a6e23a8c635c,.NET 8.0,False,True,False,True,Default,Default,False,False,True,Default,Default,Default,Default,Default,Default,Default,Default,Default,Default,Default,Default,Default,Default,Default,Default,Default,16,Default,DotNetTips.Spargine.Extensions.BenchmarkTests,Strings,256,"58,636.670 ns",197.6785 ns,184.9086 ns,47.7432 ns,"58,586.276 ns","58,325.150 ns","58,532.751 ns","58,767.328 ns","59,018.820 ns","17,054.2",197.6785 ns,15.00,2.167,2.000,0.2268,96,*,No,0.0000,0.0000,0.0000,"1,229 B",0.1221,0.0000,15912 B
'Split: RemoveEmptyEntries',Job-XJVIUY,False,True,Default,Default,Default,Default,Default,111111111111,Empty,RyuJit,Default,X64,8c5e7fda-e8bf-4a96-9a85-a6e23a8c635c,.NET 8.0,False,True,False,True,Default,Default,False,False,True,Default,Default,Default,Default,Default,Default,Default,Default,Default,Default,Default,Default,Default,Default,Default,Default,Default,16,Default,DotNetTips.Spargine.Extensions.BenchmarkTests,Strings,2,205.411 ns,2.3653 ns,2.2125 ns,0.5713 ns,206.000 ns,202.108 ns,204.041 ns,206.746 ns,209.215 ns,"4,868,291.3",2.3653 ns,15.00,1.722,2.000,0.0205,12,*,No,0.0000,0.0000,0.0000,"5,338 B",0.0076,0.0000,720 B
'Split: RemoveEmptyEntries',Job-XJVIUY,False,True,Default,Default,Default,Default,Default,111111111111,Empty,RyuJit,Default,X64,8c5e7fda-e8bf-4a96-9a85-a6e23a8c635c,.NET 8.0,False,True,False,True,Default,Default,False,False,True,Default,Default,Default,Default,Default,Default,Default,Default,Default,Default,Default,Default,Default,Default,Default,Default,Default,16,Default,DotNetTips.Spargine.Extensions.BenchmarkTests,Strings,4,321.087 ns,3.1751 ns,2.9699 ns,0.7668 ns,320.534 ns,316.717 ns,319.209 ns,322.999 ns,326.769 ns,"3,114,416.6",3.1751 ns,15.00,2.031,2.000,0.3097,16,*,No,0.0000,0.0000,0.0000,"5,329 B",0.0134,0.0000,1256 B
'Split: RemoveEmptyEntries',Job-XJVIUY,False,True,Default,Default,Default,Default,Default,111111111111,Empty,RyuJit,Default,X64,8c5e7fda-e8bf-4a96-9a85-a6e23a8c635c,.NET 8.0,False,True,False,True,Default,Default,False,False,True,Default,Default,Default,Default,Default,Default,Default,Default,Default,Default,Default,Default,Default,Default,Default,Default,Default,16,Default,DotNetTips.Spargine.Extensions.BenchmarkTests,Strings,8,543.719 ns,2.6720 ns,2.3686 ns,0.6330 ns,543.499 ns,540.774 ns,541.965 ns,545.407 ns,547.630 ns,"1,839,186.2",2.6720 ns,14.00,1.613,2.000,0.2805,22,*,No,0.0000,0.0000,0.0000,"5,327 B",0.0248,0.0000,2320 B
'Split: RemoveEmptyEntries',Job-XJVIUY,False,True,Default,Default,Default,Default,Default,111111111111,Empty,RyuJit,Default,X64,8c5e7fda-e8bf-4a96-9a85-a6e23a8c635c,.NET 8.0,False,True,False,True,Default,Default,False,False,True,Default,Default,Default,Default,Default,Default,Default,Default,Default,Default,Default,Default,Default,Default,Default,Default,Default,16,Default,DotNetTips.Spargine.Extensions.BenchmarkTests,Strings,16,974.106 ns,9.9193 ns,9.2786 ns,2.3957 ns,976.053 ns,957.814 ns,968.273 ns,982.957 ns,985.159 ns,"1,026,582.7",9.9193 ns,15.00,1.504,2.000,-0.2888,32,*,No,0.0000,0.0000,0.0000,"5,436 B",0.0477,0.0000,4448 B
'Split: RemoveEmptyEntries',Job-XJVIUY,False,True,Default,Default,Default,Default,Default,111111111111,Empty,RyuJit,Default,X64,8c5e7fda-e8bf-4a96-9a85-a6e23a8c635c,.NET 8.0,False,True,False,True,Default,Default,False,False,True,Default,Default,Default,Default,Default,Default,Default,Default,Default,Default,Default,Default,Default,Default,Default,Default,Default,16,Default,DotNetTips.Spargine.Extensions.BenchmarkTests,Strings,32,"1,845.462 ns",5.6441 ns,5.0033 ns,1.3372 ns,"1,846.064 ns","1,836.661 ns","1,843.181 ns","1,846.998 ns","1,854.605 ns","541,869.7",5.6441 ns,14.00,2.270,2.000,0.1669,42,*,No,0.0000,0.0000,0.0000,"5,441 B",0.0935,0.0000,8704 B
'Split: RemoveEmptyEntries',Job-XJVIUY,False,True,Default,Default,Default,Default,Default,111111111111,Empty,RyuJit,Default,X64,8c5e7fda-e8bf-4a96-9a85-a6e23a8c635c,.NET 8.0,False,True,False,True,Default,Default,False,False,True,Default,Default,Default,Default,Default,Default,Default,Default,Default,Default,Default,Default,Default,Default,Default,Default,Default,16,Default,DotNetTips.Spargine.Extensions.BenchmarkTests,Strings,64,"3,525.146 ns",24.2901 ns,22.7210 ns,5.8665 ns,"3,520.868 ns","3,493.632 ns","3,508.123 ns","3,543.477 ns","3,561.753 ns","283,676.2",24.2901 ns,15.00,1.556,2.000,0.3242,54,*,No,0.0000,0.0000,0.0000,"5,472 B",0.1869,0.0000,17216 B
'Split: RemoveEmptyEntries',Job-XJVIUY,False,True,Default,Default,Default,Default,Default,111111111111,Empty,RyuJit,Default,X64,8c5e7fda-e8bf-4a96-9a85-a6e23a8c635c,.NET 8.0,False,True,False,True,Default,Default,False,False,True,Default,Default,Default,Default,Default,Default,Default,Default,Default,Default,Default,Default,Default,Default,Default,Default,Default,16,Default,DotNetTips.Spargine.Extensions.BenchmarkTests,Strings,128,"6,938.852 ns",52.6356 ns,49.2353 ns,12.7125 ns,"6,937.196 ns","6,839.196 ns","6,912.202 ns","6,965.104 ns","7,034.612 ns","144,116.1",52.6356 ns,15.00,2.608,2.000,0.0415,67,*,No,0.0000,0.0000,0.0000,"5,420 B",0.3738,0.0076,34240 B
'Split: RemoveEmptyEntries',Job-XJVIUY,False,True,Default,Default,Default,Default,Default,111111111111,Empty,RyuJit,Default,X64,8c5e7fda-e8bf-4a96-9a85-a6e23a8c635c,.NET 8.0,False,True,False,True,Default,Default,False,False,True,Default,Default,Default,Default,Default,Default,Default,Default,Default,Default,Default,Default,Default,Default,Default,Default,Default,16,Default,DotNetTips.Spargine.Extensions.BenchmarkTests,Strings,256,"14,280.752 ns",100.4075 ns,89.0086 ns,23.7885 ns,"14,285.443 ns","14,126.569 ns","14,237.284 ns","14,309.398 ns","14,431.520 ns","70,024.3",100.4075 ns,14.00,2.145,2.000,-0.0572,82,*,No,0.0000,0.0000,0.0000,"5,316 B",0.7477,0.0305,68288 B
'Split: TrimEntries + Count',Job-XJVIUY,False,True,Default,Default,Default,Default,Default,111111111111,Empty,RyuJit,Default,X64,8c5e7fda-e8bf-4a96-9a85-a6e23a8c635c,.NET 8.0,False,True,False,True,Default,Default,False,False,True,Default,Default,Default,Default,Default,Default,Default,Default,Default,Default,Default,Default,Default,Default,Default,Default,Default,16,Default,DotNetTips.Spargine.Extensions.BenchmarkTests,Strings,2,215.321 ns,1.5045 ns,1.4073 ns,0.3634 ns,214.905 ns,213.591 ns,214.213 ns,216.454 ns,217.618 ns,"4,644,221.6",1.5045 ns,15.00,1.626,2.000,0.5099,13,*,No,0.0000,0.0000,0.0000,"5,501 B",0.0074,0.0000,680 B
'Split: TrimEntries + Count',Job-XJVIUY,False,True,Default,Default,Default,Default,Default,111111111111,Empty,RyuJit,Default,X64,8c5e7fda-e8bf-4a96-9a85-a6e23a8c635c,.NET 8.0,False,True,False,True,Default,Default,False,False,True,Default,Default,Default,Default,Default,Default,Default,Default,Default,Default,Default,Default,Default,Default,Default,Default,Default,16,Default,DotNetTips.Spargine.Extensions.BenchmarkTests,Strings,4,340.306 ns,1.2055 ns,0.9412 ns,0.2717 ns,340.498 ns,338.324 ns,339.824 ns,340.936 ns,341.627 ns,"2,938,529.3",1.2055 ns,12.00,2.264,2.000,-0.5338,18,*,No,0.0000,0.0000,0.0000,"5,467 B",0.0129,0.0000,1200 B
'Split: TrimEntries + Count',Job-XJVIUY,False,True,Default,Default,Default,Default,Default,111111111111,Empty,RyuJit,Default,X64,8c5e7fda-e8bf-4a96-9a85-a6e23a8c635c,.NET 8.0,False,True,False,True,Default,Default,False,False,True,Default,Default,Default,Default,Default,Default,Default,Default,Default,Default,Default,Default,Default,Default,Default,Default,Default,16,Default,DotNetTips.Spargine.Extensions.BenchmarkTests,Strings,8,586.629 ns,8.7530 ns,8.5966 ns,2.1491 ns,583.871 ns,579.042 ns,582.411 ns,585.372 ns,610.907 ns,"1,704,655.0",8.7530 ns,16.00,5.304,2.000,1.9138,23,*,No,0.0000,0.0000,0.0000,"5,611 B",0.0238,0.0000,2232 B
'Split: TrimEntries + Count',Job-XJVIUY,False,True,Default,Default,Default,Default,Default,111111111111,Empty,RyuJit,Default,X64,8c5e7fda-e8bf-4a96-9a85-a6e23a8c635c,.NET 8.0,False,True,False,True,Default,Default,False,False,True,Default,Default,Default,Default,Default,Default,Default,Default,Default,Default,Default,Default,Default,Default,Default,Default,Default,16,Default,DotNetTips.Spargine.Extensions.BenchmarkTests,Strings,16,897.501 ns,4.3434 ns,4.0628 ns,1.0490 ns,896.494 ns,891.402 ns,894.237 ns,900.612 ns,904.613 ns,"1,114,204.8",4.3434 ns,15.00,1.666,2.000,0.3430,31,*,No,0.0000,0.0000,0.0000,"5,577 B",0.0439,0.0000,4104 B
'Split: TrimEntries + Count',Job-XJVIUY,False,True,Default,Default,Default,Default,Default,111111111111,Empty,RyuJit,Default,X64,8c5e7fda-e8bf-4a96-9a85-a6e23a8c635c,.NET 8.0,False,True,False,True,Default,Default,False,False,True,Default,Default,Default,Default,Default,Default,Default,Default,Default,Default,Default,Default,Default,Default,Default,Default,Default,16,Default,DotNetTips.Spargine.Extensions.BenchmarkTests,Strings,32,"1,497.430 ns",8.6419 ns,8.0836 ns,2.0872 ns,"1,496.677 ns","1,484.767 ns","1,491.420 ns","1,503.192 ns","1,511.690 ns","667,810.8",8.6419 ns,15.00,1.719,2.000,0.0960,38,*,No,0.0000,0.0000,0.0000,"5,463 B",0.0839,0.0000,7752 B
'Split: TrimEntries + Count',Job-XJVIUY,False,True,Default,Default,Default,Default,Default,111111111111,Empty,RyuJit,Default,X64,8c5e7fda-e8bf-4a96-9a85-a6e23a8c635c,.NET 8.0,False,True,False,True,Default,Default,False,False,True,Default,Default,Default,Default,Default,Default,Default,Default,Default,Default,Default,Default,Default,Default,Default,Default,Default,16,Default,DotNetTips.Spargine.Extensions.BenchmarkTests,Strings,64,"2,619.451 ns",14.8058 ns,13.8494 ns,3.5759 ns,"2,617.084 ns","2,586.477 ns","2,613.139 ns","2,626.218 ns","2,645.405 ns","381,759.4",14.8058 ns,15.00,3.300,2.000,-0.2985,49,*,No,0.0000,0.0000,0.0000,"5,568 B",0.1640,0.0000,15048 B
'Split: TrimEntries + Count',Job-XJVIUY,False,True,Default,Default,Default,Default,Default,111111111111,Empty,RyuJit,Default,X64,8c5e7fda-e8bf-4a96-9a85-a6e23a8c635c,.NET 8.0,False,True,False,True,Default,Default,False,False,True,Default,Default,Default,Default,Default,Default,Default,Default,Default,Default,Default,Default,Default,Default,Default,Default,Default,16,Default,DotNetTips.Spargine.Extensions.BenchmarkTests,Strings,128,"5,125.953 ns",40.1821 ns,37.5864 ns,9.7048 ns,"5,122.287 ns","5,082.482 ns","5,095.431 ns","5,143.324 ns","5,214.353 ns","195,085.7",40.1821 ns,15.00,2.816,2.000,0.8924,60,*,No,0.0000,0.0000,0.0000,"5,568 B",0.3281,0.0000,29640 B
'Split: TrimEntries + Count',Job-XJVIUY,False,True,Default,Default,Default,Default,Default,111111111111,Empty,RyuJit,Default,X64,8c5e7fda-e8bf-4a96-9a85-a6e23a8c635c,.NET 8.0,False,True,False,True,Default,Default,False,False,True,Default,Default,Default,Default,Default,Default,Default,Default,Default,Default,Default,Default,Default,Default,Default,Default,Default,16,Default,DotNetTips.Spargine.Extensions.BenchmarkTests,Strings,256,"10,440.468 ns",53.9944 ns,45.0878 ns,12.5051 ns,"10,455.258 ns","10,369.868 ns","10,424.265 ns","10,474.001 ns","10,501.233 ns","95,781.2",53.9944 ns,13.00,1.633,2.000,-0.4152,75,*,No,0.0000,0.0000,0.0000,"5,588 B",0.6561,0.0305,58824 B
'Split: TrimEntries',Job-XJVIUY,False,True,Default,Default,Default,Default,Default,111111111111,Empty,RyuJit,Default,X64,8c5e7fda-e8bf-4a96-9a85-a6e23a8c635c,.NET 8.0,False,True,False,True,Default,Default,False,False,True,Default,Default,Default,Default,Default,Default,Default,Default,Default,Default,Default,Default,Default,Default,Default,Default,Default,16,Default,DotNetTips.Spargine.Extensions.BenchmarkTests,Strings,2,219.833 ns,1.3209 ns,1.1710 ns,0.3130 ns,219.675 ns,218.347 ns,219.025 ns,220.401 ns,222.489 ns,"4,548,904.1",1.3209 ns,14.00,2.627,2.000,0.7910,14,*,No,0.0000,0.0000,0.0000,"5,333 B",0.0074,0.0000,680 B
'Split: TrimEntries',Job-XJVIUY,False,True,Default,Default,Default,Default,Default,111111111111,Empty,RyuJit,Default,X64,8c5e7fda-e8bf-4a96-9a85-a6e23a8c635c,.NET 8.0,False,True,False,True,Default,Default,False,False,True,Default,Default,Default,Default,Default,Default,Default,Default,Default,Default,Default,Default,Default,Default,Default,Default,Default,16,Default,DotNetTips.Spargine.Extensions.BenchmarkTests,Strings,4,341.975 ns,2.0888 ns,1.9539 ns,0.5045 ns,341.412 ns,339.356 ns,340.770 ns,343.282 ns,346.307 ns,"2,924,194.6",2.0888 ns,15.00,2.429,2.000,0.5637,18,*,No,0.0000,0.0000,0.0000,"5,433 B",0.0129,0.0000,1200 B
'Split: TrimEntries',Job-XJVIUY,False,True,Default,Default,Default,Default,Default,111111111111,Empty,RyuJit,Default,X64,8c5e7fda-e8bf-4a96-9a85-a6e23a8c635c,.NET 8.0,False,True,False,True,Default,Default,False,False,True,Default,Default,Default,Default,Default,Default,Default,Default,Default,Default,Default,Default,Default,Default,Default,Default,Default,16,Default,DotNetTips.Spargine.Extensions.BenchmarkTests,Strings,8,593.773 ns,2.2337 ns,2.0894 ns,0.5395 ns,593.791 ns,590.230 ns,592.011 ns,595.384 ns,597.565 ns,"1,684,144.2",2.2337 ns,15.00,1.704,2.000,0.1100,24,*,No,0.0000,0.0000,0.0000,"5,331 B",0.0238,0.0000,2232 B
'Split: TrimEntries',Job-XJVIUY,False,True,Default,Default,Default,Default,Default,111111111111,Empty,RyuJit,Default,X64,8c5e7fda-e8bf-4a96-9a85-a6e23a8c635c,.NET 8.0,False,True,False,True,Default,Default,False,False,True,Default,Default,Default,Default,Default,Default,Default,Default,Default,Default,Default,Default,Default,Default,Default,Default,Default,16,Default,DotNetTips.Spargine.Extensions.BenchmarkTests,Strings,16,"1,091.021 ns",2.8038 ns,2.4855 ns,0.6643 ns,"1,090.074 ns","1,088.614 ns","1,089.140 ns","1,092.372 ns","1,097.008 ns","916,572.3",2.8038 ns,14.00,2.956,2.000,1.0148,33,*,No,0.0000,0.0000,0.0000,"5,470 B",0.0458,0.0000,4296 B
'Split: TrimEntries',Job-XJVIUY,False,True,Default,Default,Default,Default,Default,111111111111,Empty,RyuJit,Default,X64,8c5e7fda-e8bf-4a96-9a85-a6e23a8c635c,.NET 8.0,False,True,False,True,Default,Default,False,False,True,Default,Default,Default,Default,Default,Default,Default,Default,Default,Default,Default,Default,Default,Default,Default,Default,Default,16,Default,DotNetTips.Spargine.Extensions.BenchmarkTests,Strings,32,"2,126.840 ns",13.1407 ns,11.6489 ns,3.1133 ns,"2,123.785 ns","2,113.026 ns","2,118.695 ns","2,133.003 ns","2,154.656 ns","470,181.0",13.1407 ns,14.00,2.865,2.000,0.9319,45,*,No,0.0000,0.0000,0.0000,"5,451 B",0.0916,0.0000,8424 B
'Split: TrimEntries',Job-XJVIUY,False,True,Default,Default,Default,Default,Default,111111111111,Empty,RyuJit,Default,X64,8c5e7fda-e8bf-4a96-9a85-a6e23a8c635c,.NET 8.0,False,True,False,True,Default,Default,False,False,True,Default,Default,Default,Default,Default,Default,Default,Default,Default,Default,Default,Default,Default,Default,Default,Default,Default,16,Default,DotNetTips.Spargine.Extensions.BenchmarkTests,Strings,64,"4,129.282 ns",19.8802 ns,16.6008 ns,4.6042 ns,"4,132.021 ns","4,102.110 ns","4,116.700 ns","4,142.540 ns","4,153.736 ns","242,172.9",19.8802 ns,13.00,1.594,2.000,-0.3081,56,*,No,0.0000,0.0000,0.0000,"5,447 B",0.1831,0.0000,16680 B
'Split: TrimEntries',Job-XJVIUY,False,True,Default,Default,Default,Default,Default,111111111111,Empty,RyuJit,Default,X64,8c5e7fda-e8bf-4a96-9a85-a6e23a8c635c,.NET 8.0,False,True,False,True,Default,Default,False,False,True,Default,Default,Default,Default,Default,Default,Default,Default,Default,Default,Default,Default,Default,Default,Default,Default,Default,16,Default,DotNetTips.Spargine.Extensions.BenchmarkTests,Strings,128,"8,177.875 ns",65.1125 ns,60.9063 ns,15.7259 ns,"8,157.495 ns","8,094.199 ns","8,134.978 ns","8,224.099 ns","8,316.150 ns","122,281.2",65.1125 ns,15.00,2.387,2.000,0.5812,70,*,No,0.0000,0.0000,0.0000,"5,364 B",0.3510,0.0000,33192 B
'Split: TrimEntries',Job-XJVIUY,False,True,Default,Default,Default,Default,Default,111111111111,Empty,RyuJit,Default,X64,8c5e7fda-e8bf-4a96-9a85-a6e23a8c635c,.NET 8.0,False,True,False,True,Default,Default,False,False,True,Default,Default,Default,Default,Default,Default,Default,Default,Default,Default,Default,Default,Default,Default,Default,Default,Default,16,Default,DotNetTips.Spargine.Extensions.BenchmarkTests,Strings,256,"16,527.498 ns",93.9097 ns,87.8432 ns,22.6810 ns,"16,544.392 ns","16,391.270 ns","16,447.499 ns","16,588.846 ns","16,709.612 ns","60,505.2",93.9097 ns,15.00,2.036,2.000,0.1823,84,*,No,0.0000,0.0000,0.0000,"5,322 B",0.7019,0.0305,66216 B
ComputeSHA256Hash,Job-XJVIUY,False,True,Default,Default,Default,Default,Default,111111111111,Empty,RyuJit,Default,X64,8c5e7fda-e8bf-4a96-9a85-a6e23a8c635c,.NET 8.0,False,True,False,True,Default,Default,False,False,True,Default,Default,Default,Default,Default,Default,Default,Default,Default,Default,Default,Default,Default,Default,Default,Default,Default,16,Default,DotNetTips.Spargine.Extensions.BenchmarkTests,Strings,2,"2,049.821 ns",14.5105 ns,12.8632 ns,3.4378 ns,"2,051.985 ns","2,029.285 ns","2,040.438 ns","2,058.814 ns","2,072.852 ns","487,847.4",14.5105 ns,14.00,1.812,2.000,-0.0623,44,*,No,0.0000,0.0000,0.0000,"1,696 B",0.0153,0.0000,1640 B
ComputeSHA256Hash,Job-XJVIUY,False,True,Default,Default,Default,Default,Default,111111111111,Empty,RyuJit,Default,X64,8c5e7fda-e8bf-4a96-9a85-a6e23a8c635c,.NET 8.0,False,True,False,True,Default,Default,False,False,True,Default,Default,Default,Default,Default,Default,Default,Default,Default,Default,Default,Default,Default,Default,Default,Default,Default,16,Default,DotNetTips.Spargine.Extensions.BenchmarkTests,Strings,4,"2,515.470 ns",12.2090 ns,10.8229 ns,2.8926 ns,"2,512.543 ns","2,501.787 ns","2,507.621 ns","2,521.689 ns","2,537.025 ns","397,540.0",12.2090 ns,14.00,1.944,2.000,0.6347,48,*,No,0.0000,0.0000,0.0000,"1,695 B",0.0191,0.0000,2000 B
ComputeSHA256Hash,Job-XJVIUY,False,True,Default,Default,Default,Default,Default,111111111111,Empty,RyuJit,Default,X64,8c5e7fda-e8bf-4a96-9a85-a6e23a8c635c,.NET 8.0,False,True,False,True,Default,Default,False,False,True,Default,Default,Default,Default,Default,Default,Default,Default,Default,Default,Default,Default,Default,Default,Default,Default,Default,16,Default,DotNetTips.Spargine.Extensions.BenchmarkTests,Strings,8,"3,927.253 ns",9.6472 ns,8.5520 ns,2.2856 ns,"3,924.424 ns","3,916.060 ns","3,921.467 ns","3,933.145 ns","3,942.676 ns","254,630.9",9.6472 ns,14.00,1.603,2.000,0.2705,55,*,No,0.0000,0.0000,0.0000,"1,700 B",0.0229,0.0000,2712 B
ComputeSHA256Hash,Job-XJVIUY,False,True,Default,Default,Default,Default,Default,111111111111,Empty,RyuJit,Default,X64,8c5e7fda-e8bf-4a96-9a85-a6e23a8c635c,.NET 8.0,False,True,False,True,Default,Default,False,False,True,Default,Default,Default,Default,Default,Default,Default,Default,Default,Default,Default,Default,Default,Default,Default,Default,Default,16,Default,DotNetTips.Spargine.Extensions.BenchmarkTests,Strings,16,"6,509.356 ns",24.6106 ns,23.0208 ns,5.9439 ns,"6,509.732 ns","6,454.176 ns","6,498.504 ns","6,522.168 ns","6,551.394 ns","153,625.0",24.6106 ns,15.00,3.225,2.000,-0.3769,66,*,No,0.0000,0.0000,0.0000,"1,695 B",0.0381,0.0000,4128 B
ComputeSHA256Hash,Job-XJVIUY,False,True,Default,Default,Default,Default,Default,111111111111,Empty,RyuJit,Default,X64,8c5e7fda-e8bf-4a96-9a85-a6e23a8c635c,.NET 8.0,False,True,False,True,Default,Default,False,False,True,Default,Default,Default,Default,Default,Default,Default,Default,Default,Default,Default,Default,Default,Default,Default,Default,Default,16,Default,DotNetTips.Spargine.Extensions.BenchmarkTests,Strings,32,"11,806.549 ns",50.4885 ns,44.7567 ns,11.9617 ns,"11,786.568 ns","11,741.260 ns","11,780.353 ns","11,851.709 ns","11,865.181 ns","84,698.8",50.4885 ns,14.00,1.294,2.000,0.0681,77,*,No,0.0000,0.0000,0.0000,"1,696 B",0.0763,0.0000,6960 B
ComputeSHA256Hash,Job-XJVIUY,False,True,Default,Default,Default,Default,Default,111111111111,Empty,RyuJit,Default,X64,8c5e7fda-e8bf-4a96-9a85-a6e23a8c635c,.NET 8.0,False,True,False,True,Default,Default,False,False,True,Default,Default,Default,Default,Default,Default,Default,Default,Default,Default,Default,Default,Default,Default,Default,Default,Default,16,Default,DotNetTips.Spargine.Extensions.BenchmarkTests,Strings,64,"23,009.841 ns",108.9072 ns,101.8719 ns,26.3032 ns,"22,992.528 ns","22,861.070 ns","22,933.015 ns","23,081.613 ns","23,218.211 ns","43,459.7",108.9072 ns,15.00,2.042,2.000,0.4590,87,*,No,0.0000,0.0000,0.0000,"1,696 B",0.1221,0.0000,12624 B
ComputeSHA256Hash,Job-XJVIUY,False,True,Default,Default,Default,Default,Default,111111111111,Empty,RyuJit,Default,X64,8c5e7fda-e8bf-4a96-9a85-a6e23a8c635c,.NET 8.0,False,True,False,True,Default,Default,False,False,True,Default,Default,Default,Default,Default,Default,Default,Default,Default,Default,Default,Default,Default,Default,Default,Default,Default,16,Default,DotNetTips.Spargine.Extensions.BenchmarkTests,Strings,128,"43,851.655 ns",337.6725 ns,315.8590 ns,81.5545 ns,"43,812.860 ns","43,438.043 ns","43,623.438 ns","44,051.025 ns","44,661.340 ns","22,804.2",337.6725 ns,15.00,3.336,2.000,0.9171,94,*,No,0.0000,0.0000,0.0000,"1,696 B",0.2441,0.0000,23952 B
ComputeSHA256Hash,Job-XJVIUY,False,True,Default,Default,Default,Default,Default,111111111111,Empty,RyuJit,Default,X64,8c5e7fda-e8bf-4a96-9a85-a6e23a8c635c,.NET 8.0,False,True,False,True,Default,Default,False,False,True,Default,Default,Default,Default,Default,Default,Default,Default,Default,Default,Default,Default,Default,Default,Default,Default,Default,16,Default,DotNetTips.Spargine.Extensions.BenchmarkTests,Strings,256,"86,805.849 ns",691.3571 ns,646.6959 ns,166.9762 ns,"86,773.981 ns","85,827.435 ns","86,314.282 ns","87,405.951 ns","87,734.760 ns","11,520.0",691.3571 ns,15.00,1.500,2.000,0.0091,100,*,No,0.0000,0.0000,0.0000,"1,701 B",0.4883,0.0000,46608 B
ContainsAny,Job-XJVIUY,False,True,Default,Default,Default,Default,Default,111111111111,Empty,RyuJit,Default,X64,8c5e7fda-e8bf-4a96-9a85-a6e23a8c635c,.NET 8.0,False,True,False,True,Default,Default,False,False,True,Default,Default,Default,Default,Default,Default,Default,Default,Default,Default,Default,Default,Default,Default,Default,Default,Default,16,Default,DotNetTips.Spargine.Extensions.BenchmarkTests,Strings,2,52.235 ns,0.2817 ns,0.2497 ns,0.0667 ns,52.273 ns,51.651 ns,52.089 ns,52.411 ns,52.563 ns,"19,144,400.9",0.2817 ns,14.00,2.772,2.000,-0.6717,6,*,No,0.0000,0.0000,0.0000,327 B,0.0020,0.0000,184 B
ContainsAny,Job-XJVIUY,False,True,Default,Default,Default,Default,Default,111111111111,Empty,RyuJit,Default,X64,8c5e7fda-e8bf-4a96-9a85-a6e23a8c635c,.NET 8.0,False,True,False,True,Default,Default,False,False,True,Default,Default,Default,Default,Default,Default,Default,Default,Default,Default,Default,Default,Default,Default,Default,Default,Default,16,Default,DotNetTips.Spargine.Extensions.BenchmarkTests,Strings,4,45.667 ns,0.3722 ns,0.3481 ns,0.0899 ns,45.682 ns,45.230 ns,45.346 ns,45.968 ns,46.181 ns,"21,897,861.2",0.3722 ns,15.00,1.323,2.000,0.2325,5,*,No,0.0000,0.0000,0.0000,325 B,0.0020,0.0000,184 B
ContainsAny,Job-XJVIUY,False,True,Default,Default,Default,Default,Default,111111111111,Empty,RyuJit,Default,X64,8c5e7fda-e8bf-4a96-9a85-a6e23a8c635c,.NET 8.0,False,True,False,True,Default,Default,False,False,True,Default,Default,Default,Default,Default,Default,Default,Default,Default,Default,Default,Default,Default,Default,Default,Default,Default,16,Default,DotNetTips.Spargine.Extensions.BenchmarkTests,Strings,8,46.767 ns,0.4251 ns,0.3769 ns,0.1007 ns,46.742 ns,46.161 ns,46.567 ns,47.089 ns,47.304 ns,"21,382,705.8",0.4251 ns,14.00,1.603,2.000,-0.2901,5,*,No,0.0000,0.0000,0.0000,327 B,0.0020,0.0000,184 B
ContainsAny,Job-XJVIUY,False,True,Default,Default,Default,Default,Default,111111111111,Empty,RyuJit,Default,X64,8c5e7fda-e8bf-4a96-9a85-a6e23a8c635c,.NET 8.0,False,True,False,True,Default,Default,False,False,True,Default,Default,Default,Default,Default,Default,Default,Default,Default,Default,Default,Default,Default,Default,Default,Default,Default,16,Default,DotNetTips.Spargine.Extensions.BenchmarkTests,Strings,16,46.672 ns,0.5055 ns,0.4728 ns,0.1221 ns,46.654 ns,45.829 ns,46.447 ns,46.975 ns,47.417 ns,"21,425,947.4",0.5055 ns,15.00,2.182,2.000,-0.1103,5,*,No,0.0000,0.0000,0.0000,327 B,0.0020,0.0000,184 B
ContainsAny,Job-XJVIUY,False,True,Default,Default,Default,Default,Default,111111111111,Empty,RyuJit,Default,X64,8c5e7fda-e8bf-4a96-9a85-a6e23a8c635c,.NET 8.0,False,True,False,True,Default,Default,False,False,True,Default,Default,Default,Default,Default,Default,Default,Default,Default,Default,Default,Default,Default,Default,Default,Default,Default,16,Default,DotNetTips.Spargine.Extensions.BenchmarkTests,Strings,32,52.377 ns,0.2437 ns,0.2279 ns,0.0589 ns,52.398 ns,52.073 ns,52.190 ns,52.512 ns,52.754 ns,"19,092,374.8",0.2437 ns,15.00,1.685,2.000,0.1923,6,*,No,0.0000,0.0000,0.0000,327 B,0.0020,0.0000,184 B
ContainsAny,Job-XJVIUY,False,True,Default,Default,Default,Default,Default,111111111111,Empty,RyuJit,Default,X64,8c5e7fda-e8bf-4a96-9a85-a6e23a8c635c,.NET 8.0,False,True,False,True,Default,Default,False,False,True,Default,Default,Default,Default,Default,Default,Default,Default,Default,Default,Default,Default,Default,Default,Default,Default,Default,16,Default,DotNetTips.Spargine.Extensions.BenchmarkTests,Strings,64,46.182 ns,0.3998 ns,0.3740 ns,0.0966 ns,46.304 ns,45.552 ns,45.893 ns,46.445 ns,46.752 ns,"21,653,583.9",0.3998 ns,15.00,1.674,2.000,-0.2665,5,*,No,0.0000,0.0000,0.0000,327 B,0.0020,0.0000,184 B
ContainsAny,Job-XJVIUY,False,True,Default,Default,Default,Default,Default,111111111111,Empty,RyuJit,Default,X64,8c5e7fda-e8bf-4a96-9a85-a6e23a8c635c,.NET 8.0,False,True,False,True,Default,Default,False,False,True,Default,Default,Default,Default,Default,Default,Default,Default,Default,Default,Default,Default,Default,Default,Default,Default,Default,16,Default,DotNetTips.Spargine.Extensions.BenchmarkTests,Strings,128,46.818 ns,0.4970 ns,0.4151 ns,0.1151 ns,46.924 ns,46.216 ns,46.535 ns,47.036 ns,47.431 ns,"21,359,178.2",0.4970 ns,13.00,1.542,2.000,-0.0726,5,*,No,0.0000,0.0000,0.0000,327 B,0.0020,0.0000,184 B
ContainsAny,Job-XJVIUY,False,True,Default,Default,Default,Default,Default,111111111111,Empty,RyuJit,Default,X64,8c5e7fda-e8bf-4a96-9a85-a6e23a8c635c,.NET 8.0,False,True,False,True,Default,Default,False,False,True,Default,Default,Default,Default,Default,Default,Default,Default,Default,Default,Default,Default,Default,Default,Default,Default,Default,16,Default,DotNetTips.Spargine.Extensions.BenchmarkTests,Strings,256,45.937 ns,0.3989 ns,0.3731 ns,0.0963 ns,45.889 ns,45.426 ns,45.574 ns,46.309 ns,46.438 ns,"21,769,145.7",0.3989 ns,15.00,1.191,2.000,0.0797,5,*,No,0.0000,0.0000,0.0000,325 B,0.0020,0.0000,184 B
DelimitedStringToArray,Job-XJVIUY,False,True,Default,Default,Default,Default,Default,111111111111,Empty,RyuJit,Default,X64,8c5e7fda-e8bf-4a96-9a85-a6e23a8c635c,.NET 8.0,False,True,False,True,Default,Default,False,False,True,Default,Default,Default,Default,Default,Default,Default,Default,Default,Default,Default,Default,Default,Default,Default,Default,Default,16,Default,DotNetTips.Spargine.Extensions.BenchmarkTests,"Strings,**NEW**",2,149.011 ns,1.0406 ns,0.9734 ns,0.2513 ns,148.855 ns,147.573 ns,148.275 ns,149.804 ns,150.971 ns,"6,710,934.9",1.0406 ns,15.00,1.954,2.000,0.2631,10,*,No,0.0000,0.0000,0.0000,"1,951 B",0.0064,0.0000,608 B
DelimitedStringToArray,Job-XJVIUY,False,True,Default,Default,Default,Default,Default,111111111111,Empty,RyuJit,Default,X64,8c5e7fda-e8bf-4a96-9a85-a6e23a8c635c,.NET 8.0,False,True,False,True,Default,Default,False,False,True,Default,Default,Default,Default,Default,Default,Default,Default,Default,Default,Default,Default,Default,Default,Default,Default,Default,16,Default,DotNetTips.Spargine.Extensions.BenchmarkTests,"Strings,**NEW**",4,253.496 ns,1.9624 ns,1.8356 ns,0.4740 ns,253.718 ns,249.730 ns,252.730 ns,254.474 ns,257.078 ns,"3,944,842.8",1.9624 ns,15.00,2.697,2.000,-0.0749,15,*,No,0.0000,0.0000,0.0000,"1,947 B",0.0124,0.0000,1144 B
DelimitedStringToArray,Job-XJVIUY,False,True,Default,Default,Default,Default,Default,111111111111,Empty,RyuJit,Default,X64,8c5e7fda-e8bf-4a96-9a85-a6e23a8c635c,.NET 8.0,False,True,False,True,Default,Default,False,False,True,Default,Default,Default,Default,Default,Default,Default,Default,Default,Default,Default,Default,Default,Default,Default,Default,Default,16,Default,DotNetTips.Spargine.Extensions.BenchmarkTests,"Strings,**NEW**",8,449.527 ns,2.1499 ns,2.0110 ns,0.5192 ns,450.088 ns,445.566 ns,447.969 ns,450.878 ns,452.562 ns,"2,224,559.2",2.1499 ns,15.00,1.934,2.000,-0.4332,21,*,No,0.0000,0.0000,0.0000,"1,941 B",0.0238,0.0000,2208 B
DelimitedStringToArray,Job-XJVIUY,False,True,Default,Default,Default,Default,Default,111111111111,Empty,RyuJit,Default,X64,8c5e7fda-e8bf-4a96-9a85-a6e23a8c635c,.NET 8.0,False,True,False,True,Default,Default,False,False,True,Default,Default,Default,Default,Default,Default,Default,Default,Default,Default,Default,Default,Default,Default,Default,Default,Default,16,Default,DotNetTips.Spargine.Extensions.BenchmarkTests,"Strings,**NEW**",16,831.331 ns,4.0763 ns,3.4039 ns,0.9441 ns,830.833 ns,826.450 ns,829.228 ns,832.928 ns,837.400 ns,"1,202,890.0",4.0763 ns,13.00,1.964,2.000,0.3511,28,*,No,0.0000,0.0000,0.0000,"1,945 B",0.0467,0.0000,4336 B
DelimitedStringToArray,Job-XJVIUY,False,True,Default,Default,Default,Default,Default,111111111111,Empty,RyuJit,Default,X64,8c5e7fda-e8bf-4a96-9a85-a6e23a8c635c,.NET 8.0,False,True,False,True,Default,Default,False,False,True,Default,Default,Default,Default,Default,Default,Default,Default,Default,Default,Default,Default,Default,Default,Default,Default,Default,16,Default,DotNetTips.Spargine.Extensions.BenchmarkTests,"Strings,**NEW**",32,"1,631.165 ns",18.9194 ns,17.6972 ns,4.5694 ns,"1,627.716 ns","1,602.386 ns","1,619.851 ns","1,643.895 ns","1,665.733 ns","613,058.9",18.9194 ns,15.00,1.984,2.000,0.2148,40,*,No,0.0000,0.0000,0.0000,"1,945 B",0.0935,0.0000,8592 B
DelimitedStringToArray,Job-XJVIUY,False,True,Default,Default,Default,Default,Default,111111111111,Empty,RyuJit,Default,X64,8c5e7fda-e8bf-4a96-9a85-a6e23a8c635c,.NET 8.0,False,True,False,True,Default,Default,False,False,True,Default,Default,Default,Default,Default,Default,Default,Default,Default,Default,Default,Default,Default,Default,Default,Default,Default,16,Default,DotNetTips.Spargine.Extensions.BenchmarkTests,"Strings,**NEW**",64,"3,165.675 ns",26.4591 ns,24.7499 ns,6.3904 ns,"3,156.483 ns","3,138.449 ns","3,148.380 ns","3,178.995 ns","3,223.246 ns","315,888.4",26.4591 ns,15.00,2.593,2.000,0.9723,52,*,No,0.0000,0.0000,0.0000,"1,951 B",0.1869,0.0000,17104 B
DelimitedStringToArray,Job-XJVIUY,False,True,Default,Default,Default,Default,Default,111111111111,Empty,RyuJit,Default,X64,8c5e7fda-e8bf-4a96-9a85-a6e23a8c635c,.NET 8.0,False,True,False,True,Default,Default,False,False,True,Default,Default,Default,Default,Default,Default,Default,Default,Default,Default,Default,Default,Default,Default,Default,Default,Default,16,Default,DotNetTips.Spargine.Extensions.BenchmarkTests,"Strings,**NEW**",128,"6,417.240 ns",39.5305 ns,35.0428 ns,9.3656 ns,"6,432.185 ns","6,324.866 ns","6,399.451 ns","6,436.884 ns","6,456.872 ns","155,830.2",39.5305 ns,14.00,3.802,2.000,-1.2253,65,*,No,0.0000,0.0000,0.0000,"1,951 B",0.3738,0.0076,34128 B
DelimitedStringToArray,Job-XJVIUY,False,True,Default,Default,Default,Default,Default,111111111111,Empty,RyuJit,Default,X64,8c5e7fda-e8bf-4a96-9a85-a6e23a8c635c,.NET 8.0,False,True,False,True,Default,Default,False,False,True,Default,Default,Default,Default,Default,Default,Default,Default,Default,Default,Default,Default,Default,Default,Default,Default,Default,16,Default,DotNetTips.Spargine.Extensions.BenchmarkTests,"Strings,**NEW**",256,"13,200.019 ns",76.6028 ns,71.6543 ns,18.5011 ns,"13,201.553 ns","13,077.939 ns","13,155.098 ns","13,253.609 ns","13,326.709 ns","75,757.5",76.6028 ns,15.00,1.929,2.000,-0.0977,81,*,No,0.0000,0.0000,0.0000,"1,921 B",0.7477,0.0458,68176 B
EqualsIgnoreCase,Job-XJVIUY,False,True,Default,Default,Default,Default,Default,111111111111,Empty,RyuJit,Default,X64,8c5e7fda-e8bf-4a96-9a85-a6e23a8c635c,.NET 8.0,False,True,False,True,Default,Default,False,False,True,Default,Default,Default,Default,Default,Default,Default,Default,Default,Default,Default,Default,Default,Default,Default,Default,Default,16,Default,DotNetTips.Spargine.Extensions.BenchmarkTests,Strings,2,1.184 ns,0.0081 ns,0.0067 ns,0.0019 ns,1.182 ns,1.176 ns,1.180 ns,1.187 ns,1.200 ns,"844,572,383.2",0.0081 ns,13.00,2.786,2.000,0.8335,1,*,No,0.0000,0.0000,0.0000,442 B,0.0000,0.0000,0 B
EqualsIgnoreCase,Job-XJVIUY,False,True,Default,Default,Default,Default,Default,111111111111,Empty,RyuJit,Default,X64,8c5e7fda-e8bf-4a96-9a85-a6e23a8c635c,.NET 8.0,False,True,False,True,Default,Default,False,False,True,Default,Default,Default,Default,Default,Default,Default,Default,Default,Default,Default,Default,Default,Default,Default,Default,Default,16,Default,DotNetTips.Spargine.Extensions.BenchmarkTests,Strings,4,1.182 ns,0.0095 ns,0.0079 ns,0.0022 ns,1.180 ns,1.168 ns,1.179 ns,1.187 ns,1.197 ns,"846,224,191.3",0.0095 ns,13.00,2.181,2.000,0.0525,1,*,No,0.0000,0.0000,0.0000,442 B,0.0000,0.0000,0 B
EqualsIgnoreCase,Job-XJVIUY,False,True,Default,Default,Default,Default,Default,111111111111,Empty,RyuJit,Default,X64,8c5e7fda-e8bf-4a96-9a85-a6e23a8c635c,.NET 8.0,False,True,False,True,Default,Default,False,False,True,Default,Default,Default,Default,Default,Default,Default,Default,Default,Default,Default,Default,Default,Default,Default,Default,Default,16,Default,DotNetTips.Spargine.Extensions.BenchmarkTests,Strings,8,1.181 ns,0.0072 ns,0.0088 ns,0.0019 ns,1.179 ns,1.166 ns,1.174 ns,1.187 ns,1.204 ns,"846,744,824.2",0.0072 ns,22.00,3.066,2.000,0.7264,1,*,No,0.0000,0.0000,0.0000,442 B,0.0000,0.0000,0 B
EqualsIgnoreCase,Job-XJVIUY,False,True,Default,Default,Default,Default,Default,111111111111,Empty,RyuJit,Default,X64,8c5e7fda-e8bf-4a96-9a85-a6e23a8c635c,.NET 8.0,False,True,False,True,Default,Default,False,False,True,Default,Default,Default,Default,Default,Default,Default,Default,Default,Default,Default,Default,Default,Default,Default,Default,Default,16,Default,DotNetTips.Spargine.Extensions.BenchmarkTests,Strings,16,1.186 ns,0.0106 ns,0.0099 ns,0.0026 ns,1.181 ns,1.175 ns,1.178 ns,1.191 ns,1.207 ns,"843,517,862.1",0.0106 ns,15.00,2.306,2.000,0.8513,1,*,No,0.0000,0.0000,0.0000,442 B,0.0000,0.0000,0 B
EqualsIgnoreCase,Job-XJVIUY,False,True,Default,Default,Default,Default,Default,111111111111,Empty,RyuJit,Default,X64,8c5e7fda-e8bf-4a96-9a85-a6e23a8c635c,.NET 8.0,False,True,False,True,Default,Default,False,False,True,Default,Default,Default,Default,Default,Default,Default,Default,Default,Default,Default,Default,Default,Default,Default,Default,Default,16,Default,DotNetTips.Spargine.Extensions.BenchmarkTests,Strings,32,1.429 ns,0.0145 ns,0.0129 ns,0.0034 ns,1.425 ns,1.415 ns,1.419 ns,1.435 ns,1.461 ns,"699,860,361.9",0.0145 ns,14.00,3.253,2.000,1.0008,3,*,No,0.0000,0.0000,0.0000,442 B,0.0000,0.0000,0 B
EqualsIgnoreCase,Job-XJVIUY,False,True,Default,Default,Default,Default,Default,111111111111,Empty,RyuJit,Default,X64,8c5e7fda-e8bf-4a96-9a85-a6e23a8c635c,.NET 8.0,False,True,False,True,Default,Default,False,False,True,Default,Default,Default,Default,Default,Default,Default,Default,Default,Default,Default,Default,Default,Default,Default,Default,Default,16,Default,DotNetTips.Spargine.Extensions.BenchmarkTests,Strings,64,1.186 ns,0.0133 ns,0.0124 ns,0.0032 ns,1.182 ns,1.165 ns,1.179 ns,1.196 ns,1.209 ns,"842,961,950.4",0.0133 ns,15.00,1.859,2.000,0.0406,1,*,No,0.0000,0.0000,0.0000,442 B,0.0000,0.0000,0 B
EqualsIgnoreCase,Job-XJVIUY,False,True,Default,Default,Default,Default,Default,111111111111,Empty,RyuJit,Default,X64,8c5e7fda-e8bf-4a96-9a85-a6e23a8c635c,.NET 8.0,False,True,False,True,Default,Default,False,False,True,Default,Default,Default,Default,Default,Default,Default,Default,Default,Default,Default,Default,Default,Default,Default,Default,Default,16,Default,DotNetTips.Spargine.Extensions.BenchmarkTests,Strings,128,1.244 ns,0.0551 ns,0.0874 ns,0.0152 ns,1.189 ns,1.169 ns,1.180 ns,1.356 ns,1.392 ns,"803,561,026.1",0.0551 ns,33.00,1.609,2.909,0.7355,1,*,No,0.0000,0.0000,0.0000,442 B,0.0000,0.0000,0 B
EqualsIgnoreCase,Job-XJVIUY,False,True,Default,Default,Default,Default,Default,111111111111,Empty,RyuJit,Default,X64,8c5e7fda-e8bf-4a96-9a85-a6e23a8c635c,.NET 8.0,False,True,False,True,Default,Default,False,False,True,Default,Default,Default,Default,Default,Default,Default,Default,Default,Default,Default,Default,Default,Default,Default,Default,Default,16,Default,DotNetTips.Spargine.Extensions.BenchmarkTests,Strings,256,1.433 ns,0.0092 ns,0.0082 ns,0.0022 ns,1.433 ns,1.420 ns,1.429 ns,1.438 ns,1.447 ns,"697,967,052.0",0.0092 ns,14.00,1.850,2.000,-0.0055,3,*,No,0.0000,0.0000,0.0000,442 B,0.0000,0.0000,0 B
EqualsOrBothNullOrEmpty,Job-XJVIUY,False,True,Default,Default,Default,Default,Default,111111111111,Empty,RyuJit,Default,X64,8c5e7fda-e8bf-4a96-9a85-a6e23a8c635c,.NET 8.0,False,True,False,True,Default,Default,False,False,True,Default,Default,Default,Default,Default,Default,Default,Default,Default,Default,Default,Default,Default,Default,Default,Default,Default,16,Default,DotNetTips.Spargine.Extensions.BenchmarkTests,Strings,2,1.369 ns,0.0115 ns,0.0107 ns,0.0028 ns,1.367 ns,1.354 ns,1.362 ns,1.377 ns,1.389 ns,"730,489,329.5",0.0115 ns,15.00,1.848,2.000,0.3869,2,*,No,0.0000,0.0000,0.0000,457 B,0.0000,0.0000,0 B
EqualsOrBothNullOrEmpty,Job-XJVIUY,False,True,Default,Default,Default,Default,Default,111111111111,Empty,RyuJit,Default,X64,8c5e7fda-e8bf-4a96-9a85-a6e23a8c635c,.NET 8.0,False,True,False,True,Default,Default,False,False,True,Default,Default,Default,Default,Default,Default,Default,Default,Default,Default,Default,Default,Default,Default,Default,Default,Default,16,Default,DotNetTips.Spargine.Extensions.BenchmarkTests,Strings,4,1.365 ns,0.0130 ns,0.0122 ns,0.0031 ns,1.364 ns,1.347 ns,1.356 ns,1.370 ns,1.389 ns,"732,716,523.1",0.0130 ns,15.00,2.097,2.000,0.5073,2,*,No,0.0000,0.0000,0.0000,457 B,0.0000,0.0000,0 B
EqualsOrBothNullOrEmpty,Job-XJVIUY,False,True,Default,Default,Default,Default,Default,111111111111,Empty,RyuJit,Default,X64,8c5e7fda-e8bf-4a96-9a85-a6e23a8c635c,.NET 8.0,False,True,False,True,Default,Default,False,False,True,Default,Default,Default,Default,Default,Default,Default,Default,Default,Default,Default,Default,Default,Default,Default,Default,Default,16,Default,DotNetTips.Spargine.Extensions.BenchmarkTests,Strings,8,1.696 ns,0.0638 ns,0.1492 ns,0.0185 ns,1.760 ns,1.351 ns,1.750 ns,1.766 ns,1.785 ns,"589,701,197.1",0.0638 ns,65.00,4.000,2.000,-1.7152,4,*,No,0.0000,0.0000,0.0000,457 B,0.0000,0.0000,0 B
EqualsOrBothNullOrEmpty,Job-XJVIUY,False,True,Default,Default,Default,Default,Default,111111111111,Empty,RyuJit,Default,X64,8c5e7fda-e8bf-4a96-9a85-a6e23a8c635c,.NET 8.0,False,True,False,True,Default,Default,False,False,True,Default,Default,Default,Default,Default,Default,Default,Default,Default,Default,Default,Default,Default,Default,Default,Default,Default,16,Default,DotNetTips.Spargine.Extensions.BenchmarkTests,Strings,16,1.421 ns,0.0068 ns,0.0061 ns,0.0016 ns,1.423 ns,1.408 ns,1.417 ns,1.425 ns,1.430 ns,"703,823,008.2",0.0068 ns,14.00,2.332,2.000,-0.6867,3,*,No,0.0000,0.0000,0.0000,457 B,0.0000,0.0000,0 B
EqualsOrBothNullOrEmpty,Job-XJVIUY,False,True,Default,Default,Default,Default,Default,111111111111,Empty,RyuJit,Default,X64,8c5e7fda-e8bf-4a96-9a85-a6e23a8c635c,.NET 8.0,False,True,False,True,Default,Default,False,False,True,Default,Default,Default,Default,Default,Default,Default,Default,Default,Default,Default,Default,Default,Default,Default,Default,Default,16,Default,DotNetTips.Spargine.Extensions.BenchmarkTests,Strings,32,1.417 ns,0.0166 ns,0.0290 ns,0.0046 ns,1.411 ns,1.398 ns,1.403 ns,1.419 ns,1.572 ns,"705,802,214.4",0.0166 ns,39.00,21.136,2.000,4.0419,3,*,No,0.0000,0.0000,0.0000,457 B,0.0000,0.0000,0 B
EqualsOrBothNullOrEmpty,Job-XJVIUY,False,True,Default,Default,Default,Default,Default,111111111111,Empty,RyuJit,Default,X64,8c5e7fda-e8bf-4a96-9a85-a6e23a8c635c,.NET 8.0,False,True,False,True,Default,Default,False,False,True,Default,Default,Default,Default,Default,Default,Default,Default,Default,Default,Default,Default,Default,Default,Default,Default,Default,16,Default,DotNetTips.Spargine.Extensions.BenchmarkTests,Strings,64,1.423 ns,0.0120 ns,0.0106 ns,0.0028 ns,1.424 ns,1.404 ns,1.415 ns,1.430 ns,1.440 ns,"702,628,346.7",0.0120 ns,14.00,1.731,2.000,-0.1693,3,*,No,0.0000,0.0000,0.0000,457 B,0.0000,0.0000,0 B
EqualsOrBothNullOrEmpty,Job-XJVIUY,False,True,Default,Default,Default,Default,Default,111111111111,Empty,RyuJit,Default,X64,8c5e7fda-e8bf-4a96-9a85-a6e23a8c635c,.NET 8.0,False,True,False,True,Default,Default,False,False,True,Default,Default,Default,Default,Default,Default,Default,Default,Default,Default,Default,Default,Default,Default,Default,Default,Default,16,Default,DotNetTips.Spargine.Extensions.BenchmarkTests,Strings,128,1.368 ns,0.0139 ns,0.0130 ns,0.0034 ns,1.365 ns,1.348 ns,1.360 ns,1.377 ns,1.389 ns,"730,801,876.7",0.0139 ns,15.00,1.651,2.000,0.1279,2,*,No,0.0000,0.0000,0.0000,457 B,0.0000,0.0000,0 B
EqualsOrBothNullOrEmpty,Job-XJVIUY,False,True,Default,Default,Default,Default,Default,111111111111,Empty,RyuJit,Default,X64,8c5e7fda-e8bf-4a96-9a85-a6e23a8c635c,.NET 8.0,False,True,False,True,Default,Default,False,False,True,Default,Default,Default,Default,Default,Default,Default,Default,Default,Default,Default,Default,Default,Default,Default,Default,Default,16,Default,DotNetTips.Spargine.Extensions.BenchmarkTests,Strings,256,1.449 ns,0.0449 ns,0.0420 ns,0.0108 ns,1.469 ns,1.392 ns,1.407 ns,1.473 ns,1.534 ns,"690,027,301.8",0.0449 ns,15.00,1.892,2.000,0.0415,3,*,No,0.0000,0.0000,0.0000,457 B,0.0000,0.0000,0 B
FromBase64,Job-XJVIUY,False,True,Default,Default,Default,Default,Default,111111111111,Empty,RyuJit,Default,X64,8c5e7fda-e8bf-4a96-9a85-a6e23a8c635c,.NET 8.0,False,True,False,True,Default,Default,False,False,True,Default,Default,Default,Default,Default,Default,Default,Default,Default,Default,Default,Default,Default,Default,Default,Default,Default,16,Default,DotNetTips.Spargine.Extensions.BenchmarkTests,Strings,2,255.315 ns,1.6672 ns,1.5595 ns,0.4027 ns,255.229 ns,252.026 ns,254.535 ns,256.453 ns,257.870 ns,"3,916,729.2",1.6672 ns,15.00,2.285,2.000,-0.3176,15,*,No,0.0000,0.0000,0.0000,"1,103 B",0.0048,0.0000,480 B
FromBase64,Job-XJVIUY,False,True,Default,Default,Default,Default,Default,111111111111,Empty,RyuJit,Default,X64,8c5e7fda-e8bf-4a96-9a85-a6e23a8c635c,.NET 8.0,False,True,False,True,Default,Default,False,False,True,Default,Default,Default,Default,Default,Default,Default,Default,Default,Default,Default,Default,Default,Default,Default,Default,Default,16,Default,DotNetTips.Spargine.Extensions.BenchmarkTests,Strings,4,447.793 ns,1.5929 ns,1.4120 ns,0.3774 ns,448.208 ns,444.985 ns,446.968 ns,448.814 ns,450.130 ns,"2,233,176.8",1.5929 ns,14.00,2.256,2.000,-0.4514,21,*,No,0.0000,0.0000,0.0000,"1,110 B",0.0086,0.0000,816 B
FromBase64,Job-XJVIUY,False,True,Default,Default,Default,Default,Default,111111111111,Empty,RyuJit,Default,X64,8c5e7fda-e8bf-4a96-9a85-a6e23a8c635c,.NET 8.0,False,True,False,True,Default,Default,False,False,True,Default,Default,Default,Default,Default,Default,Default,Default,Default,Default,Default,Default,Default,Default,Default,Default,Default,16,Default,DotNetTips.Spargine.Extensions.BenchmarkTests,Strings,8,857.136 ns,3.1870 ns,2.6613 ns,0.7381 ns,857.953 ns,851.845 ns,856.408 ns,858.333 ns,861.402 ns,"1,166,676.2",3.1870 ns,13.00,2.386,2.000,-0.5596,29,*,No,0.0000,0.0000,0.0000,"1,110 B",0.0162,0.0000,1496 B
FromBase64,Job-XJVIUY,False,True,Default,Default,Default,Default,Default,111111111111,Empty,RyuJit,Default,X64,8c5e7fda-e8bf-4a96-9a85-a6e23a8c635c,.NET 8.0,False,True,False,True,Default,Default,False,False,True,Default,Default,Default,Default,Default,Default,Default,Default,Default,Default,Default,Default,Default,Default,Default,Default,Default,16,Default,DotNetTips.Spargine.Extensions.BenchmarkTests,Strings,16,"1,698.563 ns",4.8746 ns,4.5597 ns,1.1773 ns,"1,699.312 ns","1,690.686 ns","1,695.113 ns","1,701.128 ns","1,706.009 ns","588,732.8",4.8746 ns,15.00,1.760,2.000,-0.0555,41,*,No,0.0000,0.0000,0.0000,"1,110 B",0.0305,0.0000,2864 B
FromBase64,Job-XJVIUY,False,True,Default,Default,Default,Default,Default,111111111111,Empty,RyuJit,Default,X64,8c5e7fda-e8bf-4a96-9a85-a6e23a8c635c,.NET 8.0,False,True,False,True,Default,Default,False,False,True,Default,Default,Default,Default,Default,Default,Default,Default,Default,Default,Default,Default,Default,Default,Default,Default,Default,16,Default,DotNetTips.Spargine.Extensions.BenchmarkTests,Strings,32,"3,326.446 ns",13.9223 ns,13.0229 ns,3.3625 ns,"3,326.744 ns","3,300.721 ns","3,318.024 ns","3,336.569 ns","3,344.836 ns","300,621.1",13.9223 ns,15.00,1.815,2.000,-0.3981,53,*,No,0.0000,0.0000,0.0000,"1,110 B",0.0610,0.0000,5600 B
FromBase64,Job-XJVIUY,False,True,Default,Default,Default,Default,Default,111111111111,Empty,RyuJit,Default,X64,8c5e7fda-e8bf-4a96-9a85-a6e23a8c635c,.NET 8.0,False,True,False,True,Default,Default,False,False,True,Default,Default,Default,Default,Default,Default,Default,Default,Default,Default,Default,Default,Default,Default,Default,Default,Default,16,Default,DotNetTips.Spargine.Extensions.BenchmarkTests,Strings,64,"6,577.687 ns",15.4418 ns,12.8946 ns,3.5763 ns,"6,579.607 ns","6,552.794 ns","6,570.209 ns","6,587.763 ns","6,598.866 ns","152,029.1",15.4418 ns,13.00,2.033,2.000,-0.2299,66,*,No,0.0000,0.0000,0.0000,"1,110 B",0.1221,0.0000,11072 B
FromBase64,Job-XJVIUY,False,True,Default,Default,Default,Default,Default,111111111111,Empty,RyuJit,Default,X64,8c5e7fda-e8bf-4a96-9a85-a6e23a8c635c,.NET 8.0,False,True,False,True,Default,Default,False,False,True,Default,Default,Default,Default,Default,Default,Default,Default,Default,Default,Default,Default,Default,Default,Default,Default,Default,16,Default,DotNetTips.Spargine.Extensions.BenchmarkTests,Strings,128,"12,420.100 ns",51.4787 ns,48.1532 ns,12.4331 ns,"12,430.046 ns","12,330.882 ns","12,383.900 ns","12,453.359 ns","12,499.904 ns","80,514.7",51.4787 ns,15.00,1.770,2.000,-0.0691,79,*,No,0.0000,0.0000,0.0000,"1,126 B",0.2441,0.0000,22016 B
FromBase64,Job-XJVIUY,False,True,Default,Default,Default,Default,Default,111111111111,Empty,RyuJit,Default,X64,8c5e7fda-e8bf-4a96-9a85-a6e23a8c635c,.NET 8.0,False,True,False,True,Default,Default,False,False,True,Default,Default,Default,Default,Default,Default,Default,Default,Default,Default,Default,Default,Default,Default,Default,Default,Default,16,Default,DotNetTips.Spargine.Extensions.BenchmarkTests,Strings,256,"25,054.796 ns",97.6485 ns,91.3405 ns,23.5840 ns,"25,060.651 ns","24,931.656 ns","24,976.614 ns","25,139.705 ns","25,214.069 ns","39,912.5",97.6485 ns,15.00,1.486,2.000,0.2824,88,*,No,0.0000,0.0000,0.0000,"1,126 B",0.4883,0.0000,43904 B
FromBrotliStringAsync,Job-XJVIUY,False,True,Default,Default,Default,Default,Default,111111111111,Empty,RyuJit,Default,X64,8c5e7fda-e8bf-4a96-9a85-a6e23a8c635c,.NET 8.0,False,True,False,True,Default,Default,False,False,True,Default,Default,Default,Default,Default,Default,Default,Default,Default,Default,Default,Default,Default,Default,Default,Default,Default,16,Default,DotNetTips.Spargine.Extensions.BenchmarkTests,"**NEW**,Strings,Async",2,"4,809.561 ns",34.8212 ns,32.5717 ns,8.4100 ns,"4,816.331 ns","4,749.416 ns","4,795.865 ns","4,829.427 ns","4,866.696 ns","207,919.2",34.8212 ns,15.00,2.179,2.000,-0.3720,58,*,No,0.0000,1.0323,0.0000,511 B,0.0153,0.0000,1696 B
FromBrotliStringAsync,Job-XJVIUY,False,True,Default,Default,Default,Default,Default,111111111111,Empty,RyuJit,Default,X64,8c5e7fda-e8bf-4a96-9a85-a6e23a8c635c,.NET 8.0,False,True,False,True,Default,Default,False,False,True,Default,Default,Default,Default,Default,Default,Default,Default,Default,Default,Default,Default,Default,Default,Default,Default,Default,16,Default,DotNetTips.Spargine.Extensions.BenchmarkTests,"**NEW**,Strings,Async",4,"6,111.069 ns",24.8627 ns,22.0401 ns,5.8905 ns,"6,111.957 ns","6,076.672 ns","6,092.059 ns","6,126.933 ns","6,147.997 ns","163,637.5",24.8627 ns,14.00,1.578,2.000,0.0655,64,*,No,0.0000,1.0353,0.0000,511 B,0.0229,0.0000,2456 B
FromBrotliStringAsync,Job-XJVIUY,False,True,Default,Default,Default,Default,Default,111111111111,Empty,RyuJit,Default,X64,8c5e7fda-e8bf-4a96-9a85-a6e23a8c635c,.NET 8.0,False,True,False,True,Default,Default,False,False,True,Default,Default,Default,Default,Default,Default,Default,Default,Default,Default,Default,Default,Default,Default,Default,Default,Default,16,Default,DotNetTips.Spargine.Extensions.BenchmarkTests,"**NEW**,Strings,Async",8,"8,807.384 ns",74.2559 ns,69.4591 ns,17.9342 ns,"8,793.614 ns","8,654.770 ns","8,768.052 ns","8,864.305 ns","8,907.010 ns","113,541.1",74.2559 ns,15.00,2.318,2.000,-0.3958,73,*,No,0.0000,1.0143,0.0000,511 B,0.0305,0.0000,4032 B
FromBrotliStringAsync,Job-XJVIUY,False,True,Default,Default,Default,Default,Default,111111111111,Empty,RyuJit,Default,X64,8c5e7fda-e8bf-4a96-9a85-a6e23a8c635c,.NET 8.0,False,True,False,True,Default,Default,False,False,True,Default,Default,Default,Default,Default,Default,Default,Default,Default,Default,Default,Default,Default,Default,Default,Default,Default,16,Default,DotNetTips.Spargine.Extensions.BenchmarkTests,"**NEW**,Strings,Async",16,"14,205.000 ns",83.6500 ns,78.2462 ns,20.2031 ns,"14,192.964 ns","14,085.323 ns","14,157.208 ns","14,261.215 ns","14,343.172 ns","70,397.7",83.6500 ns,15.00,1.826,2.000,0.2666,82,*,No,0.0000,1.0157,0.0000,511 B,0.0610,0.0000,7168 B
FromBrotliStringAsync,Job-XJVIUY,False,True,Default,Default,Default,Default,Default,111111111111,Empty,RyuJit,Default,X64,8c5e7fda-e8bf-4a96-9a85-a6e23a8c635c,.NET 8.0,False,True,False,True,Default,Default,False,False,True,Default,Default,Default,Default,Default,Default,Default,Default,Default,Default,Default,Default,Default,Default,Default,Default,Default,16,Default,DotNetTips.Spargine.Extensions.BenchmarkTests,"**NEW**,Strings,Async",32,"26,127.949 ns",136.6608 ns,127.8326 ns,33.0062 ns,"26,100.505 ns","25,952.516 ns","26,036.340 ns","26,206.136 ns","26,418.407 ns","38,273.2",136.6608 ns,15.00,2.457,2.000,0.6292,89,*,No,0.0000,1.0004,0.0000,511 B,0.1221,0.0000,13425 B
FromBrotliStringAsync,Job-XJVIUY,False,True,Default,Default,Default,Default,Default,111111111111,Empty,RyuJit,Default,X64,8c5e7fda-e8bf-4a96-9a85-a6e23a8c635c,.NET 8.0,False,True,False,True,Default,Default,False,False,True,Default,Default,Default,Default,Default,Default,Default,Default,Default,Default,Default,Default,Default,Default,Default,Default,Default,16,Default,DotNetTips.Spargine.Extensions.BenchmarkTests,"**NEW**,Strings,Async",64,"43,739.696 ns",238.9759 ns,211.8459 ns,56.6182 ns,"43,765.454 ns","43,395.627 ns","43,592.511 ns","43,859.593 ns","44,090.714 ns","22,862.5",238.9759 ns,14.00,1.971,2.000,-0.0224,94,*,No,0.0000,1.0002,0.0001,511 B,0.2441,0.0000,25825 B
FromBrotliStringAsync,Job-XJVIUY,False,True,Default,Default,Default,Default,Default,111111111111,Empty,RyuJit,Default,X64,8c5e7fda-e8bf-4a96-9a85-a6e23a8c635c,.NET 8.0,False,True,False,True,Default,Default,False,False,True,Default,Default,Default,Default,Default,Default,Default,Default,Default,Default,Default,Default,Default,Default,Default,Default,Default,16,Default,DotNetTips.Spargine.Extensions.BenchmarkTests,"**NEW**,Strings,Async",128,"76,562.967 ns",607.4516 ns,507.2496 ns,140.6857 ns,"76,490.411 ns","75,745.172 ns","76,351.605 ns","76,954.730 ns","77,382.648 ns","13,061.1",607.4516 ns,13.00,1.786,2.000,-0.2554,98,*,No,0.0000,1.0007,0.0001,511 B,0.4883,0.0000,50610 B
FromBrotliStringAsync,Job-XJVIUY,False,True,Default,Default,Default,Default,Default,111111111111,Empty,RyuJit,Default,X64,8c5e7fda-e8bf-4a96-9a85-a6e23a8c635c,.NET 8.0,False,True,False,True,Default,Default,False,False,True,Default,Default,Default,Default,Default,Default,Default,Default,Default,Default,Default,Default,Default,Default,Default,Default,Default,16,Default,DotNetTips.Spargine.Extensions.BenchmarkTests,"**NEW**,Strings,Async",256,"142,526.049 ns",937.7102 ns,877.1347 ns,226.4752 ns,"142,691.882 ns","140,979.822 ns","141,881.006 ns","143,168.909 ns","143,926.941 ns","7,016.3",937.7102 ns,15.00,1.770,2.000,-0.2817,103,*,No,0.0000,1.0007,0.0000,511 B,0.9766,0.0000,100122 B
FromGZipStringAsync,Job-XJVIUY,False,True,Default,Default,Default,Default,Default,111111111111,Empty,RyuJit,Default,X64,8c5e7fda-e8bf-4a96-9a85-a6e23a8c635c,.NET 8.0,False,True,False,True,Default,Default,False,False,True,Default,Default,Default,Default,Default,Default,Default,Default,Default,Default,Default,Default,Default,Default,Default,Default,Default,16,Default,DotNetTips.Spargine.Extensions.BenchmarkTests,"**NEW**,Strings,Async",2,"5,034.696 ns",19.4661 ns,16.2551 ns,4.5083 ns,"5,036.312 ns","5,000.793 ns","5,028.286 ns","5,045.155 ns","5,057.691 ns","198,621.7",19.4661 ns,13.00,2.297,2.000,-0.4913,59,*,No,0.0000,1.0294,0.0000,511 B,0.0153,0.0000,1880 B
FromGZipStringAsync,Job-XJVIUY,False,True,Default,Default,Default,Default,Default,111111111111,Empty,RyuJit,Default,X64,8c5e7fda-e8bf-4a96-9a85-a6e23a8c635c,.NET 8.0,False,True,False,True,Default,Default,False,False,True,Default,Default,Default,Default,Default,Default,Default,Default,Default,Default,Default,Default,Default,Default,Default,Default,Default,16,Default,DotNetTips.Spargine.Extensions.BenchmarkTests,"**NEW**,Strings,Async",4,"5,992.682 ns",31.4031 ns,29.3745 ns,7.5845 ns,"6,003.020 ns","5,922.283 ns","5,978.300 ns","6,015.346 ns","6,025.934 ns","166,870.2",31.4031 ns,15.00,2.711,2.000,-0.8213,63,*,No,0.0000,1.0333,0.0000,511 B,0.0229,0.0000,2632 B
FromGZipStringAsync,Job-XJVIUY,False,True,Default,Default,Default,Default,Default,111111111111,Empty,RyuJit,Default,X64,8c5e7fda-e8bf-4a96-9a85-a6e23a8c635c,.NET 8.0,False,True,False,True,Default,Default,False,False,True,Default,Default,Default,Default,Default,Default,Default,Default,Default,Default,Default,Default,Default,Default,Default,Default,Default,16,Default,DotNetTips.Spargine.Extensions.BenchmarkTests,"**NEW**,Strings,Async",8,"7,598.172 ns",55.9886 ns,52.3718 ns,13.5223 ns,"7,597.192 ns","7,527.525 ns","7,562.225 ns","7,624.544 ns","7,716.464 ns","131,610.6",55.9886 ns,15.00,2.571,2.000,0.5286,69,*,No,0.0000,1.0296,0.0000,511 B,0.0458,0.0000,4192 B
FromGZipStringAsync,Job-XJVIUY,False,True,Default,Default,Default,Default,Default,111111111111,Empty,RyuJit,Default,X64,8c5e7fda-e8bf-4a96-9a85-a6e23a8c635c,.NET 8.0,False,True,False,True,Default,Default,False,False,True,Default,Default,Default,Default,Default,Default,Default,Default,Default,Default,Default,Default,Default,Default,Default,Default,Default,16,Default,DotNetTips.Spargine.Extensions.BenchmarkTests,"**NEW**,Strings,Async",16,"11,177.054 ns",87.8572 ns,77.8831 ns,20.8151 ns,"11,193.775 ns","11,038.313 ns","11,130.920 ns","11,221.373 ns","11,334.676 ns","89,469.0",87.8572 ns,14.00,2.350,2.000,0.0027,76,*,No,0.0000,1.0083,0.0001,511 B,0.0763,0.0000,7320 B
FromGZipStringAsync,Job-XJVIUY,False,True,Default,Default,Default,Default,Default,111111111111,Empty,RyuJit,Default,X64,8c5e7fda-e8bf-4a96-9a85-a6e23a8c635c,.NET 8.0,False,True,False,True,Default,Default,False,False,True,Default,Default,Default,Default,Default,Default,Default,Default,Default,Default,Default,Default,Default,Default,Default,Default,Default,16,Default,DotNetTips.Spargine.Extensions.BenchmarkTests,"**NEW**,Strings,Async",32,"20,611.474 ns",85.0511 ns,75.3955 ns,20.1503 ns,"20,601.512 ns","20,484.343 ns","20,565.526 ns","20,647.158 ns","20,766.951 ns","48,516.7",85.0511 ns,14.00,2.436,2.000,0.4270,86,*,No,0.0000,1.0004,0.0000,511 B,0.1221,0.0000,13576 B
FromGZipStringAsync,Job-XJVIUY,False,True,Default,Default,Default,Default,Default,111111111111,Empty,RyuJit,Default,X64,8c5e7fda-e8bf-4a96-9a85-a6e23a8c635c,.NET 8.0,False,True,False,True,Default,Default,False,False,True,Default,Default,Default,Default,Default,Default,Default,Default,Default,Default,Default,Default,Default,Default,Default,Default,Default,16,Default,DotNetTips.Spargine.Extensions.BenchmarkTests,"**NEW**,Strings,Async",64,"33,058.111 ns",285.1930 ns,266.7697 ns,68.8796 ns,"33,131.198 ns","32,676.877 ns","32,798.416 ns","33,215.161 ns","33,495.639 ns","30,249.8",285.1930 ns,15.00,1.611,2.000,0.0013,93,*,No,0.0000,1.0004,0.0000,511 B,0.2441,0.0000,26009 B
FromGZipStringAsync,Job-XJVIUY,False,True,Default,Default,Default,Default,Default,111111111111,Empty,RyuJit,Default,X64,8c5e7fda-e8bf-4a96-9a85-a6e23a8c635c,.NET 8.0,False,True,False,True,Default,Default,False,False,True,Default,Default,Default,Default,Default,Default,Default,Default,Default,Default,Default,Default,Default,Default,Default,Default,Default,16,Default,DotNetTips.Spargine.Extensions.BenchmarkTests,"**NEW**,Strings,Async",128,"58,516.234 ns",416.9060 ns,369.5763 ns,98.7734 ns,"58,409.888 ns","57,890.521 ns","58,283.878 ns","58,754.565 ns","59,116.168 ns","17,089.3",416.9060 ns,14.00,1.824,2.000,0.2518,96,*,No,0.0000,1.0001,0.0000,511 B,0.4883,0.0000,50793 B
FromGZipStringAsync,Job-XJVIUY,False,True,Default,Default,Default,Default,Default,111111111111,Empty,RyuJit,Default,X64,8c5e7fda-e8bf-4a96-9a85-a6e23a8c635c,.NET 8.0,False,True,False,True,Default,Default,False,False,True,Default,Default,Default,Default,Default,Default,Default,Default,Default,Default,Default,Default,Default,Default,Default,Default,Default,16,Default,DotNetTips.Spargine.Extensions.BenchmarkTests,"**NEW**,Strings,Async",256,"109,661.107 ns","1,101.7199 ns",976.6460 ns,261.0196 ns,"109,450.183 ns","107,822.083 ns","109,106.415 ns","110,026.276 ns","111,783.484 ns","9,119.0","1,101.7199 ns",14.00,2.852,2.000,0.4014,102,*,No,0.0000,1.0005,0.0000,511 B,0.9766,0.0000,100298 B
RemoveCRLF,Job-XJVIUY,False,True,Default,Default,Default,Default,Default,111111111111,Empty,RyuJit,Default,X64,8c5e7fda-e8bf-4a96-9a85-a6e23a8c635c,.NET 8.0,False,True,False,True,Default,Default,False,False,True,Default,Default,Default,Default,Default,Default,Default,Default,Default,Default,Default,Default,Default,Default,Default,Default,Default,16,Default,DotNetTips.Spargine.Extensions.BenchmarkTests,Strings,2,883.889 ns,4.3629 ns,4.0811 ns,1.0537 ns,883.925 ns,875.633 ns,881.588 ns,886.719 ns,890.645 ns,"1,131,363.8",4.3629 ns,15.00,2.197,2.000,-0.1845,30,*,No,0.0000,0.0000,0.0000,"5,237 B",0.0086,0.0000,800 B
RemoveCRLF,Job-XJVIUY,False,True,Default,Default,Default,Default,Default,111111111111,Empty,RyuJit,Default,X64,8c5e7fda-e8bf-4a96-9a85-a6e23a8c635c,.NET 8.0,False,True,False,True,Default,Default,False,False,True,Default,Default,Default,Default,Default,Default,Default,Default,Default,Default,Default,Default,Default,Default,Default,Default,Default,16,Default,DotNetTips.Spargine.Extensions.BenchmarkTests,Strings,4,"1,379.573 ns",6.5403 ns,5.4614 ns,1.5147 ns,"1,381.387 ns","1,367.826 ns","1,377.670 ns","1,382.214 ns","1,389.128 ns","724,862.1",6.5403 ns,13.00,2.774,2.000,-0.5695,36,*,No,0.0000,0.0000,0.0000,"5,237 B",0.0153,0.0000,1480 B
RemoveCRLF,Job-XJVIUY,False,True,Default,Default,Default,Default,Default,111111111111,Empty,RyuJit,Default,X64,8c5e7fda-e8bf-4a96-9a85-a6e23a8c635c,.NET 8.0,False,True,False,True,Default,Default,False,False,True,Default,Default,Default,Default,Default,Default,Default,Default,Default,Default,Default,Default,Default,Default,Default,Default,Default,16,Default,DotNetTips.Spargine.Extensions.BenchmarkTests,Strings,8,"2,417.551 ns",11.4893 ns,10.7471 ns,2.7749 ns,"2,418.077 ns","2,397.081 ns","2,411.154 ns","2,423.642 ns","2,440.487 ns","413,641.8",11.4893 ns,15.00,2.580,2.000,0.1997,47,*,No,0.0000,0.0000,0.0000,"5,237 B",0.0305,0.0000,2848 B
RemoveCRLF,Job-XJVIUY,False,True,Default,Default,Default,Default,Default,111111111111,Empty,RyuJit,Default,X64,8c5e7fda-e8bf-4a96-9a85-a6e23a8c635c,.NET 8.0,False,True,False,True,Default,Default,False,False,True,Default,Default,Default,Default,Default,Default,Default,Default,Default,Default,Default,Default,Default,Default,Default,Default,Default,16,Default,DotNetTips.Spargine.Extensions.BenchmarkTests,Strings,16,"4,518.602 ns",56.0154 ns,52.3969 ns,13.5288 ns,"4,513.804 ns","4,455.350 ns","4,473.430 ns","4,570.911 ns","4,606.191 ns","221,307.4",56.0154 ns,15.00,1.303,2.000,0.2048,57,*,No,0.0000,0.0000,0.0000,"5,243 B",0.0610,0.0000,5584 B
RemoveCRLF,Job-XJVIUY,False,True,Default,Default,Default,Default,Default,111111111111,Empty,RyuJit,Default,X64,8c5e7fda-e8bf-4a96-9a85-a6e23a8c635c,.NET 8.0,False,True,False,True,Default,Default,False,False,True,Default,Default,Default,Default,Default,Default,Default,Default,Default,Default,Default,Default,Default,Default,Default,Default,Default,16,Default,DotNetTips.Spargine.Extensions.BenchmarkTests,Strings,32,"8,587.150 ns",113.1125 ns,105.8055 ns,27.3189 ns,"8,607.108 ns","8,413.757 ns","8,492.829 ns","8,662.534 ns","8,753.953 ns","116,453.1",113.1125 ns,15.00,1.535,2.000,-0.0102,72,*,No,0.0000,0.0000,0.0000,"5,233 B",0.1068,0.0000,11056 B
RemoveCRLF,Job-XJVIUY,False,True,Default,Default,Default,Default,Default,111111111111,Empty,RyuJit,Default,X64,8c5e7fda-e8bf-4a96-9a85-a6e23a8c635c,.NET 8.0,False,True,False,True,Default,Default,False,False,True,Default,Default,Default,Default,Default,Default,Default,Default,Default,Default,Default,Default,Default,Default,Default,Default,Default,16,Default,DotNetTips.Spargine.Extensions.BenchmarkTests,Strings,64,"16,420.565 ns",140.9208 ns,131.8174 ns,34.0351 ns,"16,441.245 ns","16,216.370 ns","16,312.119 ns","16,508.173 ns","16,636.295 ns","60,899.2",140.9208 ns,15.00,1.609,2.000,0.0728,84,*,No,0.0000,0.0000,0.0000,"5,233 B",0.2441,0.0000,22000 B
RemoveCRLF,Job-XJVIUY,False,True,Default,Default,Default,Default,Default,111111111111,Empty,RyuJit,Default,X64,8c5e7fda-e8bf-4a96-9a85-a6e23a8c635c,.NET 8.0,False,True,False,True,Default,Default,False,False,True,Default,Default,Default,Default,Default,Default,Default,Default,Default,Default,Default,Default,Default,Default,Default,Default,Default,16,Default,DotNetTips.Spargine.Extensions.BenchmarkTests,Strings,128,"33,302.308 ns",596.0794 ns,557.5730 ns,143.9647 ns,"33,275.885 ns","32,570.343 ns","32,822.061 ns","33,678.918 ns","34,341.028 ns","30,027.9",596.0794 ns,15.00,1.689,2.000,0.2782,93,*,No,0.0000,0.0000,0.0000,"5,233 B",0.4883,0.0000,43888 B
RemoveCRLF,Job-XJVIUY,False,True,Default,Default,Default,Default,Default,111111111111,Empty,RyuJit,Default,X64,8c5e7fda-e8bf-4a96-9a85-a6e23a8c635c,.NET 8.0,False,True,False,True,Default,Default,False,False,True,Default,Default,Default,Default,Default,Default,Default,Default,Default,Default,Default,Default,Default,Default,Default,Default,Default,16,Default,DotNetTips.Spargine.Extensions.BenchmarkTests,Strings,256,"66,279.113 ns",560.8380 ns,524.6082 ns,135.4532 ns,"66,127.362 ns","65,159.320 ns","66,001.630 ns","66,784.845 ns","67,045.245 ns","15,087.7",560.8380 ns,15.00,2.152,2.000,-0.2929,97,*,No,0.0000,0.0000,0.0000,"5,233 B",0.9766,0.0000,87664 B
Split,Job-XJVIUY,False,True,Default,Default,Default,Default,Default,111111111111,Empty,RyuJit,Default,X64,8c5e7fda-e8bf-4a96-9a85-a6e23a8c635c,.NET 8.0,False,True,False,True,Default,Default,False,False,True,Default,Default,Default,Default,Default,Default,Default,Default,Default,Default,Default,Default,Default,Default,Default,Default,Default,16,Default,DotNetTips.Spargine.Extensions.BenchmarkTests,"**FOR COMPARISON**,Strings",2,99.935 ns,1.6067 ns,1.4243 ns,0.3807 ns,99.985 ns,97.343 ns,99.091 ns,100.422 ns,102.747 ns,"10,006,481.3",1.6067 ns,14.00,2.520,2.000,0.2793,7,*,No,0.0000,0.0000,0.0000,885 B,0.0035,0.0000,320 B
Split,Job-XJVIUY,False,True,Default,Default,Default,Default,Default,111111111111,Empty,RyuJit,Default,X64,8c5e7fda-e8bf-4a96-9a85-a6e23a8c635c,.NET 8.0,False,True,False,True,Default,Default,False,False,True,Default,Default,Default,Default,Default,Default,Default,Default,Default,Default,Default,Default,Default,Default,Default,Default,Default,16,Default,DotNetTips.Spargine.Extensions.BenchmarkTests,"**FOR COMPARISON**,Strings",4,178.541 ns,3.4968 ns,3.8867 ns,0.8917 ns,176.806 ns,174.994 ns,175.596 ns,180.482 ns,187.008 ns,"5,600,949.2",3.4968 ns,19.00,2.437,2.000,0.9648,11,*,No,0.0000,0.0000,0.0000,885 B,0.0064,0.0000,608 B
Split,Job-XJVIUY,False,True,Default,Default,Default,Default,Default,111111111111,Empty,RyuJit,Default,X64,8c5e7fda-e8bf-4a96-9a85-a6e23a8c635c,.NET 8.0,False,True,False,True,Default,Default,False,False,True,Default,Default,Default,Default,Default,Default,Default,Default,Default,Default,Default,Default,Default,Default,Default,Default,Default,16,Default,DotNetTips.Spargine.Extensions.BenchmarkTests,"**FOR COMPARISON**,Strings",8,327.969 ns,2.5629 ns,2.1401 ns,0.5936 ns,327.668 ns,324.311 ns,326.876 ns,328.990 ns,331.459 ns,"3,049,072.9",2.5629 ns,13.00,1.946,2.000,0.0703,17,*,No,0.0000,0.0000,0.0000,885 B,0.0129,0.0000,1184 B
Split,Job-XJVIUY,False,True,Default,Default,Default,Default,Default,111111111111,Empty,RyuJit,Default,X64,8c5e7fda-e8bf-4a96-9a85-a6e23a8c635c,.NET 8.0,False,True,False,True,Default,Default,False,False,True,Default,Default,Default,Default,Default,Default,Default,Default,Default,Default,Default,Default,Default,Default,Default,Default,Default,16,Default,DotNetTips.Spargine.Extensions.BenchmarkTests,"**FOR COMPARISON**,Strings",16,620.930 ns,5.3629 ns,4.7540 ns,1.2706 ns,619.967 ns,615.131 ns,618.082 ns,623.374 ns,632.325 ns,"1,610,487.5",5.3629 ns,14.00,2.907,2.000,0.7755,25,*,No,0.0000,0.0000,0.0000,885 B,0.0248,0.0000,2336 B
Split,Job-XJVIUY,False,True,Default,Default,Default,Default,Default,111111111111,Empty,RyuJit,Default,X64,8c5e7fda-e8bf-4a96-9a85-a6e23a8c635c,.NET 8.0,False,True,False,True,Default,Default,False,False,True,Default,Default,Default,Default,Default,Default,Default,Default,Default,Default,Default,Default,Default,Default,Default,Default,Default,16,Default,DotNetTips.Spargine.Extensions.BenchmarkTests,"**FOR COMPARISON**,Strings",32,"1,197.188 ns",23.2739 ns,31.8575 ns,6.2478 ns,"1,182.148 ns","1,159.710 ns","1,171.773 ns","1,236.422 ns","1,246.703 ns","835,291.0",23.2739 ns,26.00,1.379,3.059,0.5041,34,*,No,0.0000,0.0000,0.0000,885 B,0.0496,0.0000,4640 B
Split,Job-XJVIUY,False,True,Default,Default,Default,Default,Default,111111111111,Empty,RyuJit,Default,X64,8c5e7fda-e8bf-4a96-9a85-a6e23a8c635c,.NET 8.0,False,True,False,True,Default,Default,False,False,True,Default,Default,Default,Default,Default,Default,Default,Default,Default,Default,Default,Default,Default,Default,Default,Default,Default,16,Default,DotNetTips.Spargine.Extensions.BenchmarkTests,"**FOR COMPARISON**,Strings",64,"2,334.996 ns",14.3475 ns,13.4206 ns,3.4652 ns,"2,337.075 ns","2,314.345 ns","2,324.804 ns","2,342.170 ns","2,360.702 ns","428,266.3",14.3475 ns,15.00,1.923,2.000,0.2178,46,*,No,0.0000,0.0000,0.0000,885 B,0.0992,0.0000,9248 B
Split,Job-XJVIUY,False,True,Default,Default,Default,Default,Default,111111111111,Empty,RyuJit,Default,X64,8c5e7fda-e8bf-4a96-9a85-a6e23a8c635c,.NET 8.0,False,True,False,True,Default,Default,False,False,True,Default,Default,Default,Default,Default,Default,Default,Default,Default,Default,Default,Default,Default,Default,Default,Default,Default,16,Default,DotNetTips.Spargine.Extensions.BenchmarkTests,"**FOR COMPARISON**,Strings",128,"4,594.048 ns",35.1831 ns,31.1889 ns,8.3356 ns,"4,593.139 ns","4,547.801 ns","4,567.242 ns","4,616.798 ns","4,649.691 ns","217,673.0",35.1831 ns,14.00,1.704,2.000,0.2587,57,*,No,0.0000,0.0000,0.0000,885 B,0.1984,0.0000,18464 B
Split,Job-XJVIUY,False,True,Default,Default,Default,Default,Default,111111111111,Empty,RyuJit,Default,X64,8c5e7fda-e8bf-4a96-9a85-a6e23a8c635c,.NET 8.0,False,True,False,True,Default,Default,False,False,True,Default,Default,Default,Default,Default,Default,Default,Default,Default,Default,Default,Default,Default,Default,Default,Default,Default,16,Default,DotNetTips.Spargine.Extensions.BenchmarkTests,"**FOR COMPARISON**,Strings",256,"9,330.962 ns",66.2521 ns,58.7307 ns,15.6964 ns,"9,338.416 ns","9,194.726 ns","9,310.915 ns","9,367.688 ns","9,418.986 ns","107,170.1",66.2521 ns,14.00,2.977,2.000,-0.7641,74,*,No,0.0000,0.0000,0.0000,885 B,0.3967,0.0153,36896 B
SplitLines,Job-XJVIUY,False,True,Default,Default,Default,Default,Default,111111111111,Empty,RyuJit,Default,X64,8c5e7fda-e8bf-4a96-9a85-a6e23a8c635c,.NET 8.0,False,True,False,True,Default,Default,False,False,True,Default,Default,Default,Default,Default,Default,Default,Default,Default,Default,Default,Default,Default,Default,Default,Default,Default,16,Default,DotNetTips.Spargine.Extensions.BenchmarkTests,Strings,2,110.391 ns,0.8536 ns,0.7128 ns,0.1977 ns,110.131 ns,109.389 ns,109.994 ns,110.834 ns,111.701 ns,"9,058,708.1",0.8536 ns,13.00,1.904,2.000,0.3739,9,*,No,0.0000,0.0000,0.0000,"3,060 B",0.0056,0.0000,520 B
SplitLines,Job-XJVIUY,False,True,Default,Default,Default,Default,Default,111111111111,Empty,RyuJit,Default,X64,8c5e7fda-e8bf-4a96-9a85-a6e23a8c635c,.NET 8.0,False,True,False,True,Default,Default,False,False,True,Default,Default,Default,Default,Default,Default,Default,Default,Default,Default,Default,Default,Default,Default,Default,Default,Default,16,Default,DotNetTips.Spargine.Extensions.BenchmarkTests,Strings,4,207.371 ns,3.1936 ns,3.8018 ns,0.8296 ns,205.799 ns,204.676 ns,205.614 ns,207.080 ns,219.774 ns,"4,822,282.2",3.1936 ns,21.00,6.571,2.000,2.1345,12,*,No,0.0000,0.0000,0.0000,"3,113 B",0.0110,0.0000,1024 B
SplitLines,Job-XJVIUY,False,True,Default,Default,Default,Default,Default,111111111111,Empty,RyuJit,Default,X64,8c5e7fda-e8bf-4a96-9a85-a6e23a8c635c,.NET 8.0,False,True,False,True,Default,Default,False,False,True,Default,Default,Default,Default,Default,Default,Default,Default,Default,Default,Default,Default,Default,Default,Default,Default,Default,16,Default,DotNetTips.Spargine.Extensions.BenchmarkTests,Strings,8,404.953 ns,2.3500 ns,2.1982 ns,0.5676 ns,404.965 ns,401.094 ns,403.505 ns,406.609 ns,409.246 ns,"2,469,421.7",2.3500 ns,15.00,2.053,2.000,0.1653,20,*,No,0.0000,0.0000,0.0000,"3,141 B",0.0219,0.0000,2024 B
SplitLines,Job-XJVIUY,False,True,Default,Default,Default,Default,Default,111111111111,Empty,RyuJit,Default,X64,8c5e7fda-e8bf-4a96-9a85-a6e23a8c635c,.NET 8.0,False,True,False,True,Default,Default,False,False,True,Default,Default,Default,Default,Default,Default,Default,Default,Default,Default,Default,Default,Default,Default,Default,Default,Default,16,Default,DotNetTips.Spargine.Extensions.BenchmarkTests,Strings,16,792.072 ns,5.1887 ns,4.5996 ns,1.2293 ns,791.333 ns,785.893 ns,788.533 ns,794.755 ns,800.486 ns,"1,262,511.8",5.1887 ns,14.00,1.968,2.000,0.5714,27,*,No,0.0000,0.0000,0.0000,"3,097 B",0.0439,0.0000,4024 B
SplitLines,Job-XJVIUY,False,True,Default,Default,Default,Default,Default,111111111111,Empty,RyuJit,Default,X64,8c5e7fda-e8bf-4a96-9a85-a6e23a8c635c,.NET 8.0,False,True,False,True,Default,Default,False,False,True,Default,Default,Default,Default,Default,Default,Default,Default,Default,Default,Default,Default,Default,Default,Default,Default,Default,16,Default,DotNetTips.Spargine.Extensions.BenchmarkTests,Strings,32,"1,567.621 ns",11.0817 ns,10.3658 ns,2.6764 ns,"1,567.095 ns","1,552.659 ns","1,559.872 ns","1,573.839 ns","1,586.865 ns","637,909.1",11.0817 ns,15.00,1.859,2.000,0.2879,39,*,No,0.0000,0.0000,0.0000,"3,091 B",0.0877,0.0000,8024 B
SplitLines,Job-XJVIUY,False,True,Default,Default,Default,Default,Default,111111111111,Empty,RyuJit,Default,X64,8c5e7fda-e8bf-4a96-9a85-a6e23a8c635c,.NET 8.0,False,True,False,True,Default,Default,False,False,True,Default,Default,Default,Default,Default,Default,Default,Default,Default,Default,Default,Default,Default,Default,Default,Default,Default,16,Default,DotNetTips.Spargine.Extensions.BenchmarkTests,Strings,64,"3,132.505 ns",15.1666 ns,14.1869 ns,3.6630 ns,"3,135.549 ns","3,107.328 ns","3,120.237 ns","3,143.354 ns","3,152.490 ns","319,233.3",15.1666 ns,15.00,1.640,2.000,-0.0428,52,*,No,0.0000,0.0000,0.0000,"3,091 B",0.1755,0.0000,16024 B
SplitLines,Job-XJVIUY,False,True,Default,Default,Default,Default,Default,111111111111,Empty,RyuJit,Default,X64,8c5e7fda-e8bf-4a96-9a85-a6e23a8c635c,.NET 8.0,False,True,False,True,Default,Default,False,False,True,Default,Default,Default,Default,Default,Default,Default,Default,Default,Default,Default,Default,Default,Default,Default,Default,Default,16,Default,DotNetTips.Spargine.Extensions.BenchmarkTests,Strings,128,"6,343.252 ns",41.1730 ns,38.5133 ns,9.9441 ns,"6,326.751 ns","6,282.170 ns","6,319.514 ns","6,363.104 ns","6,410.946 ns","157,647.8",41.1730 ns,15.00,1.877,2.000,0.3872,65,*,No,0.0000,0.0000,0.0000,"3,094 B",0.3510,0.0000,32024 B
SplitLines,Job-XJVIUY,False,True,Default,Default,Default,Default,Default,111111111111,Empty,RyuJit,Default,X64,8c5e7fda-e8bf-4a96-9a85-a6e23a8c635c,.NET 8.0,False,True,False,True,Default,Default,False,False,True,Default,Default,Default,Default,Default,Default,Default,Default,Default,Default,Default,Default,Default,Default,Default,Default,Default,16,Default,DotNetTips.Spargine.Extensions.BenchmarkTests,Strings,256,"12,881.537 ns",78.1231 ns,65.2363 ns,18.0933 ns,"12,858.301 ns","12,793.745 ns","12,847.806 ns","12,936.882 ns","12,983.789 ns","77,630.5",78.1231 ns,13.00,1.507,2.000,0.2571,80,*,No,0.0000,0.0000,0.0000,"3,101 B",0.7019,0.0153,64024 B
SplitRemoveEmpty,Job-XJVIUY,False,True,Default,Default,Default,Default,Default,111111111111,Empty,RyuJit,Default,X64,8c5e7fda-e8bf-4a96-9a85-a6e23a8c635c,.NET 8.0,False,True,False,True,Default,Default,False,False,True,Default,Default,Default,Default,Default,Default,Default,Default,Default,Default,Default,Default,Default,Default,Default,Default,Default,16,Default,DotNetTips.Spargine.Extensions.BenchmarkTests,Strings,2,107.136 ns,1.1568 ns,1.0255 ns,0.2741 ns,107.075 ns,105.798 ns,106.362 ns,107.680 ns,109.407 ns,"9,333,899.6",1.1568 ns,14.00,2.444,2.000,0.5888,8,*,No,0.0000,0.0000,0.0000,"3,436 B",0.0039,0.0000,368 B
SplitRemoveEmpty,Job-XJVIUY,False,True,Default,Default,Default,Default,Default,111111111111,Empty,RyuJit,Default,X64,8c5e7fda-e8bf-4a96-9a85-a6e23a8c635c,.NET 8.0,False,True,False,True,Default,Default,False,False,True,Default,Default,Default,Default,Default,Default,Default,Default,Default,Default,Default,Default,Default,Default,Default,Default,Default,16,Default,DotNetTips.Spargine.Extensions.BenchmarkTests,Strings,4,148.192 ns,0.8497 ns,0.7533 ns,0.2013 ns,148.248 ns,146.709 ns,147.658 ns,148.733 ns,149.364 ns,"6,748,005.2",0.8497 ns,14.00,1.967,2.000,-0.1903,10,*,No,0.0000,0.0000,0.0000,"3,464 B",0.0064,0.0000,600 B
SplitRemoveEmpty,Job-XJVIUY,False,True,Default,Default,Default,Default,Default,111111111111,Empty,RyuJit,Default,X64,8c5e7fda-e8bf-4a96-9a85-a6e23a8c635c,.NET 8.0,False,True,False,True,Default,Default,False,False,True,Default,Default,Default,Default,Default,Default,Default,Default,Default,Default,Default,Default,Default,Default,Default,Default,Default,16,Default,DotNetTips.Spargine.Extensions.BenchmarkTests,Strings,8,222.788 ns,1.2937 ns,1.1469 ns,0.3065 ns,222.783 ns,220.965 ns,222.195 ns,223.417 ns,225.085 ns,"4,488,571.3",1.2937 ns,14.00,2.314,2.000,0.1710,14,*,No,0.0000,0.0000,0.0000,"3,519 B",0.0114,0.0000,1056 B
SplitRemoveEmpty,Job-XJVIUY,False,True,Default,Default,Default,Default,Default,111111111111,Empty,RyuJit,Default,X64,8c5e7fda-e8bf-4a96-9a85-a6e23a8c635c,.NET 8.0,False,True,False,True,Default,Default,False,False,True,Default,Default,Default,Default,Default,Default,Default,Default,Default,Default,Default,Default,Default,Default,Default,Default,Default,16,Default,DotNetTips.Spargine.Extensions.BenchmarkTests,Strings,16,388.838 ns,1.0398 ns,0.8118 ns,0.2343 ns,388.980 ns,387.244 ns,388.229 ns,389.466 ns,389.951 ns,"2,571,762.1",1.0398 ns,12.00,1.940,2.000,-0.4295,19,*,No,0.0000,0.0000,0.0000,"3,478 B",0.0215,0.0000,1968 B
SplitRemoveEmpty,Job-XJVIUY,False,True,Default,Default,Default,Default,Default,111111111111,Empty,RyuJit,Default,X64,8c5e7fda-e8bf-4a96-9a85-a6e23a8c635c,.NET 8.0,False,True,False,True,Default,Default,False,False,True,Default,Default,Default,Default,Default,Default,Default,Default,Default,Default,Default,Default,Default,Default,Default,Default,Default,16,Default,DotNetTips.Spargine.Extensions.BenchmarkTests,Strings,32,706.799 ns,2.6979 ns,2.3916 ns,0.6392 ns,707.074 ns,701.164 ns,706.139 ns,708.189 ns,709.956 ns,"1,414,828.8",2.6979 ns,14.00,2.879,2.000,-0.7770,26,*,No,0.0000,0.0000,0.0000,"3,486 B",0.0410,0.0000,3792 B
SplitRemoveEmpty,Job-XJVIUY,False,True,Default,Default,Default,Default,Default,111111111111,Empty,RyuJit,Default,X64,8c5e7fda-e8bf-4a96-9a85-a6e23a8c635c,.NET 8.0,False,True,False,True,Default,Default,False,False,True,Default,Default,Default,Default,Default,Default,Default,Default,Default,Default,Default,Default,Default,Default,Default,Default,Default,16,Default,DotNetTips.Spargine.Extensions.BenchmarkTests,Strings,64,"1,353.886 ns",7.9684 ns,7.4536 ns,1.9245 ns,"1,350.996 ns","1,345.448 ns","1,348.236 ns","1,359.311 ns","1,370.849 ns","738,614.9",7.9684 ns,15.00,2.356,2.000,0.7510,35,*,No,0.0000,0.0000,0.0000,"3,534 B",0.0820,0.0000,7440 B
SplitRemoveEmpty,Job-XJVIUY,False,True,Default,Default,Default,Default,Default,111111111111,Empty,RyuJit,Default,X64,8c5e7fda-e8bf-4a96-9a85-a6e23a8c635c,.NET 8.0,False,True,False,True,Default,Default,False,False,True,Default,Default,Default,Default,Default,Default,Default,Default,Default,Default,Default,Default,Default,Default,Default,Default,Default,16,Default,DotNetTips.Spargine.Extensions.BenchmarkTests,Strings,128,"2,751.804 ns",22.5114 ns,21.0572 ns,5.4369 ns,"2,752.938 ns","2,710.063 ns","2,740.539 ns","2,769.061 ns","2,786.580 ns","363,398.0",22.5114 ns,15.00,2.058,2.000,-0.1857,50,*,No,0.0000,0.0000,0.0000,"3,506 B",0.1602,0.0000,14736 B
SplitRemoveEmpty,Job-XJVIUY,False,True,Default,Default,Default,Default,Default,111111111111,Empty,RyuJit,Default,X64,8c5e7fda-e8bf-4a96-9a85-a6e23a8c635c,.NET 8.0,False,True,False,True,Default,Default,False,False,True,Default,Default,Default,Default,Default,Default,Default,Default,Default,Default,Default,Default,Default,Default,Default,Default,Default,16,Default,DotNetTips.Spargine.Extensions.BenchmarkTests,Strings,256,"5,543.518 ns",34.5987 ns,30.6708 ns,8.1971 ns,"5,542.994 ns","5,482.610 ns","5,533.804 ns","5,561.187 ns","5,599.011 ns","180,390.9",34.5987 ns,14.00,2.447,2.000,-0.2451,61,*,No,0.0000,0.0000,0.0000,"3,500 B",0.3204,0.0000,29328 B
ToBase64,Job-XJVIUY,False,True,Default,Default,Default,Default,Default,111111111111,Empty,RyuJit,Default,X64,8c5e7fda-e8bf-4a96-9a85-a6e23a8c635c,.NET 8.0,False,True,False,True,Default,Default,False,False,True,Default,Default,Default,Default,Default,Default,Default,Default,Default,Default,Default,Default,Default,Default,Default,Default,Default,16,Default,DotNetTips.Spargine.Extensions.BenchmarkTests,Strings,2,596.791 ns,1.9560 ns,1.7340 ns,0.4634 ns,596.502 ns,593.927 ns,595.804 ns,598.011 ns,600.235 ns,"1,675,628.8",1.9560 ns,14.00,2.070,2.000,0.2801,24,*,No,0.0000,0.0000,0.0000,517 B,0.0401,0.0000,3688 B
ToBase64,Job-XJVIUY,False,True,Default,Default,Default,Default,Default,111111111111,Empty,RyuJit,Default,X64,8c5e7fda-e8bf-4a96-9a85-a6e23a8c635c,.NET 8.0,False,True,False,True,Default,Default,False,False,True,Default,Default,Default,Default,Default,Default,Default,Default,Default,Default,Default,Default,Default,Default,Default,Default,Default,16,Default,DotNetTips.Spargine.Extensions.BenchmarkTests,Strings,4,601.445 ns,3.8495 ns,3.4125 ns,0.9120 ns,600.778 ns,597.634 ns,599.205 ns,602.131 ns,609.203 ns,"1,662,662.2",3.8495 ns,14.00,2.765,2.000,0.9272,24,*,No,0.0000,0.0000,0.0000,539 B,0.0401,0.0000,3688 B
ToBase64,Job-XJVIUY,False,True,Default,Default,Default,Default,Default,111111111111,Empty,RyuJit,Default,X64,8c5e7fda-e8bf-4a96-9a85-a6e23a8c635c,.NET 8.0,False,True,False,True,Default,Default,False,False,True,Default,Default,Default,Default,Default,Default,Default,Default,Default,Default,Default,Default,Default,Default,Default,Default,Default,16,Default,DotNetTips.Spargine.Extensions.BenchmarkTests,Strings,8,596.780 ns,3.3782 ns,2.9947 ns,0.8004 ns,596.943 ns,592.711 ns,594.283 ns,599.333 ns,601.837 ns,"1,675,658.2",3.3782 ns,14.00,1.510,2.000,0.2488,24,*,No,0.0000,0.0000,0.0000,539 B,0.0401,0.0000,3688 B
ToBase64,Job-XJVIUY,False,True,Default,Default,Default,Default,Default,111111111111,Empty,RyuJit,Default,X64,8c5e7fda-e8bf-4a96-9a85-a6e23a8c635c,.NET 8.0,False,True,False,True,Default,Default,False,False,True,Default,Default,Default,Default,Default,Default,Default,Default,Default,Default,Default,Default,Default,Default,Default,Default,Default,16,Default,DotNetTips.Spargine.Extensions.BenchmarkTests,Strings,16,602.771 ns,4.9732 ns,4.6519 ns,1.2011 ns,600.687 ns,597.667 ns,599.389 ns,604.912 ns,612.140 ns,"1,659,003.9",4.9732 ns,15.00,2.303,2.000,0.7805,24,*,No,0.0000,0.0000,0.0000,517 B,0.0401,0.0000,3688 B
ToBase64,Job-XJVIUY,False,True,Default,Default,Default,Default,Default,111111111111,Empty,RyuJit,Default,X64,8c5e7fda-e8bf-4a96-9a85-a6e23a8c635c,.NET 8.0,False,True,False,True,Default,Default,False,False,True,Default,Default,Default,Default,Default,Default,Default,Default,Default,Default,Default,Default,Default,Default,Default,Default,Default,16,Default,DotNetTips.Spargine.Extensions.BenchmarkTests,Strings,32,601.434 ns,3.2948 ns,3.0820 ns,0.7958 ns,601.962 ns,595.024 ns,600.304 ns,603.228 ns,606.562 ns,"1,662,693.4",3.2948 ns,15.00,2.549,2.000,-0.5323,24,*,No,0.0000,0.0000,0.0000,517 B,0.0401,0.0000,3688 B
ToBase64,Job-XJVIUY,False,True,Default,Default,Default,Default,Default,111111111111,Empty,RyuJit,Default,X64,8c5e7fda-e8bf-4a96-9a85-a6e23a8c635c,.NET 8.0,False,True,False,True,Default,Default,False,False,True,Default,Default,Default,Default,Default,Default,Default,Default,Default,Default,Default,Default,Default,Default,Default,Default,Default,16,Default,DotNetTips.Spargine.Extensions.BenchmarkTests,Strings,64,595.545 ns,3.5466 ns,2.9616 ns,0.8214 ns,595.215 ns,589.281 ns,594.626 ns,596.730 ns,601.166 ns,"1,679,135.0",3.5466 ns,13.00,2.859,2.000,-0.1432,24,*,No,0.0000,0.0000,0.0000,539 B,0.0401,0.0000,3688 B
ToBase64,Job-XJVIUY,False,True,Default,Default,Default,Default,Default,111111111111,Empty,RyuJit,Default,X64,8c5e7fda-e8bf-4a96-9a85-a6e23a8c635c,.NET 8.0,False,True,False,True,Default,Default,False,False,True,Default,Default,Default,Default,Default,Default,Default,Default,Default,Default,Default,Default,Default,Default,Default,Default,Default,16,Default,DotNetTips.Spargine.Extensions.BenchmarkTests,Strings,128,601.023 ns,3.0053 ns,2.8111 ns,0.7258 ns,601.081 ns,596.364 ns,598.909 ns,603.380 ns,604.949 ns,"1,663,831.0",3.0053 ns,15.00,1.510,2.000,-0.0930,24,*,No,0.0000,0.0000,0.0000,560 B,0.0401,0.0000,3688 B
ToBase64,Job-XJVIUY,False,True,Default,Default,Default,Default,Default,111111111111,Empty,RyuJit,Default,X64,8c5e7fda-e8bf-4a96-9a85-a6e23a8c635c,.NET 8.0,False,True,False,True,Default,Default,False,False,True,Default,Default,Default,Default,Default,Default,Default,Default,Default,Default,Default,Default,Default,Default,Default,Default,Default,16,Default,DotNetTips.Spargine.Extensions.BenchmarkTests,Strings,256,600.259 ns,3.5212 ns,3.2937 ns,0.8504 ns,601.039 ns,595.623 ns,596.804 ns,602.271 ns,605.691 ns,"1,665,946.3",3.5212 ns,15.00,1.558,2.000,-0.0545,24,*,No,0.0000,0.0000,0.0000,560 B,0.0401,0.0000,3688 B
ToBrotliStringAsync,Job-XJVIUY,False,True,Default,Default,Default,Default,Default,111111111111,Empty,RyuJit,Default,X64,8c5e7fda-e8bf-4a96-9a85-a6e23a8c635c,.NET 8.0,False,True,False,True,Default,Default,False,False,True,Default,Default,Default,Default,Default,Default,Default,Default,Default,Default,Default,Default,Default,Default,Default,Default,Default,16,Default,DotNetTips.Spargine.Extensions.BenchmarkTests,"**NEW**,Strings",2,"5,909.517 ns",45.1873 ns,42.2683 ns,10.9136 ns,"5,907.208 ns","5,843.938 ns","5,881.998 ns","5,934.233 ns","6,006.660 ns","169,218.6",45.1873 ns,15.00,2.618,2.000,0.5045,62,*,No,0.0000,1.0320,0.0000,511 B,0.0153,0.0000,1864 B
ToBrotliStringAsync,Job-XJVIUY,False,True,Default,Default,Default,Default,Default,111111111111,Empty,RyuJit,Default,X64,8c5e7fda-e8bf-4a96-9a85-a6e23a8c635c,.NET 8.0,False,True,False,True,Default,Default,False,False,True,Default,Default,Default,Default,Default,Default,Default,Default,Default,Default,Default,Default,Default,Default,Default,Default,Default,16,Default,DotNetTips.Spargine.Extensions.BenchmarkTests,"**NEW**,Strings",4,"7,355.603 ns",42.2203 ns,37.4272 ns,10.0028 ns,"7,358.954 ns","7,258.495 ns","7,344.828 ns","7,382.187 ns","7,403.052 ns","135,950.8",42.2203 ns,14.00,3.704,2.000,-1.0709,68,*,No,0.0000,1.0223,0.0000,511 B,0.0153,0.0000,2472 B
ToBrotliStringAsync,Job-XJVIUY,False,True,Default,Default,Default,Default,Default,111111111111,Empty,RyuJit,Default,X64,8c5e7fda-e8bf-4a96-9a85-a6e23a8c635c,.NET 8.0,False,True,False,True,Default,Default,False,False,True,Default,Default,Default,Default,Default,Default,Default,Default,Default,Default,Default,Default,Default,Default,Default,Default,Default,16,Default,DotNetTips.Spargine.Extensions.BenchmarkTests,"**NEW**,Strings",8,"10,476.548 ns",76.5408 ns,71.5963 ns,18.4861 ns,"10,477.831 ns","10,350.500 ns","10,419.527 ns","10,523.960 ns","10,608.224 ns","95,451.3",76.5408 ns,15.00,1.996,2.000,0.1714,75,*,No,0.0000,1.0124,0.0000,511 B,0.0458,0.0000,4808 B
ToBrotliStringAsync,Job-XJVIUY,False,True,Default,Default,Default,Default,Default,111111111111,Empty,RyuJit,Default,X64,8c5e7fda-e8bf-4a96-9a85-a6e23a8c635c,.NET 8.0,False,True,False,True,Default,Default,False,False,True,Default,Default,Default,Default,Default,Default,Default,Default,Default,Default,Default,Default,Default,Default,Default,Default,Default,16,Default,DotNetTips.Spargine.Extensions.BenchmarkTests,"**NEW**,Strings",16,"18,917.569 ns",120.8804 ns,113.0716 ns,29.1950 ns,"18,909.636 ns","18,678.532 ns","18,865.977 ns","18,989.075 ns","19,099.779 ns","52,860.9",120.8804 ns,15.00,2.365,2.000,-0.1073,85,*,No,0.0000,1.0010,0.0002,511 B,0.0916,0.0000,8481 B
ToBrotliStringAsync,Job-XJVIUY,False,True,Default,Default,Default,Default,Default,111111111111,Empty,RyuJit,Default,X64,8c5e7fda-e8bf-4a96-9a85-a6e23a8c635c,.NET 8.0,False,True,False,True,Default,Default,False,False,True,Default,Default,Default,Default,Default,Default,Default,Default,Default,Default,Default,Default,Default,Default,Default,Default,Default,16,Default,DotNetTips.Spargine.Extensions.BenchmarkTests,"**NEW**,Strings",32,"28,358.198 ns",161.1697 ns,150.7583 ns,38.9256 ns,"28,377.751 ns","28,071.049 ns","28,242.903 ns","28,470.284 ns","28,568.480 ns","35,263.2",161.1697 ns,15.00,1.756,2.000,-0.2787,91,*,No,0.0000,1.0005,0.0001,511 B,0.1526,0.0000,15473 B
ToBrotliStringAsync,Job-XJVIUY,False,True,Default,Default,Default,Default,Default,111111111111,Empty,RyuJit,Default,X64,8c5e7fda-e8bf-4a96-9a85-a6e23a8c635c,.NET 8.0,False,True,False,True,Default,Default,False,False,True,Default,Default,Default,Default,Default,Default,Default,Default,Default,Default,Default,Default,Default,Default,Default,Default,Default,16,Default,DotNetTips.Spargine.Extensions.BenchmarkTests,"**NEW**,Strings",64,"46,891.995 ns",212.6053 ns,198.8711 ns,51.3483 ns,"46,886.676 ns","46,450.446 ns","46,782.260 ns","47,067.505 ns","47,220.227 ns","21,325.6",212.6053 ns,15.00,2.486,2.000,-0.3362,95,*,No,0.0000,1.0001,0.0000,511 B,0.3052,0.0000,28897 B
ToBrotliStringAsync,Job-XJVIUY,False,True,Default,Default,Default,Default,Default,111111111111,Empty,RyuJit,Default,X64,8c5e7fda-e8bf-4a96-9a85-a6e23a8c635c,.NET 8.0,False,True,False,True,Default,Default,False,False,True,Default,Default,Default,Default,Default,Default,Default,Default,Default,Default,Default,Default,Default,Default,Default,Default,Default,16,Default,DotNetTips.Spargine.Extensions.BenchmarkTests,"**NEW**,Strings",128,"85,535.535 ns",384.2760 ns,359.4520 ns,92.8101 ns,"85,429.712 ns","84,859.534 ns","85,310.468 ns","85,686.810 ns","86,204.529 ns","11,691.0",384.2760 ns,15.00,2.398,2.000,0.3198,99,*,No,0.0000,1.0004,0.0000,511 B,0.6104,0.0000,55537 B
ToBrotliStringAsync,Job-XJVIUY,False,True,Default,Default,Default,Default,Default,111111111111,Empty,RyuJit,Default,X64,8c5e7fda-e8bf-4a96-9a85-a6e23a8c635c,.NET 8.0,False,True,False,True,Default,Default,False,False,True,Default,Default,Default,Default,Default,Default,Default,Default,Default,Default,Default,Default,Default,Default,Default,Default,Default,16,Default,DotNetTips.Spargine.Extensions.BenchmarkTests,"**NEW**,Strings",256,"160,743.014 ns","1,030.9078 ns",964.3118 ns,248.9842 ns,"160,408.044 ns","159,502.600 ns","159,933.020 ns","161,558.301 ns","162,265.247 ns","6,221.1","1,030.9078 ns",15.00,1.440,2.000,0.2689,104,*,No,0.0000,1.0000,0.0000,511 B,1.2207,0.0000,108554 B
ToGZipStringAsync,Job-XJVIUY,False,True,Default,Default,Default,Default,Default,111111111111,Empty,RyuJit,Default,X64,8c5e7fda-e8bf-4a96-9a85-a6e23a8c635c,.NET 8.0,False,True,False,True,Default,Default,False,False,True,Default,Default,Default,Default,Default,Default,Default,Default,Default,Default,Default,Default,Default,Default,Default,Default,Default,16,Default,DotNetTips.Spargine.Extensions.BenchmarkTests,"**NEW**,Strings",2,"12,032.134 ns",68.0675 ns,63.6704 ns,16.4396 ns,"12,035.637 ns","11,923.509 ns","11,978.921 ns","12,071.529 ns","12,130.093 ns","83,110.8",68.0675 ns,15.00,1.764,2.000,0.2161,78,*,No,0.0000,1.0076,0.0000,511 B,0.0153,0.0000,1960 B
ToGZipStringAsync,Job-XJVIUY,False,True,Default,Default,Default,Default,Default,111111111111,Empty,RyuJit,Default,X64,8c5e7fda-e8bf-4a96-9a85-a6e23a8c635c,.NET 8.0,False,True,False,True,Default,Default,False,False,True,Default,Default,Default,Default,Default,Default,Default,Default,Default,Default,Default,Default,Default,Default,Default,Default,Default,16,Default,DotNetTips.Spargine.Extensions.BenchmarkTests,"**NEW**,Strings",4,"14,221.897 ns",146.0485 ns,136.6139 ns,35.2735 ns,"14,236.394 ns","13,953.838 ns","14,151.015 ns","14,313.306 ns","14,454.726 ns","70,314.1",146.0485 ns,15.00,2.168,2.000,-0.3443,82,*,No,0.0000,1.0057,0.0000,511 B,0.0000,0.0000,2536 B
ToGZipStringAsync,Job-XJVIUY,False,True,Default,Default,Default,Default,Default,111111111111,Empty,RyuJit,Default,X64,8c5e7fda-e8bf-4a96-9a85-a6e23a8c635c,.NET 8.0,False,True,False,True,Default,Default,False,False,True,Default,Default,Default,Default,Default,Default,Default,Default,Default,Default,Default,Default,Default,Default,Default,Default,Default,16,Default,DotNetTips.Spargine.Extensions.BenchmarkTests,"**NEW**,Strings",8,"20,688.382 ns",138.9915 ns,130.0127 ns,33.5691 ns,"20,694.711 ns","20,437.466 ns","20,629.651 ns","20,764.484 ns","20,901.935 ns","48,336.3",138.9915 ns,15.00,2.104,2.000,-0.3512,86,*,No,0.0000,1.0016,0.0001,511 B,0.0305,0.0000,4249 B
ToGZipStringAsync,Job-XJVIUY,False,True,Default,Default,Default,Default,Default,111111111111,Empty,RyuJit,Default,X64,8c5e7fda-e8bf-4a96-9a85-a6e23a8c635c,.NET 8.0,False,True,False,True,Default,Default,False,False,True,Default,Default,Default,Default,Default,Default,Default,Default,Default,Default,Default,Default,Default,Default,Default,Default,Default,16,Default,DotNetTips.Spargine.Extensions.BenchmarkTests,"**NEW**,Strings",16,"27,588.755 ns",113.9708 ns,101.0321 ns,27.0020 ns,"27,597.783 ns","27,358.316 ns","27,542.226 ns","27,646.467 ns","27,737.051 ns","36,246.7",113.9708 ns,14.00,2.817,2.000,-0.7364,90,*,No,0.0000,1.0010,0.0000,511 B,0.0916,0.0000,8561 B
ToGZipStringAsync,Job-XJVIUY,False,True,Default,Default,Default,Default,Default,111111111111,Empty,RyuJit,Default,X64,8c5e7fda-e8bf-4a96-9a85-a6e23a8c635c,.NET 8.0,False,True,False,True,Default,Default,False,False,True,Default,Default,Default,Default,Default,Default,Default,Default,Default,Default,Default,Default,Default,Default,Default,Default,Default,16,Default,DotNetTips.Spargine.Extensions.BenchmarkTests,"**NEW**,Strings",32,"46,944.598 ns",228.2943 ns,213.5466 ns,55.1375 ns,"46,969.974 ns","46,630.002 ns","46,792.352 ns","47,098.541 ns","47,321.878 ns","21,301.7",228.2943 ns,15.00,1.640,2.000,0.2109,95,*,No,0.0000,1.0024,0.0001,511 B,0.1221,0.0000,15697 B
ToGZipStringAsync,Job-XJVIUY,False,True,Default,Default,Default,Default,Default,111111111111,Empty,RyuJit,Default,X64,8c5e7fda-e8bf-4a96-9a85-a6e23a8c635c,.NET 8.0,False,True,False,True,Default,Default,False,False,True,Default,Default,Default,Default,Default,Default,Default,Default,Default,Default,Default,Default,Default,Default,Default,Default,Default,16,Default,DotNetTips.Spargine.Extensions.BenchmarkTests,"**NEW**,Strings",64,"91,101.614 ns",606.5297 ns,567.3483 ns,146.4887 ns,"91,178.656 ns","90,370.050 ns","90,610.229 ns","91,539.911 ns","92,170.135 ns","10,976.8",606.5297 ns,15.00,1.552,2.000,0.1959,101,*,No,0.0000,1.0005,0.0001,511 B,0.2441,0.0000,29330 B
ToGZipStringAsync,Job-XJVIUY,False,True,Default,Default,Default,Default,Default,111111111111,Empty,RyuJit,Default,X64,8c5e7fda-e8bf-4a96-9a85-a6e23a8c635c,.NET 8.0,False,True,False,True,Default,Default,False,False,True,Default,Default,Default,Default,Default,Default,Default,Default,Default,Default,Default,Default,Default,Default,Default,Default,Default,16,Default,DotNetTips.Spargine.Extensions.BenchmarkTests,"**NEW**,Strings",128,"168,366.109 ns",658.2966 ns,615.7710 ns,158.9914 ns,"168,253.870 ns","167,174.695 ns","167,991.382 ns","168,696.936 ns","169,574.036 ns","5,939.4",658.2966 ns,15.00,2.387,2.000,0.1361,105,*,No,0.0000,1.0007,0.0002,511 B,0.4883,0.0000,55994 B
ToGZipStringAsync,Job-XJVIUY,False,True,Default,Default,Default,Default,Default,111111111111,Empty,RyuJit,Default,X64,8c5e7fda-e8bf-4a96-9a85-a6e23a8c635c,.NET 8.0,False,True,False,True,Default,Default,False,False,True,Default,Default,Default,Default,Default,Default,Default,Default,Default,Default,Default,Default,Default,Default,Default,Default,Default,16,Default,DotNetTips.Spargine.Extensions.BenchmarkTests,"**NEW**,Strings",256,"324,984.090 ns","2,262.2263 ns","2,116.0879 ns",546.3715 ns,"325,497.437 ns","322,226.147 ns","323,359.692 ns","325,973.853 ns","329,553.345 ns","3,077.1","2,262.2263 ns",15.00,2.329,2.000,0.3316,106,*,No,0.0000,1.0005,0.0000,511 B,0.9766,0.0000,98002 B
